2026-05-04 13:21:52.022 [main] INFO  o.e.c.controller.AuthControllerTest - Starting AuthControllerTest using Java 17.0.17 with PID 8024 (started by echob in C:\Users\echob\IdeaProjects\java-proj-maven)
2026-05-04 13:21:52.036 [main] INFO  o.e.c.controller.AuthControllerTest - The following 1 profile is active: "test"
2026-05-04 13:21:55.439 [main] INFO  o.e.c.controller.AuthControllerTest - Started AuthControllerTest in 4.471 seconds (process running for 9.204)
2026-05-04 13:21:55.814 [main] INFO  o.e.chat.controller.AuthController - Registration request received for username: testuser
2026-05-04 13:21:55.817 [main] WARN  o.e.chat.controller.AuthController - Registration failed for username testuser: Username already exists
2026-05-04 13:21:55.820 [main] WARN  o.e.c.e.GlobalExceptionHandler - Illegal argument exception: Username already exists
2026-05-04 13:21:55.896 [main] INFO  o.e.chat.controller.AuthController - Registration request received for username: testuser
2026-05-04 13:21:55.898 [main] INFO  o.e.chat.controller.AuthController - User registered successfully: testuser
2026-05-04 13:21:55.922 [main] INFO  o.e.chat.controller.AuthController - Login request received for username: testuser
2026-05-04 13:21:55.926 [main] INFO  o.e.chat.controller.AuthController - User logged in successfully: testuser
2026-05-04 13:21:55.963 [main] WARN  o.e.c.e.GlobalExceptionHandler - Validation error occurred: Validation failed for argument [0] in public org.springframework.http.ResponseEntity<org.example.chat.dto.UserResponse> org.example.chat.controller.AuthController.register(org.example.chat.dto.RegisterRequest) with 6 errors: [Field error in object 'registerRequest' on field 'email': rejected value [invalid-email]; codes [Email.registerRequest.email,Email.email,Email.java.lang.String,Email]; arguments [org.springframework.context.support.DefaultMessageSourceResolvable: codes [registerRequest.email,email]; arguments []; default message [email],[Ljakarta.validation.constraints.Pattern$Flag;@1b881f1f,.*]; default message [Email must be valid]] [Field error in object 'registerRequest' on field 'displayName': rejected value []; codes [Size.registerRequest.displayName,Size.displayName,Size.java.lang.String,Size]; arguments [org.springframework.context.support.DefaultMessageSourceResolvable: codes [registerRequest.displayName,displayName]; arguments []; default message [displayName],100,1]; default message [Display name must be between 1 and 100 characters]] [Field error in object 'registerRequest' on field 'password': rejected value [short]; codes [Size.registerRequest.password,Size.password,Size.java.lang.String,Size]; arguments [org.springframework.context.support.DefaultMessageSourceResolvable: codes [registerRequest.password,password]; arguments []; default message [password],2147483647,8]; default message [Password must be at least 8 characters long]] [Field error in object 'registerRequest' on field 'displayName': rejected value []; codes [NotBlank.registerRequest.displayName,NotBlank.displayName,NotBlank.java.lang.String,NotBlank]; arguments [org.springframework.context.support.DefaultMessageSourceResolvable: codes [registerRequest.displayName,displayName]; arguments []; default message [displayName]]; default message [Display name is required]] [Field error in object 'registerRequest' on field 'username': rejected value []; codes [NotBlank.registerRequest.username,NotBlank.username,NotBlank.java.lang.String,NotBlank]; arguments [org.springframework.context.support.DefaultMessageSourceResolvable: codes [registerRequest.username,username]; arguments []; default message [username]]; default message [Username is required]] [Field error in object 'registerRequest' on field 'username': rejected value []; codes [Size.registerRequest.username,Size.username,Size.java.lang.String,Size]; arguments [org.springframework.context.support.DefaultMessageSourceResolvable: codes [registerRequest.username,username]; arguments []; default message [username],50,3]; default message [Username must be between 3 and 50 characters]] 
2026-05-04 13:21:55.984 [main] WARN  o.e.c.e.GlobalExceptionHandler - Validation error occurred: Validation failed for argument [0] in public org.springframework.http.ResponseEntity<org.example.chat.dto.LoginResponse> org.example.chat.controller.AuthController.login(org.example.chat.dto.LoginRequest): [Field error in object 'loginRequest' on field 'password': rejected value []; codes [NotBlank.loginRequest.password,NotBlank.password,NotBlank.java.lang.String,NotBlank]; arguments [org.springframework.context.support.DefaultMessageSourceResolvable: codes [loginRequest.password,password]; arguments []; default message [password]]; default message [Password is required]] 
2026-05-04 13:21:56.003 [main] INFO  o.e.chat.controller.AuthController - Login request received for username: testuser
2026-05-04 13:21:56.004 [main] WARN  o.e.chat.controller.AuthController - Login failed for username testuser: Invalid username or password
2026-05-04 13:21:56.005 [main] WARN  o.e.c.e.GlobalExceptionHandler - Illegal argument exception: Invalid username or password
2026-05-04 13:21:56.018 [main] WARN  o.e.c.e.GlobalExceptionHandler - Validation error occurred: Validation failed for argument [0] in public org.springframework.http.ResponseEntity<org.example.chat.dto.LoginResponse> org.example.chat.controller.AuthController.login(org.example.chat.dto.LoginRequest): [Field error in object 'loginRequest' on field 'username': rejected value []; codes [NotBlank.loginRequest.username,NotBlank.username,NotBlank.java.lang.String,NotBlank]; arguments [org.springframework.context.support.DefaultMessageSourceResolvable: codes [loginRequest.username,username]; arguments []; default message [username]]; default message [Username is required]] 
2026-05-04 13:21:56.443 [main] INFO  o.e.c.c.ChatMessageController - User: testuser joining room: 1
2026-05-04 13:21:56.462 [main] INFO  o.e.c.c.ChatMessageController - User: nonexistent leaving room: 1
2026-05-04 13:21:56.470 [main] ERROR o.e.c.c.ChatMessageController - Error processing STOMP message for user: testuser
java.lang.RuntimeException: Test error
	at org.example.chat.controller.ChatMessageControllerTest.handleException_WithPrincipal_ReturnsErrorResponse(ChatMessageControllerTest.java:198)
	at java.base/jdk.internal.reflect.NativeMethodAccessorImpl.invoke0(Native Method)
	at java.base/jdk.internal.reflect.NativeMethodAccessorImpl.invoke(NativeMethodAccessorImpl.java:77)
	at java.base/jdk.internal.reflect.DelegatingMethodAccessorImpl.invoke(DelegatingMethodAccessorImpl.java:43)
	at java.base/java.lang.reflect.Method.invoke(Method.java:569)
	at org.junit.platform.commons.util.ReflectionUtils.invokeMethod(ReflectionUtils.java:767)
	at org.junit.jupiter.engine.execution.MethodInvocation.proceed(MethodInvocation.java:60)
	at org.junit.jupiter.engine.execution.InvocationInterceptorChain$ValidatingInvocation.proceed(InvocationInterceptorChain.java:131)
	at org.junit.jupiter.engine.extension.TimeoutExtension.intercept(TimeoutExtension.java:156)
	at org.junit.jupiter.engine.extension.TimeoutExtension.interceptTestableMethod(TimeoutExtension.java:147)
	at org.junit.jupiter.engine.extension.TimeoutExtension.interceptTestMethod(TimeoutExtension.java:86)
	at org.junit.jupiter.engine.execution.InterceptingExecutableInvoker$ReflectiveInterceptorCall.lambda$ofVoidMethod$0(InterceptingExecutableInvoker.java:103)
	at org.junit.jupiter.engine.execution.InterceptingExecutableInvoker.lambda$invoke$0(InterceptingExecutableInvoker.java:93)
	at org.junit.jupiter.engine.execution.InvocationInterceptorChain$InterceptedInvocation.proceed(InvocationInterceptorChain.java:106)
	at org.junit.jupiter.engine.execution.InvocationInterceptorChain.proceed(InvocationInterceptorChain.java:64)
	at org.junit.jupiter.engine.execution.InvocationInterceptorChain.chainAndInvoke(InvocationInterceptorChain.java:45)
	at org.junit.jupiter.engine.execution.InvocationInterceptorChain.invoke(InvocationInterceptorChain.java:37)
	at org.junit.jupiter.engine.execution.InterceptingExecutableInvoker.invoke(InterceptingExecutableInvoker.java:92)
	at org.junit.jupiter.engine.execution.InterceptingExecutableInvoker.invoke(InterceptingExecutableInvoker.java:86)
	at org.junit.jupiter.engine.descriptor.TestMethodTestDescriptor.lambda$invokeTestMethod$8(TestMethodTestDescriptor.java:217)
	at org.junit.platform.engine.support.hierarchical.ThrowableCollector.execute(ThrowableCollector.java:73)
	at org.junit.jupiter.engine.descriptor.TestMethodTestDescriptor.invokeTestMethod(TestMethodTestDescriptor.java:213)
	at org.junit.jupiter.engine.descriptor.TestMethodTestDescriptor.execute(TestMethodTestDescriptor.java:138)
	at org.junit.jupiter.engine.descriptor.TestMethodTestDescriptor.execute(TestMethodTestDescriptor.java:68)
	at org.junit.platform.engine.support.hierarchical.NodeTestTask.lambda$executeRecursively$6(NodeTestTask.java:156)
	at org.junit.platform.engine.support.hierarchical.ThrowableCollector.execute(ThrowableCollector.java:73)
	at org.junit.platform.engine.support.hierarchical.NodeTestTask.lambda$executeRecursively$8(NodeTestTask.java:146)
	at org.junit.platform.engine.support.hierarchical.Node.around(Node.java:137)
	at org.junit.platform.engine.support.hierarchical.NodeTestTask.lambda$executeRecursively$9(NodeTestTask.java:144)
	at org.junit.platform.engine.support.hierarchical.ThrowableCollector.execute(ThrowableCollector.java:73)
	at org.junit.platform.engine.support.hierarchical.NodeTestTask.executeRecursively(NodeTestTask.java:143)
	at org.junit.platform.engine.support.hierarchical.NodeTestTask.execute(NodeTestTask.java:100)
	at java.base/java.util.ArrayList.forEach(ArrayList.java:1511)
	at org.junit.platform.engine.support.hierarchical.SameThreadHierarchicalTestExecutorService.invokeAll(SameThreadHierarchicalTestExecutorService.java:41)
	at org.junit.platform.engine.support.hierarchical.NodeTestTask.lambda$executeRecursively$6(NodeTestTask.java:160)
	at org.junit.platform.engine.support.hierarchical.ThrowableCollector.execute(ThrowableCollector.java:73)
	at org.junit.platform.engine.support.hierarchical.NodeTestTask.lambda$executeRecursively$8(NodeTestTask.java:146)
	at org.junit.platform.engine.support.hierarchical.Node.around(Node.java:137)
	at org.junit.platform.engine.support.hierarchical.NodeTestTask.lambda$executeRecursively$9(NodeTestTask.java:144)
	at org.junit.platform.engine.support.hierarchical.ThrowableCollector.execute(ThrowableCollector.java:73)
	at org.junit.platform.engine.support.hierarchical.NodeTestTask.executeRecursively(NodeTestTask.java:143)
	at org.junit.platform.engine.support.hierarchical.NodeTestTask.execute(NodeTestTask.java:100)
	at java.base/java.util.ArrayList.forEach(ArrayList.java:1511)
	at org.junit.platform.engine.support.hierarchical.SameThreadHierarchicalTestExecutorService.invokeAll(SameThreadHierarchicalTestExecutorService.java:41)
	at org.junit.platform.engine.support.hierarchical.NodeTestTask.lambda$executeRecursively$6(NodeTestTask.java:160)
	at org.junit.platform.engine.support.hierarchical.ThrowableCollector.execute(ThrowableCollector.java:73)
	at org.junit.platform.engine.support.hierarchical.NodeTestTask.lambda$executeRecursively$8(NodeTestTask.java:146)
	at org.junit.platform.engine.support.hierarchical.Node.around(Node.java:137)
	at org.junit.platform.engine.support.hierarchical.NodeTestTask.lambda$executeRecursively$9(NodeTestTask.java:144)
	at org.junit.platform.engine.support.hierarchical.ThrowableCollector.execute(ThrowableCollector.java:73)
	at org.junit.platform.engine.support.hierarchical.NodeTestTask.executeRecursively(NodeTestTask.java:143)
	at org.junit.platform.engine.support.hierarchical.NodeTestTask.execute(NodeTestTask.java:100)
	at org.junit.platform.engine.support.hierarchical.SameThreadHierarchicalTestExecutorService.submit(SameThreadHierarchicalTestExecutorService.java:35)
	at org.junit.platform.engine.support.hierarchical.HierarchicalTestExecutor.execute(HierarchicalTestExecutor.java:57)
	at org.junit.platform.engine.support.hierarchical.HierarchicalTestEngine.execute(HierarchicalTestEngine.java:54)
	at org.junit.platform.launcher.core.EngineExecutionOrchestrator.execute(EngineExecutionOrchestrator.java:198)
	at org.junit.platform.launcher.core.EngineExecutionOrchestrator.execute(EngineExecutionOrchestrator.java:169)
	at org.junit.platform.launcher.core.EngineExecutionOrchestrator.execute(EngineExecutionOrchestrator.java:93)
	at org.junit.platform.launcher.core.EngineExecutionOrchestrator.lambda$execute$0(EngineExecutionOrchestrator.java:58)
	at org.junit.platform.launcher.core.EngineExecutionOrchestrator.withInterceptedStreams(EngineExecutionOrchestrator.java:141)
	at org.junit.platform.launcher.core.EngineExecutionOrchestrator.execute(EngineExecutionOrchestrator.java:57)
	at org.junit.platform.launcher.core.DefaultLauncher.execute(DefaultLauncher.java:103)
	at org.junit.platform.launcher.core.DefaultLauncher.execute(DefaultLauncher.java:85)
	at org.junit.platform.launcher.core.DelegatingLauncher.execute(DelegatingLauncher.java:47)
	at org.apache.maven.surefire.junitplatform.LazyLauncher.execute(LazyLauncher.java:56)
	at org.apache.maven.surefire.junitplatform.JUnitPlatformProvider.execute(JUnitPlatformProvider.java:184)
	at org.apache.maven.surefire.junitplatform.JUnitPlatformProvider.invokeAllTests(JUnitPlatformProvider.java:148)
	at org.apache.maven.surefire.junitplatform.JUnitPlatformProvider.invoke(JUnitPlatformProvider.java:122)
	at org.apache.maven.surefire.booter.ForkedBooter.runSuitesInProcess(ForkedBooter.java:385)
	at org.apache.maven.surefire.booter.ForkedBooter.execute(ForkedBooter.java:162)
	at org.apache.maven.surefire.booter.ForkedBooter.run(ForkedBooter.java:507)
	at org.apache.maven.surefire.booter.ForkedBooter.main(ForkedBooter.java:495)
2026-05-04 13:21:56.485 [main] ERROR o.e.c.c.ChatMessageController - Error processing STOMP message for user: unknown
java.lang.RuntimeException: Test error
	at org.example.chat.controller.ChatMessageControllerTest.handleException_WithoutPrincipal_ReturnsErrorResponse(ChatMessageControllerTest.java:214)
	at java.base/jdk.internal.reflect.NativeMethodAccessorImpl.invoke0(Native Method)
	at java.base/jdk.internal.reflect.NativeMethodAccessorImpl.invoke(NativeMethodAccessorImpl.java:77)
	at java.base/jdk.internal.reflect.DelegatingMethodAccessorImpl.invoke(DelegatingMethodAccessorImpl.java:43)
	at java.base/java.lang.reflect.Method.invoke(Method.java:569)
	at org.junit.platform.commons.util.ReflectionUtils.invokeMethod(ReflectionUtils.java:767)
	at org.junit.jupiter.engine.execution.MethodInvocation.proceed(MethodInvocation.java:60)
	at org.junit.jupiter.engine.execution.InvocationInterceptorChain$ValidatingInvocation.proceed(InvocationInterceptorChain.java:131)
	at org.junit.jupiter.engine.extension.TimeoutExtension.intercept(TimeoutExtension.java:156)
	at org.junit.jupiter.engine.extension.TimeoutExtension.interceptTestableMethod(TimeoutExtension.java:147)
	at org.junit.jupiter.engine.extension.TimeoutExtension.interceptTestMethod(TimeoutExtension.java:86)
	at org.junit.jupiter.engine.execution.InterceptingExecutableInvoker$ReflectiveInterceptorCall.lambda$ofVoidMethod$0(InterceptingExecutableInvoker.java:103)
	at org.junit.jupiter.engine.execution.InterceptingExecutableInvoker.lambda$invoke$0(InterceptingExecutableInvoker.java:93)
	at org.junit.jupiter.engine.execution.InvocationInterceptorChain$InterceptedInvocation.proceed(InvocationInterceptorChain.java:106)
	at org.junit.jupiter.engine.execution.InvocationInterceptorChain.proceed(InvocationInterceptorChain.java:64)
	at org.junit.jupiter.engine.execution.InvocationInterceptorChain.chainAndInvoke(InvocationInterceptorChain.java:45)
	at org.junit.jupiter.engine.execution.InvocationInterceptorChain.invoke(InvocationInterceptorChain.java:37)
	at org.junit.jupiter.engine.execution.InterceptingExecutableInvoker.invoke(InterceptingExecutableInvoker.java:92)
	at org.junit.jupiter.engine.execution.InterceptingExecutableInvoker.invoke(InterceptingExecutableInvoker.java:86)
	at org.junit.jupiter.engine.descriptor.TestMethodTestDescriptor.lambda$invokeTestMethod$8(TestMethodTestDescriptor.java:217)
	at org.junit.platform.engine.support.hierarchical.ThrowableCollector.execute(ThrowableCollector.java:73)
	at org.junit.jupiter.engine.descriptor.TestMethodTestDescriptor.invokeTestMethod(TestMethodTestDescriptor.java:213)
	at org.junit.jupiter.engine.descriptor.TestMethodTestDescriptor.execute(TestMethodTestDescriptor.java:138)
	at org.junit.jupiter.engine.descriptor.TestMethodTestDescriptor.execute(TestMethodTestDescriptor.java:68)
	at org.junit.platform.engine.support.hierarchical.NodeTestTask.lambda$executeRecursively$6(NodeTestTask.java:156)
	at org.junit.platform.engine.support.hierarchical.ThrowableCollector.execute(ThrowableCollector.java:73)
	at org.junit.platform.engine.support.hierarchical.NodeTestTask.lambda$executeRecursively$8(NodeTestTask.java:146)
	at org.junit.platform.engine.support.hierarchical.Node.around(Node.java:137)
	at org.junit.platform.engine.support.hierarchical.NodeTestTask.lambda$executeRecursively$9(NodeTestTask.java:144)
	at org.junit.platform.engine.support.hierarchical.ThrowableCollector.execute(ThrowableCollector.java:73)
	at org.junit.platform.engine.support.hierarchical.NodeTestTask.executeRecursively(NodeTestTask.java:143)
	at org.junit.platform.engine.support.hierarchical.NodeTestTask.execute(NodeTestTask.java:100)
	at java.base/java.util.ArrayList.forEach(ArrayList.java:1511)
	at org.junit.platform.engine.support.hierarchical.SameThreadHierarchicalTestExecutorService.invokeAll(SameThreadHierarchicalTestExecutorService.java:41)
	at org.junit.platform.engine.support.hierarchical.NodeTestTask.lambda$executeRecursively$6(NodeTestTask.java:160)
	at org.junit.platform.engine.support.hierarchical.ThrowableCollector.execute(ThrowableCollector.java:73)
	at org.junit.platform.engine.support.hierarchical.NodeTestTask.lambda$executeRecursively$8(NodeTestTask.java:146)
	at org.junit.platform.engine.support.hierarchical.Node.around(Node.java:137)
	at org.junit.platform.engine.support.hierarchical.NodeTestTask.lambda$executeRecursively$9(NodeTestTask.java:144)
	at org.junit.platform.engine.support.hierarchical.ThrowableCollector.execute(ThrowableCollector.java:73)
	at org.junit.platform.engine.support.hierarchical.NodeTestTask.executeRecursively(NodeTestTask.java:143)
	at org.junit.platform.engine.support.hierarchical.NodeTestTask.execute(NodeTestTask.java:100)
	at java.base/java.util.ArrayList.forEach(ArrayList.java:1511)
	at org.junit.platform.engine.support.hierarchical.SameThreadHierarchicalTestExecutorService.invokeAll(SameThreadHierarchicalTestExecutorService.java:41)
	at org.junit.platform.engine.support.hierarchical.NodeTestTask.lambda$executeRecursively$6(NodeTestTask.java:160)
	at org.junit.platform.engine.support.hierarchical.ThrowableCollector.execute(ThrowableCollector.java:73)
	at org.junit.platform.engine.support.hierarchical.NodeTestTask.lambda$executeRecursively$8(NodeTestTask.java:146)
	at org.junit.platform.engine.support.hierarchical.Node.around(Node.java:137)
	at org.junit.platform.engine.support.hierarchical.NodeTestTask.lambda$executeRecursively$9(NodeTestTask.java:144)
	at org.junit.platform.engine.support.hierarchical.ThrowableCollector.execute(ThrowableCollector.java:73)
	at org.junit.platform.engine.support.hierarchical.NodeTestTask.executeRecursively(NodeTestTask.java:143)
	at org.junit.platform.engine.support.hierarchical.NodeTestTask.execute(NodeTestTask.java:100)
	at org.junit.platform.engine.support.hierarchical.SameThreadHierarchicalTestExecutorService.submit(SameThreadHierarchicalTestExecutorService.java:35)
	at org.junit.platform.engine.support.hierarchical.HierarchicalTestExecutor.execute(HierarchicalTestExecutor.java:57)
	at org.junit.platform.engine.support.hierarchical.HierarchicalTestEngine.execute(HierarchicalTestEngine.java:54)
	at org.junit.platform.launcher.core.EngineExecutionOrchestrator.execute(EngineExecutionOrchestrator.java:198)
	at org.junit.platform.launcher.core.EngineExecutionOrchestrator.execute(EngineExecutionOrchestrator.java:169)
	at org.junit.platform.launcher.core.EngineExecutionOrchestrator.execute(EngineExecutionOrchestrator.java:93)
	at org.junit.platform.launcher.core.EngineExecutionOrchestrator.lambda$execute$0(EngineExecutionOrchestrator.java:58)
	at org.junit.platform.launcher.core.EngineExecutionOrchestrator.withInterceptedStreams(EngineExecutionOrchestrator.java:141)
	at org.junit.platform.launcher.core.EngineExecutionOrchestrator.execute(EngineExecutionOrchestrator.java:57)
	at org.junit.platform.launcher.core.DefaultLauncher.execute(DefaultLauncher.java:103)
	at org.junit.platform.launcher.core.DefaultLauncher.execute(DefaultLauncher.java:85)
	at org.junit.platform.launcher.core.DelegatingLauncher.execute(DelegatingLauncher.java:47)
	at org.apache.maven.surefire.junitplatform.LazyLauncher.execute(LazyLauncher.java:56)
	at org.apache.maven.surefire.junitplatform.JUnitPlatformProvider.execute(JUnitPlatformProvider.java:184)
	at org.apache.maven.surefire.junitplatform.JUnitPlatformProvider.invokeAllTests(JUnitPlatformProvider.java:148)
	at org.apache.maven.surefire.junitplatform.JUnitPlatformProvider.invoke(JUnitPlatformProvider.java:122)
	at org.apache.maven.surefire.booter.ForkedBooter.runSuitesInProcess(ForkedBooter.java:385)
	at org.apache.maven.surefire.booter.ForkedBooter.execute(ForkedBooter.java:162)
	at org.apache.maven.surefire.booter.ForkedBooter.run(ForkedBooter.java:507)
	at org.apache.maven.surefire.booter.ForkedBooter.main(ForkedBooter.java:495)
2026-05-04 13:21:56.496 [main] INFO  o.e.c.c.ChatMessageController - Received message from user: testuser for room: 1
2026-05-04 13:21:56.498 [main] INFO  o.e.c.c.ChatMessageController - Message sent successfully by user: testuser to room: 1
2026-05-04 13:21:56.506 [main] INFO  o.e.c.c.ChatMessageController - User: testuser joining room: 1
2026-05-04 13:21:56.509 [main] INFO  o.e.c.c.ChatMessageController - User: testuser successfully joined room: 1
2026-05-04 13:21:56.567 [main] INFO  o.e.c.c.ChatMessageController - User: testuser leaving room: 1
2026-05-04 13:21:56.574 [main] INFO  o.e.c.c.ChatMessageController - User: testuser leaving room: 1
2026-05-04 13:21:56.575 [main] INFO  o.e.c.c.ChatMessageController - User: testuser successfully left room: 1
2026-05-04 13:21:56.584 [main] INFO  o.e.c.c.ChatMessageController - User: nonexistent joining room: 1
2026-05-04 13:21:56.595 [main] INFO  o.e.c.c.ChatMessageController - Received message from user: nonexistent for room: 1
2026-05-04 13:21:56.729 [main] INFO  o.e.c.c.ChatRoomControllerTest - Starting ChatRoomControllerTest using Java 17.0.17 with PID 8024 (started by echob in C:\Users\echob\IdeaProjects\java-proj-maven)
2026-05-04 13:21:56.730 [main] INFO  o.e.c.c.ChatRoomControllerTest - The following 1 profile is active: "test"
2026-05-04 13:21:57.776 [main] INFO  o.e.c.c.ChatRoomControllerTest - Started ChatRoomControllerTest in 1.128 seconds (process running for 11.542)
2026-05-04 13:21:57.844 [main] INFO  o.e.c.controller.ChatRoomController - Room creation request received: Test Room by user: testuser
2026-05-04 13:21:57.847 [main] WARN  o.e.c.controller.ChatRoomController - Room creation failed for Test Room: Room name already exists
2026-05-04 13:21:57.848 [main] WARN  o.e.c.e.GlobalExceptionHandler - Illegal argument exception: Room name already exists
2026-05-04 13:21:57.900 [main] INFO  o.e.c.controller.ChatRoomController - Room creation request received: Test Room by user: testuser
2026-05-04 13:21:57.902 [main] INFO  o.e.c.controller.ChatRoomController - Room created successfully: Test Room with ID: 1
2026-05-04 13:21:57.917 [main] INFO  o.e.c.controller.ChatRoomController - Room deletion request for room ID: 1 by user: testuser
2026-05-04 13:21:57.938 [main] INFO  o.e.c.controller.ChatRoomController - Room deletion request for room ID: 999 by user: testuser
2026-05-04 13:21:57.941 [main] WARN  o.e.c.e.GlobalExceptionHandler - Application error occurred: ROOM_NOT_FOUND - Chat room not found with id: 999
2026-05-04 13:21:57.991 [main] WARN  o.e.c.controller.ChatRoomController - Chat room not found: 999
2026-05-04 13:21:57.993 [main] WARN  o.e.c.e.GlobalExceptionHandler - Application error occurred: ROOM_NOT_FOUND - Chat room not found with id: 999
2026-05-04 13:21:58.023 [main] WARN  o.e.c.e.GlobalExceptionHandler - Validation error occurred: Validation failed for argument [0] in public org.springframework.http.ResponseEntity<org.example.chat.dto.ChatRoomResponse> org.example.chat.controller.ChatRoomController.createRoom(org.example.chat.dto.CreateRoomRequest,org.springframework.security.core.userdetails.UserDetails) with 2 errors: [Field error in object 'createRoomRequest' on field 'name': rejected value []; codes [Size.createRoomRequest.name,Size.name,Size.java.lang.String,Size]; arguments [org.springframework.context.support.DefaultMessageSourceResolvable: codes [createRoomRequest.name,name]; arguments []; default message [name],100,1]; default message [Room name must be between 1 and 100 characters]] [Field error in object 'createRoomRequest' on field 'name': rejected value []; codes [NotBlank.createRoomRequest.name,NotBlank.name,NotBlank.java.lang.String,NotBlank]; arguments [org.springframework.context.support.DefaultMessageSourceResolvable: codes [createRoomRequest.name,name]; arguments []; default message [name]]; default message [Room name is required]] 
2026-05-04 13:21:58.048 [main] WARN  o.e.c.e.GlobalExceptionHandler - Application error occurred: ROOM_NOT_FOUND - Chat room not found with id: 999
2026-05-04 13:21:58.068 [main] INFO  o.e.c.controller.ChatRoomController - Room deletion request for room ID: 1 by user: testuser
2026-05-04 13:21:58.071 [main] WARN  o.e.c.e.GlobalExceptionHandler - Application error occurred: UNAUTHORIZED - Only owners or moderators can delete rooms
2026-05-04 13:21:58.310 [main] INFO  o.e.c.c.FriendControllerTest - Starting FriendControllerTest using Java 17.0.17 with PID 8024 (started by echob in C:\Users\echob\IdeaProjects\java-proj-maven)
2026-05-04 13:21:58.310 [main] INFO  o.e.c.c.FriendControllerTest - The following 1 profile is active: "test"
2026-05-04 13:21:58.996 [main] INFO  o.e.c.c.FriendControllerTest - Started FriendControllerTest in 0.788 seconds (process running for 12.761)
2026-05-04 13:21:59.022 [main] INFO  o.e.chat.controller.FriendController - Friend request send attempt by testuser
2026-05-04 13:21:59.025 [main] WARN  o.e.c.e.GlobalExceptionHandler - Application error occurred: CONFLICT - You are already friends with this user
2026-05-04 13:21:59.052 [main] INFO  o.e.chat.controller.FriendController - Declining friend request 1 for testuser
2026-05-04 13:21:59.081 [main] INFO  o.e.chat.controller.FriendController - Friend request send attempt by testuser
2026-05-04 13:21:59.138 [main] INFO  o.e.chat.controller.FriendController - Accepting friend request 1 for testuser
2026-05-04 13:21:59.168 [main] INFO  o.e.chat.controller.FriendController - Accepting friend request 999 for testuser
2026-05-04 13:21:59.171 [main] WARN  o.e.c.e.GlobalExceptionHandler - Application error occurred: FRIEND_REQUEST_NOT_FOUND - Friend request not found with id: 999
2026-05-04 13:21:59.182 [main] INFO  o.e.chat.controller.FriendController - Friend request send attempt by testuser
2026-05-04 13:21:59.185 [main] WARN  o.e.c.e.GlobalExceptionHandler - Application error occurred: VALIDATION_ERROR - Cannot send friend request to yourself
2026-05-04 13:21:59.271 [main] WARN  o.e.c.e.GlobalExceptionHandler - Validation error occurred: Validation failed for argument [0] in public org.springframework.http.ResponseEntity<org.example.chat.dto.FriendRequestResponse> org.example.chat.controller.FriendController.sendFriendRequest(org.example.chat.dto.FriendRequestCreateRequest,org.springframework.security.core.userdetails.UserDetails): [Field error in object 'friendRequestCreateRequest' on field 'recipientId': rejected value [null]; codes [NotNull.friendRequestCreateRequest.recipientId,NotNull.recipientId,NotNull.java.lang.Long,NotNull]; arguments [org.springframework.context.support.DefaultMessageSourceResolvable: codes [friendRequestCreateRequest.recipientId,recipientId]; arguments []; default message [recipientId]]; default message [Recipient id is required]] 
2026-05-04 13:21:59.302 [main] INFO  o.e.chat.controller.FriendController - Friend request send attempt by testuser
2026-05-04 13:21:59.303 [main] WARN  o.e.c.e.GlobalExceptionHandler - Application error occurred: CONFLICT - Friend request already sent
2026-05-04 13:21:59.328 [main] INFO  o.e.chat.controller.FriendController - Declining friend request 999 for testuser
2026-05-04 13:21:59.330 [main] WARN  o.e.c.e.GlobalExceptionHandler - Application error occurred: FRIEND_REQUEST_NOT_FOUND - Friend request not found with id: 999
2026-05-04 13:21:59.610 [main] INFO  o.e.c.c.MessageHistoryController - Message history request for room ID: 1 by user: testuser
2026-05-04 13:21:59.614 [main] INFO  o.e.c.c.MessageHistoryController - Retrieved 0 messages for room ID: 1
2026-05-04 13:21:59.622 [main] INFO  o.e.c.c.MessageHistoryController - Message history request for room ID: 1 by user: testuser
2026-05-04 13:21:59.622 [main] INFO  o.e.c.c.MessageHistoryController - Retrieved 1 messages for room ID: 1
2026-05-04 13:21:59.631 [main] INFO  o.e.c.c.MessageHistoryController - Message history request for room ID: 1 by user: testuser
2026-05-04 13:21:59.633 [main] WARN  o.e.c.c.MessageHistoryController - Message history request failed: chat room not found: 1
2026-05-04 13:21:59.639 [main] INFO  o.e.c.c.MessageHistoryController - Message history request for room ID: 1 by user: testuser
2026-05-04 13:21:59.650 [main] INFO  o.e.c.c.MessageHistoryController - Message history request for room ID: 1 by user: testuser
2026-05-04 13:21:59.652 [main] INFO  o.e.c.c.MessageHistoryController - Retrieved 1 messages for room ID: 1
2026-05-04 13:21:59.662 [main] INFO  o.e.c.c.MessageHistoryController - Message history request for room ID: 1 by user: testuser
2026-05-04 13:21:59.663 [main] WARN  o.e.c.c.MessageHistoryController - Message history request failed for room 1: Authenticated user not found
2026-05-04 13:21:59.852 [main] INFO  o.e.c.controller.UserControllerTest - Starting UserControllerTest using Java 17.0.17 with PID 8024 (started by echob in C:\Users\echob\IdeaProjects\java-proj-maven)
2026-05-04 13:21:59.852 [main] INFO  o.e.c.controller.UserControllerTest - The following 1 profile is active: "test"
2026-05-04 13:22:00.369 [main] INFO  o.e.c.controller.UserControllerTest - Started UserControllerTest in 0.637 seconds (process running for 14.134)
2026-05-04 13:22:00.386 [main] INFO  o.e.chat.controller.UserController - Update profile request for user: testuser
2026-05-04 13:22:00.387 [main] INFO  o.e.chat.controller.UserController - Profile updated successfully for user: testuser
2026-05-04 13:22:00.402 [main] WARN  o.e.c.e.GlobalExceptionHandler - Validation error occurred: Validation failed for argument [0] in public org.springframework.http.ResponseEntity<org.example.chat.dto.UserResponse> org.example.chat.controller.UserController.updateCurrentUser(org.example.chat.dto.UpdateProfileRequest): [Field error in object 'updateProfileRequest' on field 'email': rejected value [invalid-email]; codes [Email.updateProfileRequest.email,Email.email,Email.java.lang.String,Email]; arguments [org.springframework.context.support.DefaultMessageSourceResolvable: codes [updateProfileRequest.email,email]; arguments []; default message [email],[Ljakarta.validation.constraints.Pattern$Flag;@1b881f1f,.*]; default message [Email must be valid]] 
2026-05-04 13:22:00.416 [main] INFO  o.e.chat.controller.UserController - Update profile request for user: testuser
2026-05-04 13:22:00.418 [main] WARN  o.e.chat.controller.UserController - Profile update failed for user testuser: Email already exists
2026-05-04 13:22:00.418 [main] WARN  o.e.c.e.GlobalExceptionHandler - Illegal argument exception: Email already exists
2026-05-04 13:22:00.429 [main] INFO  o.e.chat.controller.UserController - Update profile request for user: testuser
2026-05-04 13:22:00.430 [main] INFO  o.e.chat.controller.UserController - Profile updated successfully for user: testuser
2026-05-04 13:22:00.447 [main] INFO  o.e.chat.controller.UserController - Get current user request for: testuser
2026-05-04 13:22:00.531 [main] INFO  o.e.c.c.UserSearchControllerTest - Starting UserSearchControllerTest using Java 17.0.17 with PID 8024 (started by echob in C:\Users\echob\IdeaProjects\java-proj-maven)
2026-05-04 13:22:00.531 [main] INFO  o.e.c.c.UserSearchControllerTest - The following 1 profile is active: "test"
2026-05-04 13:22:00.912 [main] INFO  o.e.c.c.UserSearchControllerTest - Started UserSearchControllerTest in 0.428 seconds (process running for 14.678)
2026-05-04 13:22:01.047 [main] ERROR o.e.c.e.GlobalExceptionHandler - Unexpected error occurred
java.lang.RuntimeException: Unexpected error
	at org.example.chat.exception.GlobalExceptionHandlerTest.handleGenericException_ShouldReturnInternalServerError(GlobalExceptionHandlerTest.java:166)
	at java.base/jdk.internal.reflect.NativeMethodAccessorImpl.invoke0(Native Method)
	at java.base/jdk.internal.reflect.NativeMethodAccessorImpl.invoke(NativeMethodAccessorImpl.java:77)
	at java.base/jdk.internal.reflect.DelegatingMethodAccessorImpl.invoke(DelegatingMethodAccessorImpl.java:43)
	at java.base/java.lang.reflect.Method.invoke(Method.java:569)
	at org.junit.platform.commons.util.ReflectionUtils.invokeMethod(ReflectionUtils.java:767)
	at org.junit.jupiter.engine.execution.MethodInvocation.proceed(MethodInvocation.java:60)
	at org.junit.jupiter.engine.execution.InvocationInterceptorChain$ValidatingInvocation.proceed(InvocationInterceptorChain.java:131)
	at org.junit.jupiter.engine.extension.TimeoutExtension.intercept(TimeoutExtension.java:156)
	at org.junit.jupiter.engine.extension.TimeoutExtension.interceptTestableMethod(TimeoutExtension.java:147)
	at org.junit.jupiter.engine.extension.TimeoutExtension.interceptTestMethod(TimeoutExtension.java:86)
	at org.junit.jupiter.engine.execution.InterceptingExecutableInvoker$ReflectiveInterceptorCall.lambda$ofVoidMethod$0(InterceptingExecutableInvoker.java:103)
	at org.junit.jupiter.engine.execution.InterceptingExecutableInvoker.lambda$invoke$0(InterceptingExecutableInvoker.java:93)
	at org.junit.jupiter.engine.execution.InvocationInterceptorChain$InterceptedInvocation.proceed(InvocationInterceptorChain.java:106)
	at org.junit.jupiter.engine.execution.InvocationInterceptorChain.proceed(InvocationInterceptorChain.java:64)
	at org.junit.jupiter.engine.execution.InvocationInterceptorChain.chainAndInvoke(InvocationInterceptorChain.java:45)
	at org.junit.jupiter.engine.execution.InvocationInterceptorChain.invoke(InvocationInterceptorChain.java:37)
	at org.junit.jupiter.engine.execution.InterceptingExecutableInvoker.invoke(InterceptingExecutableInvoker.java:92)
	at org.junit.jupiter.engine.execution.InterceptingExecutableInvoker.invoke(InterceptingExecutableInvoker.java:86)
	at org.junit.jupiter.engine.descriptor.TestMethodTestDescriptor.lambda$invokeTestMethod$8(TestMethodTestDescriptor.java:217)
	at org.junit.platform.engine.support.hierarchical.ThrowableCollector.execute(ThrowableCollector.java:73)
	at org.junit.jupiter.engine.descriptor.TestMethodTestDescriptor.invokeTestMethod(TestMethodTestDescriptor.java:213)
	at org.junit.jupiter.engine.descriptor.TestMethodTestDescriptor.execute(TestMethodTestDescriptor.java:138)
	at org.junit.jupiter.engine.descriptor.TestMethodTestDescriptor.execute(TestMethodTestDescriptor.java:68)
	at org.junit.platform.engine.support.hierarchical.NodeTestTask.lambda$executeRecursively$6(NodeTestTask.java:156)
	at org.junit.platform.engine.support.hierarchical.ThrowableCollector.execute(ThrowableCollector.java:73)
	at org.junit.platform.engine.support.hierarchical.NodeTestTask.lambda$executeRecursively$8(NodeTestTask.java:146)
	at org.junit.platform.engine.support.hierarchical.Node.around(Node.java:137)
	at org.junit.platform.engine.support.hierarchical.NodeTestTask.lambda$executeRecursively$9(NodeTestTask.java:144)
	at org.junit.platform.engine.support.hierarchical.ThrowableCollector.execute(ThrowableCollector.java:73)
	at org.junit.platform.engine.support.hierarchical.NodeTestTask.executeRecursively(NodeTestTask.java:143)
	at org.junit.platform.engine.support.hierarchical.NodeTestTask.execute(NodeTestTask.java:100)
	at java.base/java.util.ArrayList.forEach(ArrayList.java:1511)
	at org.junit.platform.engine.support.hierarchical.SameThreadHierarchicalTestExecutorService.invokeAll(SameThreadHierarchicalTestExecutorService.java:41)
	at org.junit.platform.engine.support.hierarchical.NodeTestTask.lambda$executeRecursively$6(NodeTestTask.java:160)
	at org.junit.platform.engine.support.hierarchical.ThrowableCollector.execute(ThrowableCollector.java:73)
	at org.junit.platform.engine.support.hierarchical.NodeTestTask.lambda$executeRecursively$8(NodeTestTask.java:146)
	at org.junit.platform.engine.support.hierarchical.Node.around(Node.java:137)
	at org.junit.platform.engine.support.hierarchical.NodeTestTask.lambda$executeRecursively$9(NodeTestTask.java:144)
	at org.junit.platform.engine.support.hierarchical.ThrowableCollector.execute(ThrowableCollector.java:73)
	at org.junit.platform.engine.support.hierarchical.NodeTestTask.executeRecursively(NodeTestTask.java:143)
	at org.junit.platform.engine.support.hierarchical.NodeTestTask.execute(NodeTestTask.java:100)
	at java.base/java.util.ArrayList.forEach(ArrayList.java:1511)
	at org.junit.platform.engine.support.hierarchical.SameThreadHierarchicalTestExecutorService.invokeAll(SameThreadHierarchicalTestExecutorService.java:41)
	at org.junit.platform.engine.support.hierarchical.NodeTestTask.lambda$executeRecursively$6(NodeTestTask.java:160)
	at org.junit.platform.engine.support.hierarchical.ThrowableCollector.execute(ThrowableCollector.java:73)
	at org.junit.platform.engine.support.hierarchical.NodeTestTask.lambda$executeRecursively$8(NodeTestTask.java:146)
	at org.junit.platform.engine.support.hierarchical.Node.around(Node.java:137)
	at org.junit.platform.engine.support.hierarchical.NodeTestTask.lambda$executeRecursively$9(NodeTestTask.java:144)
	at org.junit.platform.engine.support.hierarchical.ThrowableCollector.execute(ThrowableCollector.java:73)
	at org.junit.platform.engine.support.hierarchical.NodeTestTask.executeRecursively(NodeTestTask.java:143)
	at org.junit.platform.engine.support.hierarchical.NodeTestTask.execute(NodeTestTask.java:100)
	at org.junit.platform.engine.support.hierarchical.SameThreadHierarchicalTestExecutorService.submit(SameThreadHierarchicalTestExecutorService.java:35)
	at org.junit.platform.engine.support.hierarchical.HierarchicalTestExecutor.execute(HierarchicalTestExecutor.java:57)
	at org.junit.platform.engine.support.hierarchical.HierarchicalTestEngine.execute(HierarchicalTestEngine.java:54)
	at org.junit.platform.launcher.core.EngineExecutionOrchestrator.execute(EngineExecutionOrchestrator.java:198)
	at org.junit.platform.launcher.core.EngineExecutionOrchestrator.execute(EngineExecutionOrchestrator.java:169)
	at org.junit.platform.launcher.core.EngineExecutionOrchestrator.execute(EngineExecutionOrchestrator.java:93)
	at org.junit.platform.launcher.core.EngineExecutionOrchestrator.lambda$execute$0(EngineExecutionOrchestrator.java:58)
	at org.junit.platform.launcher.core.EngineExecutionOrchestrator.withInterceptedStreams(EngineExecutionOrchestrator.java:141)
	at org.junit.platform.launcher.core.EngineExecutionOrchestrator.execute(EngineExecutionOrchestrator.java:57)
	at org.junit.platform.launcher.core.DefaultLauncher.execute(DefaultLauncher.java:103)
	at org.junit.platform.launcher.core.DefaultLauncher.execute(DefaultLauncher.java:85)
	at org.junit.platform.launcher.core.DelegatingLauncher.execute(DelegatingLauncher.java:47)
	at org.apache.maven.surefire.junitplatform.LazyLauncher.execute(LazyLauncher.java:56)
	at org.apache.maven.surefire.junitplatform.JUnitPlatformProvider.execute(JUnitPlatformProvider.java:184)
	at org.apache.maven.surefire.junitplatform.JUnitPlatformProvider.invokeAllTests(JUnitPlatformProvider.java:148)
	at org.apache.maven.surefire.junitplatform.JUnitPlatformProvider.invoke(JUnitPlatformProvider.java:122)
	at org.apache.maven.surefire.booter.ForkedBooter.runSuitesInProcess(ForkedBooter.java:385)
	at org.apache.maven.surefire.booter.ForkedBooter.execute(ForkedBooter.java:162)
	at org.apache.maven.surefire.booter.ForkedBooter.run(ForkedBooter.java:507)
	at org.apache.maven.surefire.booter.ForkedBooter.main(ForkedBooter.java:495)
2026-05-04 13:22:01.220 [main] WARN  o.e.c.e.GlobalExceptionHandler - Validation error occurred: Validation failed for argument [0] in public void org.example.chat.exception.GlobalExceptionHandlerTest.dummyMethod(java.lang.String): [Field error in object 'user' on field 'username': rejected value [null]; codes []; arguments []; default message [Username is required]] [Field error in object 'user' on field 'email': rejected value [null]; codes []; arguments []; default message [Email is invalid]] 
2026-05-04 13:22:01.258 [main] WARN  o.e.c.e.GlobalExceptionHandler - Illegal argument exception: Invalid argument provided
2026-05-04 13:22:01.262 [main] WARN  o.e.c.e.GlobalExceptionHandler - Application error occurred: USER_NOT_FOUND - User not found with id: 1
2026-05-04 13:22:01.263 [main] ERROR o.e.c.e.GlobalExceptionHandler - Illegal state exception: Invalid state
2026-05-04 13:22:01.265 [main] WARN  o.e.c.e.GlobalExceptionHandler - Application error occurred: UNAUTHORIZED - Access denied
2026-05-04 13:22:01.266 [main] WARN  o.e.c.e.GlobalExceptionHandler - Application error occurred: ROOM_NOT_FOUND - Chat room not found with id: 5
2026-05-04 13:22:01.269 [main] ERROR o.e.c.e.GlobalExceptionHandler - Application error occurred: WEBSOCKET_ERROR - WebSocket connection failed
org.example.chat.exception.WebSocketException: WebSocket connection failed
	at org.example.chat.exception.GlobalExceptionHandlerTest.handleChatApplicationException_WithWebSocketException_ShouldReturnInternalServerError(GlobalExceptionHandlerTest.java:204)
	at java.base/jdk.internal.reflect.NativeMethodAccessorImpl.invoke0(Native Method)
	at java.base/jdk.internal.reflect.NativeMethodAccessorImpl.invoke(NativeMethodAccessorImpl.java:77)
	at java.base/jdk.internal.reflect.DelegatingMethodAccessorImpl.invoke(DelegatingMethodAccessorImpl.java:43)
	at java.base/java.lang.reflect.Method.invoke(Method.java:569)
	at org.junit.platform.commons.util.ReflectionUtils.invokeMethod(ReflectionUtils.java:767)
	at org.junit.jupiter.engine.execution.MethodInvocation.proceed(MethodInvocation.java:60)
	at org.junit.jupiter.engine.execution.InvocationInterceptorChain$ValidatingInvocation.proceed(InvocationInterceptorChain.java:131)
	at org.junit.jupiter.engine.extension.TimeoutExtension.intercept(TimeoutExtension.java:156)
	at org.junit.jupiter.engine.extension.TimeoutExtension.interceptTestableMethod(TimeoutExtension.java:147)
	at org.junit.jupiter.engine.extension.TimeoutExtension.interceptTestMethod(TimeoutExtension.java:86)
	at org.junit.jupiter.engine.execution.InterceptingExecutableInvoker$ReflectiveInterceptorCall.lambda$ofVoidMethod$0(InterceptingExecutableInvoker.java:103)
	at org.junit.jupiter.engine.execution.InterceptingExecutableInvoker.lambda$invoke$0(InterceptingExecutableInvoker.java:93)
	at org.junit.jupiter.engine.execution.InvocationInterceptorChain$InterceptedInvocation.proceed(InvocationInterceptorChain.java:106)
	at org.junit.jupiter.engine.execution.InvocationInterceptorChain.proceed(InvocationInterceptorChain.java:64)
	at org.junit.jupiter.engine.execution.InvocationInterceptorChain.chainAndInvoke(InvocationInterceptorChain.java:45)
	at org.junit.jupiter.engine.execution.InvocationInterceptorChain.invoke(InvocationInterceptorChain.java:37)
	at org.junit.jupiter.engine.execution.InterceptingExecutableInvoker.invoke(InterceptingExecutableInvoker.java:92)
	at org.junit.jupiter.engine.execution.InterceptingExecutableInvoker.invoke(InterceptingExecutableInvoker.java:86)
	at org.junit.jupiter.engine.descriptor.TestMethodTestDescriptor.lambda$invokeTestMethod$8(TestMethodTestDescriptor.java:217)
	at org.junit.platform.engine.support.hierarchical.ThrowableCollector.execute(ThrowableCollector.java:73)
	at org.junit.jupiter.engine.descriptor.TestMethodTestDescriptor.invokeTestMethod(TestMethodTestDescriptor.java:213)
	at org.junit.jupiter.engine.descriptor.TestMethodTestDescriptor.execute(TestMethodTestDescriptor.java:138)
	at org.junit.jupiter.engine.descriptor.TestMethodTestDescriptor.execute(TestMethodTestDescriptor.java:68)
	at org.junit.platform.engine.support.hierarchical.NodeTestTask.lambda$executeRecursively$6(NodeTestTask.java:156)
	at org.junit.platform.engine.support.hierarchical.ThrowableCollector.execute(ThrowableCollector.java:73)
	at org.junit.platform.engine.support.hierarchical.NodeTestTask.lambda$executeRecursively$8(NodeTestTask.java:146)
	at org.junit.platform.engine.support.hierarchical.Node.around(Node.java:137)
	at org.junit.platform.engine.support.hierarchical.NodeTestTask.lambda$executeRecursively$9(NodeTestTask.java:144)
	at org.junit.platform.engine.support.hierarchical.ThrowableCollector.execute(ThrowableCollector.java:73)
	at org.junit.platform.engine.support.hierarchical.NodeTestTask.executeRecursively(NodeTestTask.java:143)
	at org.junit.platform.engine.support.hierarchical.NodeTestTask.execute(NodeTestTask.java:100)
	at java.base/java.util.ArrayList.forEach(ArrayList.java:1511)
	at org.junit.platform.engine.support.hierarchical.SameThreadHierarchicalTestExecutorService.invokeAll(SameThreadHierarchicalTestExecutorService.java:41)
	at org.junit.platform.engine.support.hierarchical.NodeTestTask.lambda$executeRecursively$6(NodeTestTask.java:160)
	at org.junit.platform.engine.support.hierarchical.ThrowableCollector.execute(ThrowableCollector.java:73)
	at org.junit.platform.engine.support.hierarchical.NodeTestTask.lambda$executeRecursively$8(NodeTestTask.java:146)
	at org.junit.platform.engine.support.hierarchical.Node.around(Node.java:137)
	at org.junit.platform.engine.support.hierarchical.NodeTestTask.lambda$executeRecursively$9(NodeTestTask.java:144)
	at org.junit.platform.engine.support.hierarchical.ThrowableCollector.execute(ThrowableCollector.java:73)
	at org.junit.platform.engine.support.hierarchical.NodeTestTask.executeRecursively(NodeTestTask.java:143)
	at org.junit.platform.engine.support.hierarchical.NodeTestTask.execute(NodeTestTask.java:100)
	at java.base/java.util.ArrayList.forEach(ArrayList.java:1511)
	at org.junit.platform.engine.support.hierarchical.SameThreadHierarchicalTestExecutorService.invokeAll(SameThreadHierarchicalTestExecutorService.java:41)
	at org.junit.platform.engine.support.hierarchical.NodeTestTask.lambda$executeRecursively$6(NodeTestTask.java:160)
	at org.junit.platform.engine.support.hierarchical.ThrowableCollector.execute(ThrowableCollector.java:73)
	at org.junit.platform.engine.support.hierarchical.NodeTestTask.lambda$executeRecursively$8(NodeTestTask.java:146)
	at org.junit.platform.engine.support.hierarchical.Node.around(Node.java:137)
	at org.junit.platform.engine.support.hierarchical.NodeTestTask.lambda$executeRecursively$9(NodeTestTask.java:144)
	at org.junit.platform.engine.support.hierarchical.ThrowableCollector.execute(ThrowableCollector.java:73)
	at org.junit.platform.engine.support.hierarchical.NodeTestTask.executeRecursively(NodeTestTask.java:143)
	at org.junit.platform.engine.support.hierarchical.NodeTestTask.execute(NodeTestTask.java:100)
	at org.junit.platform.engine.support.hierarchical.SameThreadHierarchicalTestExecutorService.submit(SameThreadHierarchicalTestExecutorService.java:35)
	at org.junit.platform.engine.support.hierarchical.HierarchicalTestExecutor.execute(HierarchicalTestExecutor.java:57)
	at org.junit.platform.engine.support.hierarchical.HierarchicalTestEngine.execute(HierarchicalTestEngine.java:54)
	at org.junit.platform.launcher.core.EngineExecutionOrchestrator.execute(EngineExecutionOrchestrator.java:198)
	at org.junit.platform.launcher.core.EngineExecutionOrchestrator.execute(EngineExecutionOrchestrator.java:169)
	at org.junit.platform.launcher.core.EngineExecutionOrchestrator.execute(EngineExecutionOrchestrator.java:93)
	at org.junit.platform.launcher.core.EngineExecutionOrchestrator.lambda$execute$0(EngineExecutionOrchestrator.java:58)
	at org.junit.platform.launcher.core.EngineExecutionOrchestrator.withInterceptedStreams(EngineExecutionOrchestrator.java:141)
	at org.junit.platform.launcher.core.EngineExecutionOrchestrator.execute(EngineExecutionOrchestrator.java:57)
	at org.junit.platform.launcher.core.DefaultLauncher.execute(DefaultLauncher.java:103)
	at org.junit.platform.launcher.core.DefaultLauncher.execute(DefaultLauncher.java:85)
	at org.junit.platform.launcher.core.DelegatingLauncher.execute(DelegatingLauncher.java:47)
	at org.apache.maven.surefire.junitplatform.LazyLauncher.execute(LazyLauncher.java:56)
	at org.apache.maven.surefire.junitplatform.JUnitPlatformProvider.execute(JUnitPlatformProvider.java:184)
	at org.apache.maven.surefire.junitplatform.JUnitPlatformProvider.invokeAllTests(JUnitPlatformProvider.java:148)
	at org.apache.maven.surefire.junitplatform.JUnitPlatformProvider.invoke(JUnitPlatformProvider.java:122)
	at org.apache.maven.surefire.booter.ForkedBooter.runSuitesInProcess(ForkedBooter.java:385)
	at org.apache.maven.surefire.booter.ForkedBooter.execute(ForkedBooter.java:162)
	at org.apache.maven.surefire.booter.ForkedBooter.run(ForkedBooter.java:507)
	at org.apache.maven.surefire.booter.ForkedBooter.main(ForkedBooter.java:495)
2026-05-04 13:22:01.272 [main] WARN  o.e.c.e.GlobalExceptionHandler - Application error occurred: VALIDATION_ERROR - Invalid input
2026-05-04 13:22:01.639 [main] INFO  o.e.c.l.WebSocketEventListener - User connected: nonexistent
2026-05-04 13:22:01.645 [main] INFO  o.e.c.l.WebSocketEventListener - User disconnected: testuser
2026-05-04 13:22:01.652 [main] INFO  o.e.c.l.WebSocketEventListener - User connected: testuser
2026-05-04 13:22:01.664 [main] INFO  o.e.c.l.WebSocketEventListener - User connected: testuser
2026-05-04 13:22:01.674 [main] INFO  o.e.c.l.WebSocketEventListener - User connected: testuser
2026-05-04 13:22:01.680 [main] INFO  o.e.c.l.WebSocketEventListener - User disconnected: testuser
2026-05-04 13:22:01.784 [main] INFO  o.e.c.r.FriendRequestRepositoryTest - Starting FriendRequestRepositoryTest using Java 17.0.17 with PID 8024 (started by echob in C:\Users\echob\IdeaProjects\java-proj-maven)
2026-05-04 13:22:01.785 [main] DEBUG o.e.c.r.FriendRequestRepositoryTest - Running with Spring Boot v3.4.10, Spring v6.2.11
2026-05-04 13:22:01.785 [main] INFO  o.e.c.r.FriendRequestRepositoryTest - No active profile set, falling back to 1 default profile: "default"
2026-05-04 13:22:02.043 [main] INFO  o.s.d.r.c.RepositoryConfigurationDelegate - Bootstrapping Spring Data JPA repositories in DEFAULT mode.
2026-05-04 13:22:02.161 [main] INFO  o.s.d.r.c.RepositoryConfigurationDelegate - Finished Spring Data repository scanning in 89 ms. Found 6 JPA repository interfaces.
2026-05-04 13:22:02.259 [main] INFO  o.s.b.t.a.j.TestDatabaseAutoConfiguration$EmbeddedDataSourceBeanFactoryPostProcessor - Replacing 'dataSource' DataSource bean with embedded version
2026-05-04 13:22:02.448 [main] INFO  o.s.j.d.e.EmbeddedDatabaseFactory - Starting embedded database: url='jdbc:h2:mem:4507dcc4-d18f-4fac-96d7-62eda9652ce4;DB_CLOSE_DELAY=-1;DB_CLOSE_ON_EXIT=false', username='sa'
2026-05-04 13:22:03.385 [main] INFO  o.h.jpa.internal.util.LogHelper - HHH000204: Processing PersistenceUnitInfo [name: default]
2026-05-04 13:22:03.640 [main] INFO  org.hibernate.Version - HHH000412: Hibernate ORM core version 6.6.29.Final
2026-05-04 13:22:03.761 [main] INFO  o.h.c.i.RegionFactoryInitiator - HHH000026: Second-level cache disabled
2026-05-04 13:22:04.016 [main] INFO  o.s.o.j.p.SpringPersistenceUnitInfo - No LoadTimeWeaver setup: ignoring JPA class transformer
2026-05-04 13:22:04.137 [main] WARN  org.hibernate.dialect.Dialect - HHH000511: The 2.3.232 version for [org.hibernate.dialect.PostgreSQLDialect] is no longer supported, hence certain features may not work properly. The minimum supported version is 12.0.0. Check the community dialects project for available legacy versions.
2026-05-04 13:22:04.149 [main] WARN  org.hibernate.orm.deprecation - HHH90000025: PostgreSQLDialect does not need to be specified explicitly using 'hibernate.dialect' (remove the property setting and it will be selected by default)
2026-05-04 13:22:04.184 [main] INFO  o.hibernate.orm.connections.pooling - HHH10001005: Database info:
	Database JDBC URL [Connecting through datasource 'org.springframework.jdbc.datasource.embedded.EmbeddedDatabaseFactory$EmbeddedDataSourceProxy@10ea1754']
	Database driver: undefined/unknown
	Database version: 2.3.232
	Autocommit mode: undefined/unknown
	Isolation level: undefined/unknown
	Minimum pool size: undefined/unknown
	Maximum pool size: undefined/unknown
2026-05-04 13:22:05.576 [main] INFO  o.h.e.t.j.p.i.JtaPlatformInitiator - HHH000489: No JTA platform available (set 'hibernate.transaction.jta.platform' to enable JTA platform integration)
2026-05-04 13:22:05.659 [main] DEBUG org.hibernate.SQL - 
    create table chat_rooms (
        id bigint generated by default as identity,
        created_at timestamp(6) not null,
        description varchar(500),
        name varchar(100) not null,
        created_by_id bigint,
        primary key (id)
    )
2026-05-04 13:22:05.669 [main] DEBUG org.hibernate.SQL - 
    create table friend_requests (
        id bigint generated by default as identity,
        created_at timestamp(6) not null,
        responded_at timestamp(6),
        status varchar(20) not null check (status in ('PENDING','ACCEPTED','DECLINED')),
        recipient_id bigint not null,
        requester_id bigint not null,
        primary key (id)
    )
2026-05-04 13:22:05.673 [main] DEBUG org.hibernate.SQL - 
    create table friendships (
        id bigint generated by default as identity,
        created_at timestamp(6) not null,
        user_a_id bigint not null,
        user_b_id bigint not null,
        primary key (id)
    )
2026-05-04 13:22:05.674 [main] DEBUG org.hibernate.SQL - 
    create table messages (
        id bigint generated by default as identity,
        content TEXT not null,
        message_type varchar(20) check (message_type in ('TEXT','SYSTEM','JOIN','LEAVE')),
        timestamp timestamp(6) not null,
        chat_room_id bigint not null,
        sender_id bigint not null,
        primary key (id)
    )
2026-05-04 13:22:05.676 [main] DEBUG org.hibernate.SQL - 
    create table room_memberships (
        id bigint generated by default as identity,
        joined_at timestamp(6) not null,
        role varchar(20) check (role in ('OWNER','MODERATOR','MEMBER')),
        chat_room_id bigint not null,
        user_id bigint not null,
        primary key (id)
    )
2026-05-04 13:22:05.679 [main] DEBUG org.hibernate.SQL - 
    create table users (
        id bigint generated by default as identity,
        created_at timestamp(6) not null,
        display_name varchar(100),
        email varchar(100) not null,
        last_seen timestamp(6),
        online boolean not null,
        password_hash varchar(255) not null,
        username varchar(50) not null,
        primary key (id)
    )
2026-05-04 13:22:05.681 [main] DEBUG org.hibernate.SQL - 
    alter table if exists chat_rooms 
       drop constraint if exists UK3ducf4em5bvxbtmo2s2xvj10c
2026-05-04 13:22:05.682 [main] DEBUG org.hibernate.SQL - 
    alter table if exists chat_rooms 
       add constraint UK3ducf4em5bvxbtmo2s2xvj10c unique (name)
2026-05-04 13:22:05.685 [main] DEBUG org.hibernate.SQL - 
    alter table if exists friend_requests 
       drop constraint if exists UKps9kptamct3ij6nxh0efavr5p
2026-05-04 13:22:05.686 [main] DEBUG org.hibernate.SQL - 
    alter table if exists friend_requests 
       add constraint UKps9kptamct3ij6nxh0efavr5p unique (requester_id, recipient_id)
2026-05-04 13:22:05.686 [main] DEBUG org.hibernate.SQL - 
    alter table if exists friendships 
       drop constraint if exists UK2emrlodoyasl55cyw3l0buo9e
2026-05-04 13:22:05.686 [main] DEBUG org.hibernate.SQL - 
    alter table if exists friendships 
       add constraint UK2emrlodoyasl55cyw3l0buo9e unique (user_a_id, user_b_id)
2026-05-04 13:22:05.688 [main] DEBUG org.hibernate.SQL - 
    create index idx_room_timestamp 
       on messages (chat_room_id, timestamp)
2026-05-04 13:22:05.689 [main] DEBUG org.hibernate.SQL - 
    alter table if exists room_memberships 
       drop constraint if exists UKgx108yiv7h4vswt0vm5w2cydg
2026-05-04 13:22:05.690 [main] DEBUG org.hibernate.SQL - 
    alter table if exists room_memberships 
       add constraint UKgx108yiv7h4vswt0vm5w2cydg unique (user_id, chat_room_id)
2026-05-04 13:22:05.691 [main] DEBUG org.hibernate.SQL - 
    alter table if exists users 
       drop constraint if exists UK6dotkott2kjsp8vw4d0m25fb7
2026-05-04 13:22:05.691 [main] DEBUG org.hibernate.SQL - 
    alter table if exists users 
       add constraint UK6dotkott2kjsp8vw4d0m25fb7 unique (email)
2026-05-04 13:22:05.691 [main] DEBUG org.hibernate.SQL - 
    alter table if exists users 
       drop constraint if exists UKr43af9ap4edm43mmtq01oddj6
2026-05-04 13:22:05.691 [main] DEBUG org.hibernate.SQL - 
    alter table if exists users 
       add constraint UKr43af9ap4edm43mmtq01oddj6 unique (username)
2026-05-04 13:22:05.692 [main] DEBUG org.hibernate.SQL - 
    alter table if exists chat_rooms 
       add constraint FK5aa44vi2hoo7ifqej0p8xa44g 
       foreign key (created_by_id) 
       references users
2026-05-04 13:22:05.700 [main] DEBUG org.hibernate.SQL - 
    alter table if exists friend_requests 
       add constraint FKmofsv4jjyk6flwplaqwigukl8 
       foreign key (recipient_id) 
       references users
2026-05-04 13:22:05.701 [main] DEBUG org.hibernate.SQL - 
    alter table if exists friend_requests 
       add constraint FKdw74r5l8n8ya5bn3107xqucp5 
       foreign key (requester_id) 
       references users
2026-05-04 13:22:05.705 [main] DEBUG org.hibernate.SQL - 
    alter table if exists friendships 
       add constraint FK27nsek3bc5k6ejt36qei4mrmv 
       foreign key (user_a_id) 
       references users
2026-05-04 13:22:05.706 [main] DEBUG org.hibernate.SQL - 
    alter table if exists friendships 
       add constraint FKfjex5ha4rtt6aolcfuwybwjbv 
       foreign key (user_b_id) 
       references users
2026-05-04 13:22:05.708 [main] DEBUG org.hibernate.SQL - 
    alter table if exists messages 
       add constraint FK67lyatc9udvn9fgepx08ckmbt 
       foreign key (chat_room_id) 
       references chat_rooms
2026-05-04 13:22:05.710 [main] DEBUG org.hibernate.SQL - 
    alter table if exists messages 
       add constraint FK4ui4nnwntodh6wjvck53dbk9m 
       foreign key (sender_id) 
       references users
2026-05-04 13:22:05.712 [main] DEBUG org.hibernate.SQL - 
    alter table if exists room_memberships 
       add constraint FK5w1nurtmrlf9w7i5qf6infvqn 
       foreign key (chat_room_id) 
       references chat_rooms
2026-05-04 13:22:05.714 [main] DEBUG org.hibernate.SQL - 
    alter table if exists room_memberships 
       add constraint FKdyxdfemay3yegp11mavd2m4qb 
       foreign key (user_id) 
       references users
2026-05-04 13:22:05.718 [main] INFO  o.s.o.j.LocalContainerEntityManagerFactoryBean - Initialized JPA EntityManagerFactory for persistence unit 'default'
2026-05-04 13:22:06.270 [main] INFO  o.s.d.j.r.query.QueryEnhancerFactory - Hibernate is in classpath; If applicable, HQL parser will be used.
2026-05-04 13:22:07.476 [main] INFO  o.e.c.r.FriendRequestRepositoryTest - Started FriendRequestRepositoryTest in 5.75 seconds (process running for 21.241)
2026-05-04 13:22:07.571 [main] DEBUG org.hibernate.SQL - 
    /* insert for
        org.example.chat.entity.User */insert 
    into
        users (created_at, display_name, email, last_seen, online, password_hash, username) 
    values
        (?, ?, ?, ?, ?, ?, ?)
2026-05-04 13:22:07.621 [main] DEBUG org.hibernate.SQL - 
    /* insert for
        org.example.chat.entity.User */insert 
    into
        users (created_at, display_name, email, last_seen, online, password_hash, username) 
    values
        (?, ?, ?, ?, ?, ?, ?)
2026-05-04 13:22:07.622 [main] DEBUG org.hibernate.SQL - 
    /* insert for
        org.example.chat.entity.User */insert 
    into
        users (created_at, display_name, email, last_seen, online, password_hash, username) 
    values
        (?, ?, ?, ?, ?, ?, ?)
2026-05-04 13:22:07.639 [main] DEBUG org.hibernate.SQL - 
    /* insert for
        org.example.chat.entity.FriendRequest */insert 
    into
        friend_requests (created_at, recipient_id, requester_id, responded_at, status) 
    values
        (?, ?, ?, ?, ?)
2026-05-04 13:22:07.738 [main] DEBUG org.hibernate.SQL - 
    /* <criteria> */ select
        fr1_0.id,
        fr1_0.created_at,
        fr1_0.recipient_id,
        fr1_0.requester_id,
        fr1_0.responded_at,
        fr1_0.status 
    from
        friend_requests fr1_0 
    where
        fr1_0.requester_id=? 
        and fr1_0.recipient_id=?
2026-05-04 13:22:07.769 [main] DEBUG org.hibernate.SQL - 
    /* insert for
        org.example.chat.entity.User */insert 
    into
        users (created_at, display_name, email, last_seen, online, password_hash, username) 
    values
        (?, ?, ?, ?, ?, ?, ?)
2026-05-04 13:22:07.774 [main] DEBUG org.hibernate.SQL - 
    /* insert for
        org.example.chat.entity.User */insert 
    into
        users (created_at, display_name, email, last_seen, online, password_hash, username) 
    values
        (?, ?, ?, ?, ?, ?, ?)
2026-05-04 13:22:07.775 [main] DEBUG org.hibernate.SQL - 
    /* insert for
        org.example.chat.entity.User */insert 
    into
        users (created_at, display_name, email, last_seen, online, password_hash, username) 
    values
        (?, ?, ?, ?, ?, ?, ?)
2026-05-04 13:22:07.778 [main] DEBUG org.hibernate.SQL - 
    /* insert for
        org.example.chat.entity.FriendRequest */insert 
    into
        friend_requests (created_at, recipient_id, requester_id, responded_at, status) 
    values
        (?, ?, ?, ?, ?)
2026-05-04 13:22:07.780 [main] DEBUG org.hibernate.SQL - 
    /* insert for
        org.example.chat.entity.FriendRequest */insert 
    into
        friend_requests (created_at, recipient_id, requester_id, responded_at, status) 
    values
        (?, ?, ?, ?, ?)
2026-05-04 13:22:07.789 [main] DEBUG org.hibernate.SQL - 
    /* <criteria> */ select
        fr1_0.id,
        fr1_0.created_at,
        fr1_0.recipient_id,
        fr1_0.requester_id,
        fr1_0.responded_at,
        fr1_0.status 
    from
        friend_requests fr1_0 
    where
        fr1_0.recipient_id=? 
        and fr1_0.status=?
2026-05-04 13:22:07.800 [main] DEBUG org.hibernate.SQL - 
    /* insert for
        org.example.chat.entity.User */insert 
    into
        users (created_at, display_name, email, last_seen, online, password_hash, username) 
    values
        (?, ?, ?, ?, ?, ?, ?)
2026-05-04 13:22:07.802 [main] DEBUG org.hibernate.SQL - 
    /* insert for
        org.example.chat.entity.User */insert 
    into
        users (created_at, display_name, email, last_seen, online, password_hash, username) 
    values
        (?, ?, ?, ?, ?, ?, ?)
2026-05-04 13:22:07.804 [main] DEBUG org.hibernate.SQL - 
    /* insert for
        org.example.chat.entity.User */insert 
    into
        users (created_at, display_name, email, last_seen, online, password_hash, username) 
    values
        (?, ?, ?, ?, ?, ?, ?)
2026-05-04 13:22:07.807 [main] DEBUG org.hibernate.SQL - 
    /* insert for
        org.example.chat.entity.FriendRequest */insert 
    into
        friend_requests (created_at, recipient_id, requester_id, responded_at, status) 
    values
        (?, ?, ?, ?, ?)
2026-05-04 13:22:07.812 [main] DEBUG org.hibernate.SQL - 
    /* <criteria> */ select
        fr1_0.id,
        fr1_0.created_at,
        fr1_0.recipient_id,
        fr1_0.requester_id,
        fr1_0.responded_at,
        fr1_0.status 
    from
        friend_requests fr1_0 
    where
        fr1_0.id=? 
        and fr1_0.recipient_id=?
2026-05-04 13:22:07.822 [main] DEBUG org.hibernate.SQL - 
    /* insert for
        org.example.chat.entity.User */insert 
    into
        users (created_at, display_name, email, last_seen, online, password_hash, username) 
    values
        (?, ?, ?, ?, ?, ?, ?)
2026-05-04 13:22:07.825 [main] DEBUG org.hibernate.SQL - 
    /* insert for
        org.example.chat.entity.User */insert 
    into
        users (created_at, display_name, email, last_seen, online, password_hash, username) 
    values
        (?, ?, ?, ?, ?, ?, ?)
2026-05-04 13:22:07.826 [main] DEBUG org.hibernate.SQL - 
    /* insert for
        org.example.chat.entity.User */insert 
    into
        users (created_at, display_name, email, last_seen, online, password_hash, username) 
    values
        (?, ?, ?, ?, ?, ?, ?)
2026-05-04 13:22:07.837 [main] DEBUG org.hibernate.SQL - 
    /* insert for
        org.example.chat.entity.FriendRequest */insert 
    into
        friend_requests (created_at, recipient_id, requester_id, responded_at, status) 
    values
        (?, ?, ?, ?, ?)
2026-05-04 13:22:07.846 [main] DEBUG org.hibernate.SQL - 
    /* insert for
        org.example.chat.entity.User */insert 
    into
        users (created_at, display_name, email, last_seen, online, password_hash, username) 
    values
        (?, ?, ?, ?, ?, ?, ?)
2026-05-04 13:22:07.851 [main] DEBUG org.hibernate.SQL - 
    /* insert for
        org.example.chat.entity.User */insert 
    into
        users (created_at, display_name, email, last_seen, online, password_hash, username) 
    values
        (?, ?, ?, ?, ?, ?, ?)
2026-05-04 13:22:07.855 [main] DEBUG org.hibernate.SQL - 
    /* insert for
        org.example.chat.entity.User */insert 
    into
        users (created_at, display_name, email, last_seen, online, password_hash, username) 
    values
        (?, ?, ?, ?, ?, ?, ?)
2026-05-04 13:22:07.859 [main] DEBUG org.hibernate.SQL - 
    /* insert for
        org.example.chat.entity.FriendRequest */insert 
    into
        friend_requests (created_at, recipient_id, requester_id, responded_at, status) 
    values
        (?, ?, ?, ?, ?)
2026-05-04 13:22:07.862 [main] DEBUG org.hibernate.SQL - 
    /* insert for
        org.example.chat.entity.FriendRequest */insert 
    into
        friend_requests (created_at, recipient_id, requester_id, responded_at, status) 
    values
        (?, ?, ?, ?, ?)
2026-05-04 13:22:07.865 [main] WARN  o.h.e.jdbc.spi.SqlExceptionHelper - SQL Error: 23505, SQLState: 23505
2026-05-04 13:22:07.867 [main] ERROR o.h.e.jdbc.spi.SqlExceptionHelper - Unique index or primary key violation: "PUBLIC.UKPS9KPTAMCT3IJ6NXH0EFAVR5P_INDEX_5 ON PUBLIC.FRIEND_REQUESTS(REQUESTER_ID NULLS FIRST, RECIPIENT_ID NULLS FIRST) VALUES ( /* key:6 */ CAST(13 AS BIGINT), CAST(14 AS BIGINT))"; SQL statement:
/* insert for org.example.chat.entity.FriendRequest */insert into friend_requests (created_at,recipient_i [23505-232]
2026-05-04 13:22:07.881 [main] DEBUG org.hibernate.SQL - 
    /* insert for
        org.example.chat.entity.User */insert 
    into
        users (created_at, display_name, email, last_seen, online, password_hash, username) 
    values
        (?, ?, ?, ?, ?, ?, ?)
2026-05-04 13:22:07.890 [main] DEBUG org.hibernate.SQL - 
    /* insert for
        org.example.chat.entity.User */insert 
    into
        users (created_at, display_name, email, last_seen, online, password_hash, username) 
    values
        (?, ?, ?, ?, ?, ?, ?)
2026-05-04 13:22:07.892 [main] DEBUG org.hibernate.SQL - 
    /* insert for
        org.example.chat.entity.User */insert 
    into
        users (created_at, display_name, email, last_seen, online, password_hash, username) 
    values
        (?, ?, ?, ?, ?, ?, ?)
2026-05-04 13:22:07.897 [main] DEBUG org.hibernate.SQL - 
    /* <criteria> */ select
        fr1_0.id,
        fr1_0.created_at,
        fr1_0.recipient_id,
        fr1_0.requester_id,
        fr1_0.responded_at,
        fr1_0.status 
    from
        friend_requests fr1_0 
    where
        fr1_0.requester_id=? 
        and fr1_0.recipient_id=?
2026-05-04 13:22:07.905 [main] DEBUG org.hibernate.SQL - 
    /* insert for
        org.example.chat.entity.User */insert 
    into
        users (created_at, display_name, email, last_seen, online, password_hash, username) 
    values
        (?, ?, ?, ?, ?, ?, ?)
2026-05-04 13:22:07.909 [main] DEBUG org.hibernate.SQL - 
    /* insert for
        org.example.chat.entity.User */insert 
    into
        users (created_at, display_name, email, last_seen, online, password_hash, username) 
    values
        (?, ?, ?, ?, ?, ?, ?)
2026-05-04 13:22:07.910 [main] DEBUG org.hibernate.SQL - 
    /* insert for
        org.example.chat.entity.User */insert 
    into
        users (created_at, display_name, email, last_seen, online, password_hash, username) 
    values
        (?, ?, ?, ?, ?, ?, ?)
2026-05-04 13:22:07.913 [main] DEBUG org.hibernate.SQL - 
    /* insert for
        org.example.chat.entity.FriendRequest */insert 
    into
        friend_requests (created_at, recipient_id, requester_id, responded_at, status) 
    values
        (?, ?, ?, ?, ?)
2026-05-04 13:22:07.919 [main] DEBUG org.hibernate.SQL - 
    /* <criteria> */ select
        fr1_0.id,
        fr1_0.created_at,
        fr1_0.recipient_id,
        fr1_0.requester_id,
        fr1_0.responded_at,
        fr1_0.status 
    from
        friend_requests fr1_0 
    where
        fr1_0.requester_id=? 
        and fr1_0.status=?
2026-05-04 13:22:07.930 [main] DEBUG org.hibernate.SQL - 
    /* insert for
        org.example.chat.entity.User */insert 
    into
        users (created_at, display_name, email, last_seen, online, password_hash, username) 
    values
        (?, ?, ?, ?, ?, ?, ?)
2026-05-04 13:22:07.934 [main] DEBUG org.hibernate.SQL - 
    /* insert for
        org.example.chat.entity.User */insert 
    into
        users (created_at, display_name, email, last_seen, online, password_hash, username) 
    values
        (?, ?, ?, ?, ?, ?, ?)
2026-05-04 13:22:07.935 [main] DEBUG org.hibernate.SQL - 
    /* insert for
        org.example.chat.entity.User */insert 
    into
        users (created_at, display_name, email, last_seen, online, password_hash, username) 
    values
        (?, ?, ?, ?, ?, ?, ?)
2026-05-04 13:22:07.938 [main] DEBUG org.hibernate.SQL - 
    /* insert for
        org.example.chat.entity.FriendRequest */insert 
    into
        friend_requests (created_at, recipient_id, requester_id, responded_at, status) 
    values
        (?, ?, ?, ?, ?)
2026-05-04 13:22:07.946 [main] DEBUG org.hibernate.SQL - 
    /* <criteria> */ select
        fr1_0.id,
        fr1_0.created_at,
        fr1_0.recipient_id,
        fr1_0.requester_id,
        fr1_0.responded_at,
        fr1_0.status 
    from
        friend_requests fr1_0 
    where
        fr1_0.id=? 
        and fr1_0.recipient_id=?
2026-05-04 13:22:07.954 [main] INFO  o.s.t.c.s.AnnotationConfigContextLoaderUtils - Could not detect default configuration classes for test class [org.example.chat.repository.FriendshipRepositoryTest]: FriendshipRepositoryTest does not declare any static, non-private, non-final, nested classes annotated with @Configuration.
2026-05-04 13:22:07.989 [main] INFO  o.s.b.t.c.SpringBootTestContextBootstrapper - Found @SpringBootConfiguration org.example.chat.ChatApplication for test class org.example.chat.repository.FriendshipRepositoryTest
2026-05-04 13:22:08.001 [main] DEBUG org.hibernate.SQL - 
    /* insert for
        org.example.chat.entity.User */insert 
    into
        users (created_at, display_name, email, last_seen, online, password_hash, username) 
    values
        (?, ?, ?, ?, ?, ?, ?)
2026-05-04 13:22:08.005 [main] DEBUG org.hibernate.SQL - 
    /* insert for
        org.example.chat.entity.User */insert 
    into
        users (created_at, display_name, email, last_seen, online, password_hash, username) 
    values
        (?, ?, ?, ?, ?, ?, ?)
2026-05-04 13:22:08.009 [main] DEBUG org.hibernate.SQL - 
    /* insert for
        org.example.chat.entity.User */insert 
    into
        users (created_at, display_name, email, last_seen, online, password_hash, username) 
    values
        (?, ?, ?, ?, ?, ?, ?)
2026-05-04 13:22:08.019 [main] DEBUG org.hibernate.SQL - 
    /* <criteria> */ select
        f1_0.id,
        f1_0.created_at,
        f1_0.user_a_id,
        f1_0.user_b_id 
    from
        friendships f1_0 
    where
        f1_0.user_a_id=? 
        or f1_0.user_b_id=?
2026-05-04 13:22:08.054 [main] DEBUG org.hibernate.SQL - 
    /* insert for
        org.example.chat.entity.User */insert 
    into
        users (created_at, display_name, email, last_seen, online, password_hash, username) 
    values
        (?, ?, ?, ?, ?, ?, ?)
2026-05-04 13:22:08.081 [main] DEBUG org.hibernate.SQL - 
    /* insert for
        org.example.chat.entity.User */insert 
    into
        users (created_at, display_name, email, last_seen, online, password_hash, username) 
    values
        (?, ?, ?, ?, ?, ?, ?)
2026-05-04 13:22:08.087 [main] DEBUG org.hibernate.SQL - 
    /* insert for
        org.example.chat.entity.User */insert 
    into
        users (created_at, display_name, email, last_seen, online, password_hash, username) 
    values
        (?, ?, ?, ?, ?, ?, ?)
2026-05-04 13:22:08.096 [main] DEBUG org.hibernate.SQL - 
    /* insert for
        org.example.chat.entity.Friendship */insert 
    into
        friendships (created_at, user_a_id, user_b_id) 
    values
        (?, ?, ?)
2026-05-04 13:22:08.135 [main] DEBUG org.hibernate.SQL - 
    /* SELECT
        f 
    FROM
        Friendship f 
    WHERE
        (
            f.userA = :user1 
            AND f.userB = :user2
        ) 
        OR (
            f.userA = :user2 
            AND f.userB = :user1
        ) */ select
            f1_0.id,
            f1_0.created_at,
            f1_0.user_a_id,
            f1_0.user_b_id 
        from
            friendships f1_0 
        where
            (
                f1_0.user_a_id=? 
                and f1_0.user_b_id=?
            ) 
            or (
                f1_0.user_a_id=? 
                and f1_0.user_b_id=?
            )
2026-05-04 13:22:08.140 [main] DEBUG org.hibernate.SQL - 
    /* SELECT
        f 
    FROM
        Friendship f 
    WHERE
        (
            f.userA = :user1 
            AND f.userB = :user2
        ) 
        OR (
            f.userA = :user2 
            AND f.userB = :user1
        ) */ select
            f1_0.id,
            f1_0.created_at,
            f1_0.user_a_id,
            f1_0.user_b_id 
        from
            friendships f1_0 
        where
            (
                f1_0.user_a_id=? 
                and f1_0.user_b_id=?
            ) 
            or (
                f1_0.user_a_id=? 
                and f1_0.user_b_id=?
            )
2026-05-04 13:22:08.153 [main] DEBUG org.hibernate.SQL - 
    /* insert for
        org.example.chat.entity.User */insert 
    into
        users (created_at, display_name, email, last_seen, online, password_hash, username) 
    values
        (?, ?, ?, ?, ?, ?, ?)
2026-05-04 13:22:08.156 [main] DEBUG org.hibernate.SQL - 
    /* insert for
        org.example.chat.entity.User */insert 
    into
        users (created_at, display_name, email, last_seen, online, password_hash, username) 
    values
        (?, ?, ?, ?, ?, ?, ?)
2026-05-04 13:22:08.159 [main] DEBUG org.hibernate.SQL - 
    /* insert for
        org.example.chat.entity.User */insert 
    into
        users (created_at, display_name, email, last_seen, online, password_hash, username) 
    values
        (?, ?, ?, ?, ?, ?, ?)
2026-05-04 13:22:08.163 [main] DEBUG org.hibernate.SQL - 
    /* insert for
        org.example.chat.entity.Friendship */insert 
    into
        friendships (created_at, user_a_id, user_b_id) 
    values
        (?, ?, ?)
2026-05-04 13:22:08.166 [main] DEBUG org.hibernate.SQL - 
    /* insert for
        org.example.chat.entity.Friendship */insert 
    into
        friendships (created_at, user_a_id, user_b_id) 
    values
        (?, ?, ?)
2026-05-04 13:22:08.167 [main] WARN  o.h.e.jdbc.spi.SqlExceptionHelper - SQL Error: 23505, SQLState: 23505
2026-05-04 13:22:08.167 [main] ERROR o.h.e.jdbc.spi.SqlExceptionHelper - Unique index or primary key violation: "PUBLIC.UK2EMRLODOYASL55CYW3L0BUO9E_INDEX_D ON PUBLIC.FRIENDSHIPS(USER_A_ID NULLS FIRST, USER_B_ID NULLS FIRST) VALUES ( /* key:2 */ CAST(31 AS BIGINT), CAST(32 AS BIGINT))"; SQL statement:
/* insert for org.example.chat.entity.Friendship */insert into friendsh [23505-232]
2026-05-04 13:22:08.182 [main] DEBUG org.hibernate.SQL - 
    /* insert for
        org.example.chat.entity.User */insert 
    into
        users (created_at, display_name, email, last_seen, online, password_hash, username) 
    values
        (?, ?, ?, ?, ?, ?, ?)
2026-05-04 13:22:08.188 [main] DEBUG org.hibernate.SQL - 
    /* insert for
        org.example.chat.entity.User */insert 
    into
        users (created_at, display_name, email, last_seen, online, password_hash, username) 
    values
        (?, ?, ?, ?, ?, ?, ?)
2026-05-04 13:22:08.201 [main] DEBUG org.hibernate.SQL - 
    /* insert for
        org.example.chat.entity.User */insert 
    into
        users (created_at, display_name, email, last_seen, online, password_hash, username) 
    values
        (?, ?, ?, ?, ?, ?, ?)
2026-05-04 13:22:08.203 [main] DEBUG org.hibernate.SQL - 
    /* insert for
        org.example.chat.entity.Friendship */insert 
    into
        friendships (created_at, user_a_id, user_b_id) 
    values
        (?, ?, ?)
2026-05-04 13:22:08.207 [main] DEBUG org.hibernate.SQL - 
    /* insert for
        org.example.chat.entity.Friendship */insert 
    into
        friendships (created_at, user_a_id, user_b_id) 
    values
        (?, ?, ?)
2026-05-04 13:22:08.210 [main] DEBUG org.hibernate.SQL - 
    /* insert for
        org.example.chat.entity.Friendship */insert 
    into
        friendships (created_at, user_a_id, user_b_id) 
    values
        (?, ?, ?)
2026-05-04 13:22:08.217 [main] DEBUG org.hibernate.SQL - 
    /* <criteria> */ select
        f1_0.id,
        f1_0.created_at,
        f1_0.user_a_id,
        f1_0.user_b_id 
    from
        friendships f1_0 
    where
        f1_0.user_a_id=? 
        or f1_0.user_b_id=?
2026-05-04 13:22:08.232 [main] DEBUG org.hibernate.SQL - 
    /* insert for
        org.example.chat.entity.User */insert 
    into
        users (created_at, display_name, email, last_seen, online, password_hash, username) 
    values
        (?, ?, ?, ?, ?, ?, ?)
2026-05-04 13:22:08.242 [main] DEBUG org.hibernate.SQL - 
    /* insert for
        org.example.chat.entity.User */insert 
    into
        users (created_at, display_name, email, last_seen, online, password_hash, username) 
    values
        (?, ?, ?, ?, ?, ?, ?)
2026-05-04 13:22:08.246 [main] DEBUG org.hibernate.SQL - 
    /* insert for
        org.example.chat.entity.User */insert 
    into
        users (created_at, display_name, email, last_seen, online, password_hash, username) 
    values
        (?, ?, ?, ?, ?, ?, ?)
2026-05-04 13:22:08.254 [main] DEBUG org.hibernate.SQL - 
    /* insert for
        org.example.chat.entity.Friendship */insert 
    into
        friendships (created_at, user_a_id, user_b_id) 
    values
        (?, ?, ?)
2026-05-04 13:22:08.267 [main] DEBUG org.hibernate.SQL - 
    /* insert for
        org.example.chat.entity.User */insert 
    into
        users (created_at, display_name, email, last_seen, online, password_hash, username) 
    values
        (?, ?, ?, ?, ?, ?, ?)
2026-05-04 13:22:08.271 [main] DEBUG org.hibernate.SQL - 
    /* insert for
        org.example.chat.entity.User */insert 
    into
        users (created_at, display_name, email, last_seen, online, password_hash, username) 
    values
        (?, ?, ?, ?, ?, ?, ?)
2026-05-04 13:22:08.272 [main] DEBUG org.hibernate.SQL - 
    /* insert for
        org.example.chat.entity.User */insert 
    into
        users (created_at, display_name, email, last_seen, online, password_hash, username) 
    values
        (?, ?, ?, ?, ?, ?, ?)
2026-05-04 13:22:08.277 [main] DEBUG org.hibernate.SQL - 
    /* SELECT
        f 
    FROM
        Friendship f 
    WHERE
        (
            f.userA = :user1 
            AND f.userB = :user2
        ) 
        OR (
            f.userA = :user2 
            AND f.userB = :user1
        ) */ select
            f1_0.id,
            f1_0.created_at,
            f1_0.user_a_id,
            f1_0.user_b_id 
        from
            friendships f1_0 
        where
            (
                f1_0.user_a_id=? 
                and f1_0.user_b_id=?
            ) 
            or (
                f1_0.user_a_id=? 
                and f1_0.user_b_id=?
            )
2026-05-04 13:22:08.299 [main] DEBUG org.hibernate.SQL - 
    /* insert for
        org.example.chat.entity.User */insert 
    into
        users (created_at, display_name, email, last_seen, online, password_hash, username) 
    values
        (?, ?, ?, ?, ?, ?, ?)
2026-05-04 13:22:08.308 [main] DEBUG org.hibernate.SQL - 
    /* insert for
        org.example.chat.entity.User */insert 
    into
        users (created_at, display_name, email, last_seen, online, password_hash, username) 
    values
        (?, ?, ?, ?, ?, ?, ?)
2026-05-04 13:22:08.310 [main] DEBUG org.hibernate.SQL - 
    /* insert for
        org.example.chat.entity.User */insert 
    into
        users (created_at, display_name, email, last_seen, online, password_hash, username) 
    values
        (?, ?, ?, ?, ?, ?, ?)
2026-05-04 13:22:08.313 [main] DEBUG org.hibernate.SQL - 
    /* insert for
        org.example.chat.entity.Friendship */insert 
    into
        friendships (created_at, user_a_id, user_b_id) 
    values
        (?, ?, ?)
2026-05-04 13:22:08.318 [main] DEBUG org.hibernate.SQL - 
    /* SELECT
        f 
    FROM
        Friendship f 
    WHERE
        (
            f.userA = :user1 
            AND f.userB = :user2
        ) 
        OR (
            f.userA = :user2 
            AND f.userB = :user1
        ) */ select
            f1_0.id,
            f1_0.created_at,
            f1_0.user_a_id,
            f1_0.user_b_id 
        from
            friendships f1_0 
        where
            (
                f1_0.user_a_id=? 
                and f1_0.user_b_id=?
            ) 
            or (
                f1_0.user_a_id=? 
                and f1_0.user_b_id=?
            )
2026-05-04 13:22:08.320 [main] DEBUG org.hibernate.SQL - 
    /* SELECT
        f 
    FROM
        Friendship f 
    WHERE
        (
            f.userA = :user1 
            AND f.userB = :user2
        ) 
        OR (
            f.userA = :user2 
            AND f.userB = :user1
        ) */ select
            f1_0.id,
            f1_0.created_at,
            f1_0.user_a_id,
            f1_0.user_b_id 
        from
            friendships f1_0 
        where
            (
                f1_0.user_a_id=? 
                and f1_0.user_b_id=?
            ) 
            or (
                f1_0.user_a_id=? 
                and f1_0.user_b_id=?
            )
2026-05-04 13:22:08.510 [main] DEBUG org.example.chat.security.JwtUtil - Generated JWT token for user: user1
2026-05-04 13:22:08.511 [main] DEBUG org.example.chat.security.JwtUtil - Generated JWT token for user: user2
2026-05-04 13:22:08.515 [main] DEBUG org.example.chat.security.JwtUtil - Generated JWT token for user: testuser
2026-05-04 13:22:08.570 [main] ERROR org.example.chat.security.JwtUtil - Invalid JWT signature: JWT signature does not match locally computed signature. JWT validity cannot be asserted and should not be trusted.
2026-05-04 13:22:08.572 [main] ERROR org.example.chat.security.JwtUtil - JWT claims string is empty: CharSequence cannot be null or empty.
2026-05-04 13:22:08.574 [main] DEBUG org.example.chat.security.JwtUtil - Generated JWT token for user: user1
2026-05-04 13:22:08.575 [main] DEBUG org.example.chat.security.JwtUtil - Generated JWT token for user: user2
2026-05-04 13:22:08.585 [main] DEBUG org.example.chat.security.JwtUtil - Extracted username from JWT token: user1
2026-05-04 13:22:08.587 [main] DEBUG org.example.chat.security.JwtUtil - Extracted username from JWT token: user2
2026-05-04 13:22:08.605 [main] ERROR org.example.chat.security.JwtUtil - Invalid JWT token: Malformed protected header JSON: Unable to deserialize: Unexpected character ('?' (code 65533 / 0xfffd)): expected a valid value (JSON String, Number, Array, Object or token 'null', 'true' or 'false')
 at [Source: REDACTED (`StreamReadFeature.INCLUDE_SOURCE_IN_LOCATION` disabled); line: 1, column: 1]
2026-05-04 13:22:08.609 [main] DEBUG org.example.chat.security.JwtUtil - Generated JWT token for user: testuser
2026-05-04 13:22:08.612 [main] DEBUG org.example.chat.security.JwtUtil - Extracted username from JWT token: testuser
2026-05-04 13:22:08.614 [main] ERROR org.example.chat.security.JwtUtil - JWT claims string is empty: CharSequence cannot be null or empty.
2026-05-04 13:22:08.618 [main] ERROR org.example.chat.security.JwtUtil - Expired JWT token: JWT expired 1618 milliseconds ago at 2026-05-04T05:22:07.000Z. Current time: 2026-05-04T05:22:08.618Z. Allowed clock skew: 0 milliseconds.
2026-05-04 13:22:08.621 [main] DEBUG org.example.chat.security.JwtUtil - Generated JWT token for user: testuser
2026-05-04 13:22:08.624 [main] DEBUG org.example.chat.security.JwtUtil - JWT token validated successfully
2026-05-04 13:22:08.627 [main] DEBUG org.example.chat.security.JwtUtil - Generated JWT token for user: testuser
2026-05-04 13:22:08.629 [main] DEBUG org.example.chat.security.JwtUtil - Generated JWT token for user: lifecycletest
2026-05-04 13:22:08.631 [main] DEBUG org.example.chat.security.JwtUtil - JWT token validated successfully
2026-05-04 13:22:08.632 [main] DEBUG org.example.chat.security.JwtUtil - Extracted username from JWT token: lifecycletest
2026-05-04 13:22:08.636 [main] INFO  o.s.t.c.s.AnnotationConfigContextLoaderUtils - Could not detect default configuration classes for test class [org.example.chat.security.SecurityConfigTest]: SecurityConfigTest does not declare any static, non-private, non-final, nested classes annotated with @Configuration.
2026-05-04 13:22:08.659 [main] INFO  o.s.b.t.c.SpringBootTestContextBootstrapper - Found @SpringBootConfiguration org.example.chat.ChatApplication for test class org.example.chat.security.SecurityConfigTest
2026-05-04 13:22:08.718 [main] INFO  o.e.chat.security.SecurityConfigTest - Starting SecurityConfigTest using Java 17.0.17 with PID 8024 (started by echob in C:\Users\echob\IdeaProjects\java-proj-maven)
2026-05-04 13:22:08.718 [main] INFO  o.e.chat.security.SecurityConfigTest - The following 1 profile is active: "test"
2026-05-04 13:22:09.705 [main] WARN  org.hibernate.orm.deprecation - HHH90000025: H2Dialect does not need to be specified explicitly using 'hibernate.dialect' (remove the property setting and it will be selected by default)
2026-05-04 13:22:10.839 [main] INFO  o.e.chat.security.SecurityConfigTest - Started SecurityConfigTest in 2.171 seconds (process running for 24.605)
2026-05-04 13:22:10.895 [main] INFO  o.e.chat.controller.AuthController - Login request received for username: test
2026-05-04 13:22:10.896 [main] INFO  o.e.c.service.AuthenticationService - Attempting to authenticate user: test
2026-05-04 13:22:11.047 [main] WARN  o.e.c.service.AuthenticationService - Authentication failed: user not found: test
2026-05-04 13:22:11.048 [main] WARN  o.e.chat.controller.AuthController - Login failed for username test: Invalid username or password
2026-05-04 13:22:11.049 [main] WARN  o.e.c.e.GlobalExceptionHandler - Illegal argument exception: Invalid username or password
2026-05-04 13:22:11.080 [main] INFO  o.e.chat.controller.AuthController - Registration request received for username: testuser1
2026-05-04 13:22:11.081 [main] INFO  o.e.c.service.AuthenticationService - Attempting to register user: testuser1
2026-05-04 13:22:11.213 [main] INFO  o.e.c.service.AuthenticationService - Successfully registered user: testuser1
2026-05-04 13:22:11.215 [main] INFO  o.e.chat.controller.AuthController - User registered successfully: testuser1
2026-05-04 13:22:11.220 [main] INFO  o.e.chat.controller.AuthController - Login request received for username: nonexistentuser
2026-05-04 13:22:11.220 [main] INFO  o.e.c.service.AuthenticationService - Attempting to authenticate user: nonexistentuser
2026-05-04 13:22:11.223 [main] WARN  o.e.c.service.AuthenticationService - Authentication failed: user not found: nonexistentuser
2026-05-04 13:22:11.223 [main] WARN  o.e.chat.controller.AuthController - Login failed for username nonexistentuser: Invalid username or password
2026-05-04 13:22:11.223 [main] WARN  o.e.c.e.GlobalExceptionHandler - Illegal argument exception: Invalid username or password
2026-05-04 13:22:11.319 [main] ERROR o.e.c.s.WebSocketAuthenticationInterceptor - WebSocket authentication failed: User not found
2026-05-04 13:22:11.325 [main] INFO  o.e.c.s.WebSocketAuthenticationInterceptor - WebSocket connection authenticated for user: testuser
2026-05-04 13:22:11.332 [main] ERROR o.e.c.s.WebSocketAuthenticationInterceptor - Missing Authorization header in STOMP CONNECT frame
2026-05-04 13:22:11.332 [main] ERROR o.e.c.s.WebSocketAuthenticationInterceptor - WebSocket authentication failed: Missing authentication token
2026-05-04 13:22:11.335 [main] ERROR o.e.c.s.WebSocketAuthenticationInterceptor - Missing Authorization header in STOMP CONNECT frame
2026-05-04 13:22:11.336 [main] ERROR o.e.c.s.WebSocketAuthenticationInterceptor - WebSocket authentication failed: Missing authentication token
2026-05-04 13:22:11.339 [main] ERROR o.e.c.s.WebSocketAuthenticationInterceptor - Invalid JWT token in STOMP CONNECT frame
2026-05-04 13:22:11.339 [main] ERROR o.e.c.s.WebSocketAuthenticationInterceptor - WebSocket authentication failed: Invalid authentication token
2026-05-04 13:22:11.446 [main] INFO  o.e.c.service.AuthenticationService - Attempting to authenticate user: testuser
2026-05-04 13:22:11.535 [main] INFO  o.e.c.service.AuthenticationService - Successfully authenticated user: testuser
2026-05-04 13:22:11.538 [main] INFO  o.e.c.service.AuthenticationService - Attempting to register user: testuser
2026-05-04 13:22:11.541 [main] INFO  o.e.c.service.AuthenticationService - Attempting to register user: 
2026-05-04 13:22:11.544 [main] INFO  o.e.c.service.AuthenticationService - Attempting to register user: testuser
2026-05-04 13:22:11.546 [main] INFO  o.e.c.service.AuthenticationService - Attempting to register user: aaaaaaaaaaaaaaaaaaaaaaaaaaaaaaaaaaaaaaaaaaaaaaaaaaa
2026-05-04 13:22:11.550 [main] INFO  o.e.c.service.AuthenticationService - Attempting to register user: testuser
2026-05-04 13:22:11.643 [main] INFO  o.e.c.service.AuthenticationService - Successfully registered user: testuser
2026-05-04 13:22:11.647 [main] INFO  o.e.c.service.AuthenticationService - Attempting to authenticate user: 
2026-05-04 13:22:11.648 [main] WARN  o.e.c.service.AuthenticationService - Authentication failed: username is empty
2026-05-04 13:22:11.651 [main] INFO  o.e.c.service.AuthenticationService - Attempting to authenticate user: nonexistent
2026-05-04 13:22:11.651 [main] WARN  o.e.c.service.AuthenticationService - Authentication failed: user not found: nonexistent
2026-05-04 13:22:11.656 [main] INFO  o.e.c.service.AuthenticationService - Attempting to register user: existinguser
2026-05-04 13:22:11.656 [main] WARN  o.e.c.service.AuthenticationService - Registration failed: username already exists: existinguser
2026-05-04 13:22:11.660 [main] INFO  o.e.c.service.AuthenticationService - Attempting to authenticate user: testuser
2026-05-04 13:22:11.660 [main] WARN  o.e.c.service.AuthenticationService - Authentication failed: password is empty
2026-05-04 13:22:11.765 [main] INFO  o.e.c.service.AuthenticationService - Attempting to authenticate user: testuser
2026-05-04 13:22:11.858 [main] WARN  o.e.c.service.AuthenticationService - Authentication failed: invalid password for user: testuser
2026-05-04 13:22:11.861 [main] INFO  o.e.c.service.AuthenticationService - Attempting to register user: testuser
2026-05-04 13:22:11.866 [main] INFO  o.e.c.service.AuthenticationService - Attempting to register user: testuser
2026-05-04 13:22:11.867 [main] WARN  o.e.c.service.AuthenticationService - Registration failed: email already exists: existing@example.com
2026-05-04 13:22:11.870 [main] INFO  o.e.c.service.AuthenticationService - Attempting to register user: testuser
2026-05-04 13:22:11.968 [main] WARN  o.e.chat.service.ChatMessageService - Get message history failed: chat room not found: 1
2026-05-04 13:22:11.971 [main] INFO  o.e.chat.service.ChatMessageService - User ID: 1 attempting to send message to room ID: 1
2026-05-04 13:22:11.980 [main] INFO  o.e.chat.service.ChatMessageService - User ID: 1 attempting to send message to room ID: 1
2026-05-04 13:22:11.982 [main] INFO  o.e.chat.service.ChatMessageService - Message persisted with ID: 1 in room ID: 1
2026-05-04 13:22:11.982 [main] INFO  o.e.chat.service.ChatMessageService - Message ID: 1 successfully broadcast to topic: /topic/room/1
2026-05-04 13:22:11.987 [main] INFO  o.e.chat.service.ChatMessageService - User ID: 1 attempting to send message to room ID: 1
2026-05-04 13:22:11.987 [main] INFO  o.e.chat.service.ChatMessageService - Message persisted with ID: 1 in room ID: 1
2026-05-04 13:22:11.987 [main] INFO  o.e.chat.service.ChatMessageService - Message ID: 1 successfully broadcast to topic: /topic/room/1
2026-05-04 13:22:11.992 [main] INFO  o.e.chat.service.ChatMessageService - User ID: 1 attempting to send message to room ID: 1
2026-05-04 13:22:11.998 [main] INFO  o.e.chat.service.ChatMessageService - User ID: 1 attempting to send message to room ID: 1
2026-05-04 13:22:12.003 [main] INFO  o.e.chat.service.ChatMessageService - User ID: 1 attempting to send message to room ID: 1
2026-05-04 13:22:12.004 [main] WARN  o.e.chat.service.ChatMessageService - Send message failed: chat room not found: 1
2026-05-04 13:22:12.007 [main] INFO  o.e.chat.service.ChatMessageService - User ID: 1 attempting to send message to room ID: 1
2026-05-04 13:22:12.008 [main] WARN  o.e.chat.service.ChatMessageService - User ID: 1 is not a member of room ID: 1
2026-05-04 13:22:12.012 [main] INFO  o.e.chat.service.ChatMessageService - User ID: 1 attempting to send message to room ID: 1
2026-05-04 13:22:12.012 [main] INFO  o.e.chat.service.ChatMessageService - Message persisted with ID: 1 in room ID: 1
2026-05-04 13:22:12.012 [main] INFO  o.e.chat.service.ChatMessageService - Message ID: 1 successfully broadcast to topic: /topic/room/1
2026-05-04 13:22:12.017 [main] INFO  o.e.chat.service.ChatMessageService - User ID: 1 attempting to send message to room ID: 1
2026-05-04 13:22:12.019 [main] WARN  o.e.chat.service.ChatMessageService - Send message failed: sender not found: 1
2026-05-04 13:22:12.025 [main] INFO  o.e.chat.service.ChatRoomService - Attempting to create chat room: Existing Room by user ID: 1
2026-05-04 13:22:12.025 [main] WARN  o.e.chat.service.ChatRoomService - Room creation failed: room name already exists: Existing Room
2026-05-04 13:22:12.029 [main] INFO  o.e.chat.service.ChatRoomService - Attempting to create chat room: New Room by user ID: 1
2026-05-04 13:22:12.034 [main] INFO  o.e.chat.service.ChatRoomService - Successfully created chat room: New Room with ID: 1
2026-05-04 13:22:12.034 [main] INFO  o.e.chat.service.ChatRoomService - Adding user ID: 1 to chat room ID: 1 with role: OWNER
2026-05-04 13:22:12.035 [main] INFO  o.e.chat.service.ChatRoomService - Successfully added user ID: 1 to chat room ID: 1
2026-05-04 13:22:12.039 [main] INFO  o.e.chat.service.ChatRoomService - Deleting chat room ID: 999 by user ID: 1
2026-05-04 13:22:12.040 [main] WARN  o.e.chat.service.ChatRoomService - Chat room not found: 999
2026-05-04 13:22:12.044 [main] INFO  o.e.chat.service.ChatRoomService - Attempting to create chat room: aaaaaaaaaaaaaaaaaaaaaaaaaaaaaaaaaaaaaaaaaaaaaaaaaaaaaaaaaaaaaaaaaaaaaaaaaaaaaaaaaaaaaaaaaaaaaaaaaaaaa by user ID: 1
2026-05-04 13:22:12.047 [main] INFO  o.e.chat.service.ChatRoomService - Removing user ID: 999 from chat room ID: 1
2026-05-04 13:22:12.048 [main] WARN  o.e.chat.service.ChatRoomService - Remove member failed: user not found: 999
2026-05-04 13:22:12.052 [main] INFO  o.e.chat.service.ChatRoomService - Adding user ID: 2 to chat room ID: 1 with role: null
2026-05-04 13:22:12.053 [main] INFO  o.e.chat.service.ChatRoomService - Successfully added user ID: 2 to chat room ID: 1
2026-05-04 13:22:12.061 [main] INFO  o.e.chat.service.ChatRoomService - Attempting to create chat room:  by user ID: 1
2026-05-04 13:22:12.066 [main] INFO  o.e.chat.service.ChatRoomService - Deleting chat room ID: 1 by user ID: 1
2026-05-04 13:22:12.074 [main] INFO  o.e.chat.service.ChatRoomService - Adding user ID: 2 to chat room ID: 1 with role: MEMBER
2026-05-04 13:22:12.074 [main] INFO  o.e.chat.service.ChatRoomService - Successfully added user ID: 2 to chat room ID: 1
2026-05-04 13:22:12.084 [main] INFO  o.e.chat.service.ChatRoomService - Adding user ID: 1 to chat room ID: 1 with role: MEMBER
2026-05-04 13:22:12.088 [main] INFO  o.e.chat.service.ChatRoomService - Adding user ID: 999 to chat room ID: 1 with role: MEMBER
2026-05-04 13:22:12.089 [main] WARN  o.e.chat.service.ChatRoomService - Add member failed: user not found: 999
2026-05-04 13:22:12.093 [main] INFO  o.e.chat.service.ChatRoomService - Deleting chat room ID: 1 by user ID: 999
2026-05-04 13:22:12.096 [main] INFO  o.e.chat.service.ChatRoomService - Deleting chat room ID: 1 by user ID: 1
2026-05-04 13:22:12.100 [main] INFO  o.e.chat.service.ChatRoomService - Deleting chat room ID: 1 by user ID: 1
2026-05-04 13:22:12.100 [main] INFO  o.e.chat.service.ChatRoomService - Deleted chat room ID: 1
2026-05-04 13:22:12.109 [main] INFO  o.e.chat.service.ChatRoomService - Removing user ID: 2 from chat room ID: 1
2026-05-04 13:22:12.109 [main] WARN  o.e.chat.service.ChatRoomService - Remove member failed: user 2 is not a member of room 1
2026-05-04 13:22:12.113 [main] WARN  o.e.chat.service.ChatRoomService - Chat room not found: 999
2026-05-04 13:22:12.116 [main] WARN  o.e.chat.service.ChatRoomService - Chat room not found: 999
2026-05-04 13:22:12.120 [main] INFO  o.e.chat.service.ChatRoomService - Attempting to create chat room: New Room by user ID: 999
2026-05-04 13:22:12.120 [main] WARN  o.e.chat.service.ChatRoomService - Room creation failed: creator user not found: 999
2026-05-04 13:22:12.123 [main] INFO  o.e.chat.service.ChatRoomService - Removing user ID: 1 from chat room ID: 1
2026-05-04 13:22:12.123 [main] INFO  o.e.chat.service.ChatRoomService - Successfully removed user ID: 1 from chat room ID: 1
2026-05-04 13:22:12.129 [main] INFO  o.e.chat.service.ChatRoomService - Deleting chat room ID: 1 by user ID: 1
2026-05-04 13:22:12.129 [main] INFO  o.e.chat.service.ChatRoomService - Deleted chat room ID: 1
2026-05-04 13:22:12.422 [main] INFO  o.example.chat.service.FriendService - Friend request accepted by testuser from frienduser
2026-05-04 13:22:12.431 [main] INFO  o.example.chat.service.FriendService - Friend request declined by testuser from frienduser
2026-05-04 13:22:12.435 [main] INFO  o.example.chat.service.FriendService - Friend request sent from testuser to frienduser
2026-05-04 13:22:12.461 [main] INFO  o.example.chat.service.FriendService - Friend request accepted by testuser from frienduser
2026-05-04 13:41:25.444 [main] INFO  o.e.c.integration.AuthenticationIT - Starting AuthenticationIT using Java 17.0.17 with PID 28988 (started by echob in C:\Users\echob\IdeaProjects\java-proj-maven)
2026-05-04 13:41:25.447 [main] INFO  o.e.c.integration.AuthenticationIT - The following 1 profile is active: "test"
2026-05-04 13:41:32.190 [main] WARN  org.hibernate.orm.deprecation - HHH90000025: H2Dialect does not need to be specified explicitly using 'hibernate.dialect' (remove the property setting and it will be selected by default)
2026-05-04 13:41:46.087 [main] INFO  o.e.c.integration.AuthenticationIT - Started AuthenticationIT in 21.699 seconds (process running for 25.238)
2026-05-04 13:41:47.254 [main] INFO  o.e.chat.controller.AuthController - Registration request received for username: integrationuser
2026-05-04 13:41:47.260 [main] INFO  o.e.c.service.AuthenticationService - Attempting to register user: integrationuser
2026-05-04 13:41:47.634 [main] INFO  o.e.c.service.AuthenticationService - Successfully registered user: integrationuser
2026-05-04 13:41:47.635 [main] INFO  o.e.chat.controller.AuthController - User registered successfully: integrationuser
2026-05-04 13:41:47.838 [main] INFO  o.e.chat.controller.AuthController - Login request received for username: integrationuser
2026-05-04 13:41:47.839 [main] INFO  o.e.c.service.AuthenticationService - Attempting to authenticate user: integrationuser
2026-05-04 13:41:48.022 [main] INFO  o.e.c.service.AuthenticationService - Successfully authenticated user: integrationuser
2026-05-04 13:41:48.027 [main] INFO  o.e.chat.controller.AuthController - User logged in successfully: integrationuser
2026-05-04 13:41:48.062 [main] INFO  o.e.chat.controller.AuthController - Registration request received for username: firstuser
2026-05-04 13:41:48.062 [main] INFO  o.e.c.service.AuthenticationService - Attempting to register user: firstuser
2026-05-04 13:41:48.157 [main] INFO  o.e.c.service.AuthenticationService - Successfully registered user: firstuser
2026-05-04 13:41:48.157 [main] INFO  o.e.chat.controller.AuthController - User registered successfully: firstuser
2026-05-04 13:41:48.162 [main] INFO  o.e.chat.controller.AuthController - Registration request received for username: seconduser
2026-05-04 13:41:48.162 [main] INFO  o.e.c.service.AuthenticationService - Attempting to register user: seconduser
2026-05-04 13:41:48.169 [main] WARN  o.e.c.service.AuthenticationService - Registration failed: email already exists: duplicate@example.com
2026-05-04 13:41:48.170 [main] WARN  o.e.chat.controller.AuthController - Registration failed for username seconduser: Email already exists
2026-05-04 13:41:48.174 [main] WARN  o.e.c.e.GlobalExceptionHandler - Illegal argument exception: Email already exists
2026-05-04 13:41:48.206 [main] INFO  o.e.chat.controller.AuthController - Login request received for username: nonexistent
2026-05-04 13:41:48.206 [main] INFO  o.e.c.service.AuthenticationService - Attempting to authenticate user: nonexistent
2026-05-04 13:41:48.209 [main] WARN  o.e.c.service.AuthenticationService - Authentication failed: user not found: nonexistent
2026-05-04 13:41:48.209 [main] WARN  o.e.chat.controller.AuthController - Login failed for username nonexistent: Invalid username or password
2026-05-04 13:41:48.210 [main] WARN  o.e.c.e.GlobalExceptionHandler - Illegal argument exception: Invalid username or password
2026-05-04 13:41:48.230 [main] INFO  o.e.chat.controller.AuthController - Registration request received for username: duplicateuser
2026-05-04 13:41:48.232 [main] INFO  o.e.c.service.AuthenticationService - Attempting to register user: duplicateuser
2026-05-04 13:41:48.360 [main] INFO  o.e.c.service.AuthenticationService - Successfully registered user: duplicateuser
2026-05-04 13:41:48.360 [main] INFO  o.e.chat.controller.AuthController - User registered successfully: duplicateuser
2026-05-04 13:41:48.365 [main] INFO  o.e.chat.controller.AuthController - Registration request received for username: duplicateuser
2026-05-04 13:41:48.365 [main] INFO  o.e.c.service.AuthenticationService - Attempting to register user: duplicateuser
2026-05-04 13:41:48.368 [main] WARN  o.e.c.service.AuthenticationService - Registration failed: username already exists: duplicateuser
2026-05-04 13:41:48.369 [main] WARN  o.e.chat.controller.AuthController - Registration failed for username duplicateuser: Username already exists
2026-05-04 13:41:48.369 [main] WARN  o.e.c.e.GlobalExceptionHandler - Illegal argument exception: Username already exists
2026-05-04 13:41:48.405 [main] WARN  o.e.c.e.GlobalExceptionHandler - Validation error occurred: Validation failed for argument [0] in public org.springframework.http.ResponseEntity<org.example.chat.dto.UserResponse> org.example.chat.controller.AuthController.register(org.example.chat.dto.RegisterRequest): [Field error in object 'registerRequest' on field 'email': rejected value [invalid-email]; codes [Email.registerRequest.email,Email.email,Email.java.lang.String,Email]; arguments [org.springframework.context.support.DefaultMessageSourceResolvable: codes [registerRequest.email,email]; arguments []; default message [email],[Ljakarta.validation.constraints.Pattern$Flag;@574c877e,.*]; default message [Email must be valid]] 
2026-05-04 13:41:48.431 [main] WARN  o.e.c.e.GlobalExceptionHandler - Validation error occurred: Validation failed for argument [0] in public org.springframework.http.ResponseEntity<org.example.chat.dto.UserResponse> org.example.chat.controller.AuthController.register(org.example.chat.dto.RegisterRequest): [Field error in object 'registerRequest' on field 'password': rejected value [short]; codes [Size.registerRequest.password,Size.password,Size.java.lang.String,Size]; arguments [org.springframework.context.support.DefaultMessageSourceResolvable: codes [registerRequest.password,password]; arguments []; default message [password],2147483647,8]; default message [Password must be at least 8 characters long]] 
2026-05-04 13:41:48.451 [main] INFO  o.e.chat.controller.AuthController - Registration request received for username: testuser
2026-05-04 13:41:48.451 [main] INFO  o.e.c.service.AuthenticationService - Attempting to register user: testuser
2026-05-04 13:41:48.564 [main] INFO  o.e.c.service.AuthenticationService - Successfully registered user: testuser
2026-05-04 13:41:48.564 [main] INFO  o.e.chat.controller.AuthController - User registered successfully: testuser
2026-05-04 13:41:48.568 [main] INFO  o.e.chat.controller.AuthController - Login request received for username: testuser
2026-05-04 13:41:48.568 [main] INFO  o.e.c.service.AuthenticationService - Attempting to authenticate user: testuser
2026-05-04 13:41:48.662 [main] WARN  o.e.c.service.AuthenticationService - Authentication failed: invalid password for user: testuser
2026-05-04 13:41:48.662 [main] WARN  o.e.chat.controller.AuthController - Login failed for username testuser: Invalid username or password
2026-05-04 13:41:48.664 [main] WARN  o.e.c.e.GlobalExceptionHandler - Illegal argument exception: Invalid username or password
2026-05-04 13:41:49.566 [main] WARN  o.e.chat.service.ChatRoomService - Chat room not found: 99999
2026-05-04 13:41:49.566 [main] WARN  o.e.c.controller.ChatRoomController - Chat room not found: 99999
2026-05-04 13:41:49.566 [main] WARN  o.e.c.e.GlobalExceptionHandler - Application error occurred: ROOM_NOT_FOUND - Chat room not found with id: 99999
2026-05-04 13:41:49.687 [main] INFO  o.e.c.controller.ChatRoomController - Room creation request received: Test Room by user: roomtestuser
2026-05-04 13:41:49.690 [main] INFO  o.e.chat.service.ChatRoomService - Attempting to create chat room: Test Room by user ID: 10
2026-05-04 13:41:49.696 [main] INFO  o.e.chat.service.ChatRoomService - Successfully created chat room: Test Room with ID: 4
2026-05-04 13:41:49.697 [main] INFO  o.e.chat.service.ChatRoomService - Adding user ID: 10 to chat room ID: 4 with role: OWNER
2026-05-04 13:41:49.703 [main] INFO  o.e.chat.service.ChatRoomService - Successfully added user ID: 10 to chat room ID: 4
2026-05-04 13:41:49.704 [main] INFO  o.e.c.controller.ChatRoomController - Room created successfully: Test Room with ID: 4
2026-05-04 13:41:49.917 [main] INFO  o.e.chat.service.ChatRoomService - Adding user ID: 11 to chat room ID: 5 with role: null
2026-05-04 13:41:49.921 [main] INFO  o.e.chat.service.ChatRoomService - Successfully added user ID: 11 to chat room ID: 5
2026-05-04 13:41:50.033 [main] INFO  o.e.c.controller.ChatRoomController - Room creation request received: Integration Test Room by user: roomtestuser
2026-05-04 13:41:50.035 [main] INFO  o.e.chat.service.ChatRoomService - Attempting to create chat room: Integration Test Room by user ID: 13
2026-05-04 13:41:50.042 [main] INFO  o.e.chat.service.ChatRoomService - Successfully created chat room: Integration Test Room with ID: 6
2026-05-04 13:41:50.042 [main] INFO  o.e.chat.service.ChatRoomService - Adding user ID: 13 to chat room ID: 6 with role: OWNER
2026-05-04 13:41:50.047 [main] INFO  o.e.chat.service.ChatRoomService - Successfully added user ID: 13 to chat room ID: 6
2026-05-04 13:41:50.047 [main] INFO  o.e.c.controller.ChatRoomController - Room created successfully: Integration Test Room with ID: 6
2026-05-04 13:41:50.225 [main] INFO  o.e.c.c.MessageHistoryController - Message history request for room ID: 99999 by user: messageuser
2026-05-04 13:41:50.231 [main] WARN  o.e.c.c.MessageHistoryController - Message history request failed: chat room not found: 99999
2026-05-04 13:41:50.231 [main] WARN  o.e.c.e.GlobalExceptionHandler - Application error occurred: ROOM_NOT_FOUND - Chat room not found with id: 99999
2026-05-04 13:41:50.350 [main] INFO  o.e.c.c.MessageHistoryController - Message history request for room ID: 8 by user: messageuser
2026-05-04 13:41:50.374 [main] INFO  o.e.c.c.MessageHistoryController - Retrieved 0 messages for room ID: 8
2026-05-04 13:41:50.501 [main] INFO  o.e.c.c.MessageHistoryController - Message history request for room ID: 9 by user: messageuser
2026-05-04 13:41:50.511 [main] INFO  o.e.c.c.MessageHistoryController - Retrieved 3 messages for room ID: 9
2026-05-04 13:41:50.715 [main] INFO  o.e.c.c.MessageHistoryController - Message history request for room ID: 10 by user: messageuser
2026-05-04 13:41:50.723 [main] INFO  o.e.c.c.MessageHistoryController - Retrieved 2 messages for room ID: 10
2026-05-04 13:41:50.914 [main] INFO  o.e.c.c.MessageHistoryController - Message history request for room ID: 12 by user: messageuser
2026-05-04 13:41:50.921 [main] INFO  o.e.c.c.MessageHistoryController - Retrieved 3 messages for room ID: 12
2026-05-04 13:41:51.089 [main] INFO  o.e.c.c.MessageHistoryController - Message history request for room ID: 13 by user: otheruser
2026-05-04 13:41:51.094 [main] INFO  o.e.chat.service.ChatRoomService - Adding user ID: 22 to chat room ID: 13 with role: null
2026-05-04 13:41:51.098 [main] INFO  o.e.chat.service.ChatRoomService - Successfully added user ID: 22 to chat room ID: 13
2026-05-04 13:41:51.101 [main] INFO  o.e.c.c.MessageHistoryController - Retrieved 0 messages for room ID: 13
2026-05-04 13:41:51.208 [main] INFO  o.e.c.c.MessageHistoryController - Message history request for room ID: 14 by user: messageuser
2026-05-04 13:41:51.225 [main] INFO  o.e.c.c.MessageHistoryController - Retrieved 5 messages for room ID: 14
2026-05-04 13:41:51.404 [main] INFO  o.e.c.c.MessageHistoryController - Message history request for room ID: 15 by user: member_0
2026-05-04 13:41:51.427 [main] INFO  o.e.c.c.MessageHistoryController - Retrieved 0 messages for room ID: 15
2026-05-04 13:41:51.611 [main] INFO  o.e.c.c.MessageHistoryController - Message history request for room ID: 16 by user: member_1
2026-05-04 13:41:51.621 [main] INFO  o.e.c.c.MessageHistoryController - Retrieved 0 messages for room ID: 16
2026-05-04 13:41:51.757 [main] INFO  o.e.c.c.MessageHistoryController - Message history request for room ID: 17 by user: member_2
2026-05-04 13:41:51.768 [main] INFO  o.e.c.c.MessageHistoryController - Retrieved 0 messages for room ID: 17
2026-05-04 13:41:51.885 [main] INFO  o.e.c.c.MessageHistoryController - Message history request for room ID: 18 by user: member_3
2026-05-04 13:41:51.892 [main] INFO  o.e.c.c.MessageHistoryController - Retrieved 0 messages for room ID: 18
2026-05-04 13:41:52.000 [main] INFO  o.e.c.c.MessageHistoryController - Message history request for room ID: 19 by user: member_4
2026-05-04 13:41:52.007 [main] INFO  o.e.c.c.MessageHistoryController - Retrieved 0 messages for room ID: 19
2026-05-04 13:41:52.108 [main] INFO  o.e.chat.controller.UserController - Get current user request for: profile_0
2026-05-04 13:41:52.120 [main] INFO  o.e.chat.controller.UserController - Update profile request for user: profile_0
2026-05-04 13:41:52.120 [main] INFO  o.e.c.service.AuthenticationService - Updating profile for user: profile_0
2026-05-04 13:41:52.126 [main] INFO  o.e.c.service.AuthenticationService - Successfully updated profile for user: profile_0
2026-05-04 13:41:52.127 [main] INFO  o.e.chat.controller.UserController - Profile updated successfully for user: profile_0
2026-05-04 13:41:52.245 [main] INFO  o.e.chat.controller.UserController - Get current user request for: profile_1
2026-05-04 13:41:52.257 [main] INFO  o.e.chat.controller.UserController - Update profile request for user: profile_1
2026-05-04 13:41:52.257 [main] INFO  o.e.c.service.AuthenticationService - Updating profile for user: profile_1
2026-05-04 13:41:52.260 [main] INFO  o.e.c.service.AuthenticationService - Successfully updated profile for user: profile_1
2026-05-04 13:41:52.261 [main] INFO  o.e.chat.controller.UserController - Profile updated successfully for user: profile_1
2026-05-04 13:41:52.371 [main] INFO  o.e.chat.controller.UserController - Get current user request for: profile_2
2026-05-04 13:41:52.382 [main] INFO  o.e.chat.controller.UserController - Update profile request for user: profile_2
2026-05-04 13:41:52.382 [main] INFO  o.e.c.service.AuthenticationService - Updating profile for user: profile_2
2026-05-04 13:41:52.384 [main] INFO  o.e.c.service.AuthenticationService - Successfully updated profile for user: profile_2
2026-05-04 13:41:52.384 [main] INFO  o.e.chat.controller.UserController - Profile updated successfully for user: profile_2
2026-05-04 13:41:52.483 [main] INFO  o.e.chat.controller.UserController - Get current user request for: profile_3
2026-05-04 13:41:52.492 [main] INFO  o.e.chat.controller.UserController - Update profile request for user: profile_3
2026-05-04 13:41:52.492 [main] INFO  o.e.c.service.AuthenticationService - Updating profile for user: profile_3
2026-05-04 13:41:52.495 [main] INFO  o.e.c.service.AuthenticationService - Successfully updated profile for user: profile_3
2026-05-04 13:41:52.495 [main] INFO  o.e.chat.controller.UserController - Profile updated successfully for user: profile_3
2026-05-04 13:41:52.615 [main] INFO  o.e.chat.controller.UserController - Get current user request for: profile_4
2026-05-04 13:41:52.625 [main] INFO  o.e.chat.controller.UserController - Update profile request for user: profile_4
2026-05-04 13:41:52.625 [main] INFO  o.e.c.service.AuthenticationService - Updating profile for user: profile_4
2026-05-04 13:41:52.628 [main] INFO  o.e.c.service.AuthenticationService - Successfully updated profile for user: profile_4
2026-05-04 13:41:52.629 [main] INFO  o.e.chat.controller.UserController - Profile updated successfully for user: profile_4
2026-05-04 13:41:52.646 [main] WARN  o.e.c.e.GlobalExceptionHandler - Validation error occurred: Validation failed for argument [0] in public org.springframework.http.ResponseEntity<org.example.chat.dto.UserResponse> org.example.chat.controller.AuthController.register(org.example.chat.dto.RegisterRequest): [Field error in object 'registerRequest' on field 'email': rejected value [invalid-email]; codes [Email.registerRequest.email,Email.email,Email.java.lang.String,Email]; arguments [org.springframework.context.support.DefaultMessageSourceResolvable: codes [registerRequest.email,email]; arguments []; default message [email],[Ljakarta.validation.constraints.Pattern$Flag;@574c877e,.*]; default message [Email must be valid]] 
2026-05-04 13:41:52.651 [main] WARN  o.e.c.e.GlobalExceptionHandler - Validation error occurred: Validation failed for argument [0] in public org.springframework.http.ResponseEntity<org.example.chat.dto.UserResponse> org.example.chat.controller.AuthController.register(org.example.chat.dto.RegisterRequest): [Field error in object 'registerRequest' on field 'password': rejected value [short]; codes [Size.registerRequest.password,Size.password,Size.java.lang.String,Size]; arguments [org.springframework.context.support.DefaultMessageSourceResolvable: codes [registerRequest.password,password]; arguments []; default message [password],2147483647,8]; default message [Password must be at least 8 characters long]] 
2026-05-04 13:41:52.663 [main] INFO  o.e.chat.controller.AuthController - Registration request received for username: pub_user_0
2026-05-04 13:41:52.663 [main] INFO  o.e.c.service.AuthenticationService - Attempting to register user: pub_user_0
2026-05-04 13:41:52.754 [main] INFO  o.e.c.service.AuthenticationService - Successfully registered user: pub_user_0
2026-05-04 13:41:52.754 [main] INFO  o.e.chat.controller.AuthController - User registered successfully: pub_user_0
2026-05-04 13:41:52.758 [main] INFO  o.e.chat.controller.AuthController - Registration request received for username: pub_user_1
2026-05-04 13:41:52.759 [main] INFO  o.e.c.service.AuthenticationService - Attempting to register user: pub_user_1
2026-05-04 13:41:52.848 [main] INFO  o.e.c.service.AuthenticationService - Successfully registered user: pub_user_1
2026-05-04 13:41:52.848 [main] INFO  o.e.chat.controller.AuthController - User registered successfully: pub_user_1
2026-05-04 13:41:52.851 [main] INFO  o.e.chat.controller.AuthController - Registration request received for username: pub_user_2
2026-05-04 13:41:52.851 [main] INFO  o.e.c.service.AuthenticationService - Attempting to register user: pub_user_2
2026-05-04 13:41:52.935 [main] INFO  o.e.c.service.AuthenticationService - Successfully registered user: pub_user_2
2026-05-04 13:41:52.935 [main] INFO  o.e.chat.controller.AuthController - User registered successfully: pub_user_2
2026-05-04 13:41:52.939 [main] INFO  o.e.chat.controller.AuthController - Registration request received for username: pub_user_3
2026-05-04 13:41:52.939 [main] INFO  o.e.c.service.AuthenticationService - Attempting to register user: pub_user_3
2026-05-04 13:41:53.019 [main] INFO  o.e.c.service.AuthenticationService - Successfully registered user: pub_user_3
2026-05-04 13:41:53.019 [main] INFO  o.e.chat.controller.AuthController - User registered successfully: pub_user_3
2026-05-04 13:41:53.021 [main] INFO  o.e.chat.controller.AuthController - Registration request received for username: pub_user_4
2026-05-04 13:41:53.022 [main] INFO  o.e.c.service.AuthenticationService - Attempting to register user: pub_user_4
2026-05-04 13:41:53.101 [main] INFO  o.e.c.service.AuthenticationService - Successfully registered user: pub_user_4
2026-05-04 13:41:53.102 [main] INFO  o.e.chat.controller.AuthController - User registered successfully: pub_user_4
2026-05-04 13:41:53.197 [main] INFO  o.e.c.c.MessageHistoryController - Message history request for room ID: 20 by user: msguser_0
2026-05-04 13:41:53.205 [main] INFO  o.e.c.c.MessageHistoryController - Retrieved 0 messages for room ID: 20
2026-05-04 13:41:53.290 [main] INFO  o.e.c.c.MessageHistoryController - Message history request for room ID: 21 by user: msguser_1
2026-05-04 13:41:53.297 [main] INFO  o.e.c.c.MessageHistoryController - Retrieved 1 messages for room ID: 21
2026-05-04 13:41:53.390 [main] INFO  o.e.c.c.MessageHistoryController - Message history request for room ID: 22 by user: msguser_3
2026-05-04 13:41:53.395 [main] INFO  o.e.c.c.MessageHistoryController - Retrieved 3 messages for room ID: 22
2026-05-04 13:41:53.489 [main] INFO  o.e.c.c.MessageHistoryController - Message history request for room ID: 23 by user: msguser_5
2026-05-04 13:41:53.498 [main] INFO  o.e.c.c.MessageHistoryController - Retrieved 5 messages for room ID: 23
2026-05-04 13:41:53.601 [main] INFO  o.e.c.c.MessageHistoryController - Message history request for room ID: 24 by user: msguser_10
2026-05-04 13:41:53.611 [main] INFO  o.e.c.c.MessageHistoryController - Retrieved 10 messages for room ID: 24
2026-05-04 13:41:53.756 [main] INFO  o.e.c.c.MessageHistoryController - Message history request for room ID: 25 by user: auth_user_0
2026-05-04 13:41:53.766 [main] INFO  o.e.c.c.MessageHistoryController - Retrieved 0 messages for room ID: 25
2026-05-04 13:41:53.786 [main] INFO  o.e.chat.controller.UserController - Get current user request for: auth_user_0
2026-05-04 13:41:53.927 [main] INFO  o.e.c.c.MessageHistoryController - Message history request for room ID: 26 by user: auth_user_1
2026-05-04 13:41:53.935 [main] INFO  o.e.c.c.MessageHistoryController - Retrieved 0 messages for room ID: 26
2026-05-04 13:41:53.955 [main] INFO  o.e.chat.controller.UserController - Get current user request for: auth_user_1
2026-05-04 13:41:54.099 [main] INFO  o.e.c.c.MessageHistoryController - Message history request for room ID: 27 by user: auth_user_2
2026-05-04 13:41:54.108 [main] INFO  o.e.c.c.MessageHistoryController - Retrieved 0 messages for room ID: 27
2026-05-04 13:41:54.128 [main] INFO  o.e.chat.controller.UserController - Get current user request for: auth_user_2
2026-05-04 13:41:54.251 [main] INFO  o.e.c.c.MessageHistoryController - Message history request for room ID: 28 by user: auth_user_3
2026-05-04 13:41:54.268 [main] INFO  o.e.c.c.MessageHistoryController - Retrieved 0 messages for room ID: 28
2026-05-04 13:41:54.290 [main] INFO  o.e.chat.controller.UserController - Get current user request for: auth_user_3
2026-05-04 13:41:54.405 [main] INFO  o.e.c.c.MessageHistoryController - Message history request for room ID: 29 by user: auth_user_4
2026-05-04 13:41:54.411 [main] INFO  o.e.c.c.MessageHistoryController - Retrieved 0 messages for room ID: 29
2026-05-04 13:41:54.426 [main] INFO  o.e.chat.controller.UserController - Get current user request for: auth_user_4
2026-05-04 13:41:54.546 [main] INFO  o.e.c.controller.ChatRoomController - Room creation request received: Test Room 0 by user: creator_0
2026-05-04 13:41:54.551 [main] INFO  o.e.chat.service.ChatRoomService - Attempting to create chat room: Test Room 0 by user ID: 49
2026-05-04 13:41:54.556 [main] INFO  o.e.chat.service.ChatRoomService - Successfully created chat room: Test Room 0 with ID: 30
2026-05-04 13:41:54.557 [main] INFO  o.e.chat.service.ChatRoomService - Adding user ID: 49 to chat room ID: 30 with role: OWNER
2026-05-04 13:41:54.561 [main] INFO  o.e.chat.service.ChatRoomService - Successfully added user ID: 49 to chat room ID: 30
2026-05-04 13:41:54.562 [main] INFO  o.e.c.controller.ChatRoomController - Room created successfully: Test Room 0 with ID: 30
2026-05-04 13:41:54.666 [main] INFO  o.e.c.controller.ChatRoomController - Room creation request received: Test Room 1 by user: creator_1
2026-05-04 13:41:54.668 [main] INFO  o.e.chat.service.ChatRoomService - Attempting to create chat room: Test Room 1 by user ID: 50
2026-05-04 13:41:54.671 [main] INFO  o.e.chat.service.ChatRoomService - Successfully created chat room: Test Room 1 with ID: 31
2026-05-04 13:41:54.671 [main] INFO  o.e.chat.service.ChatRoomService - Adding user ID: 50 to chat room ID: 31 with role: OWNER
2026-05-04 13:41:54.675 [main] INFO  o.e.chat.service.ChatRoomService - Successfully added user ID: 50 to chat room ID: 31
2026-05-04 13:41:54.675 [main] INFO  o.e.c.controller.ChatRoomController - Room created successfully: Test Room 1 with ID: 31
2026-05-04 13:41:54.772 [main] INFO  o.e.c.controller.ChatRoomController - Room creation request received: Test Room 2 by user: creator_2
2026-05-04 13:41:54.774 [main] INFO  o.e.chat.service.ChatRoomService - Attempting to create chat room: Test Room 2 by user ID: 51
2026-05-04 13:41:54.777 [main] INFO  o.e.chat.service.ChatRoomService - Successfully created chat room: Test Room 2 with ID: 32
2026-05-04 13:41:54.777 [main] INFO  o.e.chat.service.ChatRoomService - Adding user ID: 51 to chat room ID: 32 with role: OWNER
2026-05-04 13:41:54.781 [main] INFO  o.e.chat.service.ChatRoomService - Successfully added user ID: 51 to chat room ID: 32
2026-05-04 13:41:54.781 [main] INFO  o.e.c.controller.ChatRoomController - Room created successfully: Test Room 2 with ID: 32
2026-05-04 13:41:54.878 [main] INFO  o.e.c.controller.ChatRoomController - Room creation request received: Test Room 3 by user: creator_3
2026-05-04 13:41:54.880 [main] INFO  o.e.chat.service.ChatRoomService - Attempting to create chat room: Test Room 3 by user ID: 52
2026-05-04 13:41:54.883 [main] INFO  o.e.chat.service.ChatRoomService - Successfully created chat room: Test Room 3 with ID: 33
2026-05-04 13:41:54.883 [main] INFO  o.e.chat.service.ChatRoomService - Adding user ID: 52 to chat room ID: 33 with role: OWNER
2026-05-04 13:41:54.887 [main] INFO  o.e.chat.service.ChatRoomService - Successfully added user ID: 52 to chat room ID: 33
2026-05-04 13:41:54.887 [main] INFO  o.e.c.controller.ChatRoomController - Room created successfully: Test Room 3 with ID: 33
2026-05-04 13:41:54.986 [main] INFO  o.e.c.controller.ChatRoomController - Room creation request received: Test Room 4 by user: creator_4
2026-05-04 13:41:54.989 [main] INFO  o.e.chat.service.ChatRoomService - Attempting to create chat room: Test Room 4 by user ID: 53
2026-05-04 13:41:54.992 [main] INFO  o.e.chat.service.ChatRoomService - Successfully created chat room: Test Room 4 with ID: 34
2026-05-04 13:41:54.992 [main] INFO  o.e.chat.service.ChatRoomService - Adding user ID: 53 to chat room ID: 34 with role: OWNER
2026-05-04 13:41:54.997 [main] INFO  o.e.chat.service.ChatRoomService - Successfully added user ID: 53 to chat room ID: 34
2026-05-04 13:41:54.997 [main] INFO  o.e.c.controller.ChatRoomController - Room created successfully: Test Room 4 with ID: 34
2026-05-04 13:41:55.255 [main] INFO  o.e.chat.controller.FriendController - Friend request send attempt by alice
2026-05-04 13:41:55.278 [main] INFO  o.example.chat.service.FriendService - Friend request sent from alice to bob
2026-05-04 13:41:55.285 [main] INFO  o.e.chat.controller.FriendController - Friend request send attempt by alice
2026-05-04 13:41:55.290 [main] WARN  o.e.c.e.GlobalExceptionHandler - Application error occurred: CONFLICT - Friend request already sent
2026-05-04 13:41:55.308 [main] INFO  o.e.chat.controller.FriendController - Accepting friend request 1 for bob
2026-05-04 13:41:55.320 [main] INFO  o.example.chat.service.FriendService - Friend request accepted by bob from alice
2026-05-04 13:41:55.345 [main] INFO  o.e.c.controller.ChatRoomController - Room creation request received: Test Room by user: alice
2026-05-04 13:41:55.346 [main] INFO  o.e.chat.service.ChatRoomService - Attempting to create chat room: Test Room by user ID: 54
2026-05-04 13:41:55.350 [main] INFO  o.e.chat.service.ChatRoomService - Successfully created chat room: Test Room with ID: 35
2026-05-04 13:41:55.350 [main] INFO  o.e.chat.service.ChatRoomService - Adding user ID: 54 to chat room ID: 35 with role: OWNER
2026-05-04 13:41:55.360 [main] INFO  o.e.chat.service.ChatRoomService - Successfully added user ID: 54 to chat room ID: 35
2026-05-04 13:41:55.360 [main] INFO  o.e.c.controller.ChatRoomController - Room created successfully: Test Room with ID: 35
2026-05-04 13:41:55.389 [main] INFO  o.e.c.controller.ChatRoomController - Room deletion request for room ID: 35 by user: alice
2026-05-04 13:41:55.391 [main] INFO  o.e.chat.service.ChatRoomService - Deleting chat room ID: 35 by user ID: 54
2026-05-04 13:41:55.394 [main] INFO  o.e.chat.service.ChatRoomService - Deleted chat room ID: 35
2026-05-04 13:41:55.566 [main] INFO  o.e.chat.controller.FriendController - Friend request send attempt by alice
2026-05-04 13:41:55.568 [main] WARN  o.e.c.e.GlobalExceptionHandler - Application error occurred: VALIDATION_ERROR - Cannot send friend request to yourself
2026-05-04 13:41:55.728 [main] INFO  o.e.c.controller.ChatRoomController - Room deletion request for room ID: 99999 by user: alice
2026-05-04 13:41:55.729 [main] INFO  o.e.chat.service.ChatRoomService - Deleting chat room ID: 99999 by user ID: 58
2026-05-04 13:41:55.730 [main] WARN  o.e.chat.service.ChatRoomService - Chat room not found: 99999
2026-05-04 13:41:55.731 [main] WARN  o.e.c.e.GlobalExceptionHandler - Application error occurred: ROOM_NOT_FOUND - Chat room not found with id: 99999
2026-05-04 13:41:55.883 [main] INFO  o.e.c.controller.ChatRoomController - Room creation request received: My Room by user: alice
2026-05-04 13:41:55.885 [main] INFO  o.e.chat.service.ChatRoomService - Attempting to create chat room: My Room by user ID: 60
2026-05-04 13:41:55.888 [main] INFO  o.e.chat.service.ChatRoomService - Successfully created chat room: My Room with ID: 36
2026-05-04 13:41:55.888 [main] INFO  o.e.chat.service.ChatRoomService - Adding user ID: 60 to chat room ID: 36 with role: OWNER
2026-05-04 13:41:55.892 [main] INFO  o.e.chat.service.ChatRoomService - Successfully added user ID: 60 to chat room ID: 36
2026-05-04 13:41:55.893 [main] INFO  o.e.c.controller.ChatRoomController - Room created successfully: My Room with ID: 36
2026-05-04 13:41:56.074 [main] INFO  o.e.chat.controller.FriendController - Friend request send attempt by alice
2026-05-04 13:41:56.083 [main] INFO  o.example.chat.service.FriendService - Friend request sent from alice to bob
2026-05-04 13:41:56.332 [main] INFO  o.e.chat.controller.FriendController - Friend request send attempt by alice
2026-05-04 13:41:56.339 [main] INFO  o.example.chat.service.FriendService - Friend request sent from alice to bob
2026-05-04 13:41:56.346 [main] INFO  o.e.chat.controller.FriendController - Accepting friend request 3 for bob
2026-05-04 13:41:56.354 [main] INFO  o.example.chat.service.FriendService - Friend request accepted by bob from alice
2026-05-04 13:41:56.562 [main] INFO  o.e.chat.controller.FriendController - Friend request send attempt by alice
2026-05-04 13:41:56.569 [main] INFO  o.example.chat.service.FriendService - Friend request sent from alice to bob
2026-05-04 13:41:56.581 [main] INFO  o.e.chat.controller.FriendController - Accepting friend request 4 for bob
2026-05-04 13:41:56.585 [main] INFO  o.example.chat.service.FriendService - Friend request accepted by bob from alice
2026-05-04 13:41:56.765 [main] INFO  o.e.chat.controller.FriendController - Friend request send attempt by alice
2026-05-04 13:41:56.770 [main] INFO  o.example.chat.service.FriendService - Friend request sent from alice to bob
2026-05-04 13:41:56.777 [main] INFO  o.e.chat.controller.FriendController - Declining friend request 5 for bob
2026-05-04 13:41:56.780 [main] INFO  o.example.chat.service.FriendService - Friend request declined by bob from alice
2026-05-04 13:41:57.285 [main] INFO  o.e.c.controller.ChatRoomController - Room creation request received: Room to Delete by user: alice
2026-05-04 13:41:57.287 [main] INFO  o.e.chat.service.ChatRoomService - Attempting to create chat room: Room to Delete by user ID: 74
2026-05-04 13:41:57.290 [main] INFO  o.e.chat.service.ChatRoomService - Successfully created chat room: Room to Delete with ID: 37
2026-05-04 13:41:57.290 [main] INFO  o.e.chat.service.ChatRoomService - Adding user ID: 74 to chat room ID: 37 with role: OWNER
2026-05-04 13:41:57.293 [main] INFO  o.e.chat.service.ChatRoomService - Successfully added user ID: 74 to chat room ID: 37
2026-05-04 13:41:57.293 [main] INFO  o.e.c.controller.ChatRoomController - Room created successfully: Room to Delete with ID: 37
2026-05-04 13:41:57.297 [main] INFO  o.e.c.controller.ChatRoomController - Room deletion request for room ID: 37 by user: alice
2026-05-04 13:41:57.299 [main] INFO  o.e.chat.service.ChatRoomService - Deleting chat room ID: 37 by user ID: 74
2026-05-04 13:41:57.303 [main] INFO  o.e.chat.service.ChatRoomService - Deleted chat room ID: 37
2026-05-04 13:41:57.753 [main] INFO  o.e.c.controller.ChatRoomController - Room creation request received: User1 Room by user: alice
2026-05-04 13:41:57.754 [main] INFO  o.e.chat.service.ChatRoomService - Attempting to create chat room: User1 Room by user ID: 80
2026-05-04 13:41:57.757 [main] INFO  o.e.chat.service.ChatRoomService - Successfully created chat room: User1 Room with ID: 38
2026-05-04 13:41:57.757 [main] INFO  o.e.chat.service.ChatRoomService - Adding user ID: 80 to chat room ID: 38 with role: OWNER
2026-05-04 13:41:57.759 [main] INFO  o.e.chat.service.ChatRoomService - Successfully added user ID: 80 to chat room ID: 38
2026-05-04 13:41:57.760 [main] INFO  o.e.c.controller.ChatRoomController - Room created successfully: User1 Room with ID: 38
2026-05-04 13:41:57.763 [main] INFO  o.e.c.controller.ChatRoomController - Room deletion request for room ID: 38 by user: bob
2026-05-04 13:41:57.765 [main] INFO  o.e.chat.service.ChatRoomService - Deleting chat room ID: 38 by user ID: 81
2026-05-04 13:41:57.766 [main] WARN  o.e.c.e.GlobalExceptionHandler - Application error occurred: UNAUTHORIZED - User is not a member of this room
2026-05-04 13:41:58.037 [main] INFO  o.e.chat.controller.UserController - Update profile request for user: profileuser
2026-05-04 13:41:58.037 [main] INFO  o.e.c.service.AuthenticationService - Updating profile for user: profileuser
2026-05-04 13:41:58.038 [main] INFO  o.e.c.service.AuthenticationService - Successfully updated profile for user: profileuser
2026-05-04 13:41:58.038 [main] INFO  o.e.chat.controller.UserController - Profile updated successfully for user: profileuser
2026-05-04 13:41:58.197 [main] INFO  o.e.chat.controller.UserController - Update profile request for user: profileuser
2026-05-04 13:41:58.197 [main] INFO  o.e.c.service.AuthenticationService - Updating profile for user: profileuser
2026-05-04 13:41:58.200 [main] WARN  o.e.c.service.AuthenticationService - Profile update failed: email already exists: other@example.com
2026-05-04 13:41:58.200 [main] WARN  o.e.chat.controller.UserController - Profile update failed for user profileuser: Email already exists
2026-05-04 13:41:58.201 [main] WARN  o.e.c.e.GlobalExceptionHandler - Illegal argument exception: Email already exists
2026-05-04 13:41:58.298 [main] INFO  o.e.chat.controller.UserController - Get current user request for: profileuser
2026-05-04 13:41:58.304 [main] INFO  o.e.chat.controller.UserController - Update profile request for user: profileuser
2026-05-04 13:41:58.304 [main] INFO  o.e.c.service.AuthenticationService - Updating profile for user: profileuser
2026-05-04 13:41:58.307 [main] INFO  o.e.c.service.AuthenticationService - Successfully updated profile for user: profileuser
2026-05-04 13:41:58.307 [main] INFO  o.e.chat.controller.UserController - Profile updated successfully for user: profileuser
2026-05-04 13:41:58.313 [main] INFO  o.e.chat.controller.UserController - Get current user request for: profileuser
2026-05-04 13:41:58.408 [main] WARN  o.e.c.e.GlobalExceptionHandler - Validation error occurred: Validation failed for argument [0] in public org.springframework.http.ResponseEntity<org.example.chat.dto.UserResponse> org.example.chat.controller.UserController.updateCurrentUser(org.example.chat.dto.UpdateProfileRequest): [Field error in object 'updateProfileRequest' on field 'displayName': rejected value []; codes [Size.updateProfileRequest.displayName,Size.displayName,Size.java.lang.String,Size]; arguments [org.springframework.context.support.DefaultMessageSourceResolvable: codes [updateProfileRequest.displayName,displayName]; arguments []; default message [displayName],100,1]; default message [Display name must be between 1 and 100 characters]] 
2026-05-04 13:41:58.502 [main] WARN  o.e.c.e.GlobalExceptionHandler - Validation error occurred: Validation failed for argument [0] in public org.springframework.http.ResponseEntity<org.example.chat.dto.UserResponse> org.example.chat.controller.UserController.updateCurrentUser(org.example.chat.dto.UpdateProfileRequest): [Field error in object 'updateProfileRequest' on field 'email': rejected value [invalid-email]; codes [Email.updateProfileRequest.email,Email.email,Email.java.lang.String,Email]; arguments [org.springframework.context.support.DefaultMessageSourceResolvable: codes [updateProfileRequest.email,email]; arguments []; default message [email],[Ljakarta.validation.constraints.Pattern$Flag;@574c877e,.*]; default message [Email must be valid]] 
2026-05-04 13:41:58.591 [main] INFO  o.e.chat.controller.UserController - Get current user request for: profileuser
2026-05-04 13:41:58.686 [main] INFO  o.e.chat.controller.UserController - Update profile request for user: profileuser
2026-05-04 13:41:58.687 [main] INFO  o.e.c.service.AuthenticationService - Updating profile for user: profileuser
2026-05-04 13:41:58.688 [main] INFO  o.e.c.service.AuthenticationService - Successfully updated profile for user: profileuser
2026-05-04 13:41:58.689 [main] INFO  o.e.chat.controller.UserController - Profile updated successfully for user: profileuser
2026-05-04 13:42:58.302 [main] INFO  o.e.chat.integration.ChatRoomIT - Starting ChatRoomIT using Java 17.0.17 with PID 26884 (started by echob in C:\Users\echob\IdeaProjects\java-proj-maven)
2026-05-04 13:42:58.307 [main] INFO  o.e.chat.integration.ChatRoomIT - The following 1 profile is active: "test"
2026-05-04 13:43:04.090 [main] WARN  org.hibernate.orm.deprecation - HHH90000025: H2Dialect does not need to be specified explicitly using 'hibernate.dialect' (remove the property setting and it will be selected by default)
2026-05-04 13:43:10.856 [main] INFO  o.e.chat.integration.ChatRoomIT - Started ChatRoomIT in 13.298 seconds (process running for 15.88)
2026-05-04 13:43:12.996 [main] WARN  o.e.chat.service.ChatRoomService - Chat room not found: 99999
2026-05-04 13:43:12.997 [main] WARN  o.e.c.controller.ChatRoomController - Chat room not found: 99999
2026-05-04 13:43:13.000 [main] WARN  o.e.c.e.GlobalExceptionHandler - Application error occurred: ROOM_NOT_FOUND - Chat room not found with id: 99999
2026-05-04 13:43:13.268 [main] INFO  o.e.c.controller.ChatRoomController - Room creation request received: Test Room by user: roomtestuser
2026-05-04 13:43:13.271 [main] INFO  o.e.chat.service.ChatRoomService - Attempting to create chat room: Test Room by user ID: 6
2026-05-04 13:43:13.278 [main] INFO  o.e.chat.service.ChatRoomService - Successfully created chat room: Test Room with ID: 4
2026-05-04 13:43:13.279 [main] INFO  o.e.chat.service.ChatRoomService - Adding user ID: 6 to chat room ID: 4 with role: OWNER
2026-05-04 13:43:13.285 [main] INFO  o.e.chat.service.ChatRoomService - Successfully added user ID: 6 to chat room ID: 4
2026-05-04 13:43:13.285 [main] INFO  o.e.c.controller.ChatRoomController - Room created successfully: Test Room with ID: 4
2026-05-04 13:43:13.488 [main] INFO  o.e.chat.service.ChatRoomService - Adding user ID: 7 to chat room ID: 5 with role: null
2026-05-04 13:43:13.492 [main] INFO  o.e.chat.service.ChatRoomService - Successfully added user ID: 7 to chat room ID: 5
2026-05-04 13:43:13.594 [main] INFO  o.e.c.controller.ChatRoomController - Room creation request received: Integration Test Room by user: roomtestuser
2026-05-04 13:43:13.596 [main] INFO  o.e.chat.service.ChatRoomService - Attempting to create chat room: Integration Test Room by user ID: 9
2026-05-04 13:43:13.602 [main] INFO  o.e.chat.service.ChatRoomService - Successfully created chat room: Integration Test Room with ID: 6
2026-05-04 13:43:13.602 [main] INFO  o.e.chat.service.ChatRoomService - Adding user ID: 9 to chat room ID: 6 with role: OWNER
2026-05-04 13:43:13.608 [main] INFO  o.e.chat.service.ChatRoomService - Successfully added user ID: 9 to chat room ID: 6
2026-05-04 13:43:13.609 [main] INFO  o.e.c.controller.ChatRoomController - Room created successfully: Integration Test Room with ID: 6
2026-05-04 13:43:13.878 [main] INFO  o.e.c.c.MessageHistoryController - Message history request for room ID: 99999 by user: messageuser
2026-05-04 13:43:13.883 [main] WARN  o.e.c.c.MessageHistoryController - Message history request failed: chat room not found: 99999
2026-05-04 13:43:13.885 [main] WARN  o.e.c.e.GlobalExceptionHandler - Application error occurred: ROOM_NOT_FOUND - Chat room not found with id: 99999
2026-05-04 13:43:14.056 [main] INFO  o.e.c.c.MessageHistoryController - Message history request for room ID: 8 by user: messageuser
2026-05-04 13:43:14.096 [main] INFO  o.e.c.c.MessageHistoryController - Retrieved 0 messages for room ID: 8
2026-05-04 13:43:14.283 [main] INFO  o.e.c.c.MessageHistoryController - Message history request for room ID: 9 by user: messageuser
2026-05-04 13:43:14.301 [main] INFO  o.e.c.c.MessageHistoryController - Retrieved 3 messages for room ID: 9
2026-05-04 13:43:14.625 [main] INFO  o.e.c.c.MessageHistoryController - Message history request for room ID: 10 by user: messageuser
2026-05-04 13:43:14.638 [main] INFO  o.e.c.c.MessageHistoryController - Retrieved 2 messages for room ID: 10
2026-05-04 13:43:14.975 [main] INFO  o.e.c.c.MessageHistoryController - Message history request for room ID: 12 by user: otheruser
2026-05-04 13:43:14.984 [main] INFO  o.e.chat.service.ChatRoomService - Adding user ID: 17 to chat room ID: 12 with role: null
2026-05-04 13:43:14.990 [main] INFO  o.e.chat.service.ChatRoomService - Successfully added user ID: 17 to chat room ID: 12
2026-05-04 13:43:14.994 [main] INFO  o.e.c.c.MessageHistoryController - Retrieved 0 messages for room ID: 12
2026-05-04 13:43:15.131 [main] INFO  o.e.c.c.MessageHistoryController - Message history request for room ID: 13 by user: messageuser
2026-05-04 13:43:15.143 [main] INFO  o.e.c.c.MessageHistoryController - Retrieved 3 messages for room ID: 13
2026-05-04 13:43:15.281 [main] INFO  o.e.c.c.MessageHistoryController - Message history request for room ID: 14 by user: messageuser
2026-05-04 13:43:15.302 [main] INFO  o.e.c.c.MessageHistoryController - Retrieved 5 messages for room ID: 14
2026-05-04 13:44:20.935 [main] INFO  o.e.c.controller.AuthControllerTest - Starting AuthControllerTest using Java 17.0.17 with PID 30872 (started by echob in C:\Users\echob\IdeaProjects\java-proj-maven)
2026-05-04 13:44:20.938 [main] INFO  o.e.c.controller.AuthControllerTest - The following 1 profile is active: "test"
2026-05-04 13:44:25.046 [main] INFO  o.e.c.controller.AuthControllerTest - Started AuthControllerTest in 5.284 seconds (process running for 10.476)
2026-05-04 13:44:25.553 [main] INFO  o.e.chat.controller.AuthController - Registration request received for username: testuser
2026-05-04 13:44:25.556 [main] WARN  o.e.chat.controller.AuthController - Registration failed for username testuser: Username already exists
2026-05-04 13:44:25.561 [main] WARN  o.e.c.e.GlobalExceptionHandler - Illegal argument exception: Username already exists
2026-05-04 13:44:25.654 [main] INFO  o.e.chat.controller.AuthController - Registration request received for username: testuser
2026-05-04 13:44:25.657 [main] INFO  o.e.chat.controller.AuthController - User registered successfully: testuser
2026-05-04 13:44:25.689 [main] INFO  o.e.chat.controller.AuthController - Login request received for username: testuser
2026-05-04 13:44:25.691 [main] INFO  o.e.chat.controller.AuthController - User logged in successfully: testuser
2026-05-04 13:44:25.719 [main] WARN  o.e.c.e.GlobalExceptionHandler - Validation error occurred: Validation failed for argument [0] in public org.springframework.http.ResponseEntity<org.example.chat.dto.UserResponse> org.example.chat.controller.AuthController.register(org.example.chat.dto.RegisterRequest) with 6 errors: [Field error in object 'registerRequest' on field 'username': rejected value []; codes [Size.registerRequest.username,Size.username,Size.java.lang.String,Size]; arguments [org.springframework.context.support.DefaultMessageSourceResolvable: codes [registerRequest.username,username]; arguments []; default message [username],50,3]; default message [Username must be between 3 and 50 characters]] [Field error in object 'registerRequest' on field 'username': rejected value []; codes [NotBlank.registerRequest.username,NotBlank.username,NotBlank.java.lang.String,NotBlank]; arguments [org.springframework.context.support.DefaultMessageSourceResolvable: codes [registerRequest.username,username]; arguments []; default message [username]]; default message [Username is required]] [Field error in object 'registerRequest' on field 'email': rejected value [invalid-email]; codes [Email.registerRequest.email,Email.email,Email.java.lang.String,Email]; arguments [org.springframework.context.support.DefaultMessageSourceResolvable: codes [registerRequest.email,email]; arguments []; default message [email],[Ljakarta.validation.constraints.Pattern$Flag;@7c523bdd,.*]; default message [Email must be valid]] [Field error in object 'registerRequest' on field 'password': rejected value [short]; codes [Size.registerRequest.password,Size.password,Size.java.lang.String,Size]; arguments [org.springframework.context.support.DefaultMessageSourceResolvable: codes [registerRequest.password,password]; arguments []; default message [password],2147483647,8]; default message [Password must be at least 8 characters long]] [Field error in object 'registerRequest' on field 'displayName': rejected value []; codes [NotBlank.registerRequest.displayName,NotBlank.displayName,NotBlank.java.lang.String,NotBlank]; arguments [org.springframework.context.support.DefaultMessageSourceResolvable: codes [registerRequest.displayName,displayName]; arguments []; default message [displayName]]; default message [Display name is required]] [Field error in object 'registerRequest' on field 'displayName': rejected value []; codes [Size.registerRequest.displayName,Size.displayName,Size.java.lang.String,Size]; arguments [org.springframework.context.support.DefaultMessageSourceResolvable: codes [registerRequest.displayName,displayName]; arguments []; default message [displayName],100,1]; default message [Display name must be between 1 and 100 characters]] 
2026-05-04 13:44:25.778 [main] WARN  o.e.c.e.GlobalExceptionHandler - Validation error occurred: Validation failed for argument [0] in public org.springframework.http.ResponseEntity<org.example.chat.dto.LoginResponse> org.example.chat.controller.AuthController.login(org.example.chat.dto.LoginRequest): [Field error in object 'loginRequest' on field 'password': rejected value []; codes [NotBlank.loginRequest.password,NotBlank.password,NotBlank.java.lang.String,NotBlank]; arguments [org.springframework.context.support.DefaultMessageSourceResolvable: codes [loginRequest.password,password]; arguments []; default message [password]]; default message [Password is required]] 
2026-05-04 13:44:25.792 [main] INFO  o.e.chat.controller.AuthController - Login request received for username: testuser
2026-05-04 13:44:25.795 [main] WARN  o.e.chat.controller.AuthController - Login failed for username testuser: Invalid username or password
2026-05-04 13:44:25.797 [main] WARN  o.e.c.e.GlobalExceptionHandler - Illegal argument exception: Invalid username or password
2026-05-04 13:44:25.824 [main] WARN  o.e.c.e.GlobalExceptionHandler - Validation error occurred: Validation failed for argument [0] in public org.springframework.http.ResponseEntity<org.example.chat.dto.LoginResponse> org.example.chat.controller.AuthController.login(org.example.chat.dto.LoginRequest): [Field error in object 'loginRequest' on field 'username': rejected value []; codes [NotBlank.loginRequest.username,NotBlank.username,NotBlank.java.lang.String,NotBlank]; arguments [org.springframework.context.support.DefaultMessageSourceResolvable: codes [loginRequest.username,username]; arguments []; default message [username]]; default message [Username is required]] 
2026-05-04 13:44:26.283 [main] INFO  o.e.c.c.ChatMessageController - User: testuser joining room: 1
2026-05-04 13:44:26.305 [main] INFO  o.e.c.c.ChatMessageController - User: nonexistent leaving room: 1
2026-05-04 13:44:26.313 [main] ERROR o.e.c.c.ChatMessageController - Error processing STOMP message for user: testuser
java.lang.RuntimeException: Test error
	at org.example.chat.controller.ChatMessageControllerTest.handleException_WithPrincipal_ReturnsErrorResponse(ChatMessageControllerTest.java:203)
	at java.base/jdk.internal.reflect.NativeMethodAccessorImpl.invoke0(Native Method)
	at java.base/jdk.internal.reflect.NativeMethodAccessorImpl.invoke(NativeMethodAccessorImpl.java:77)
	at java.base/jdk.internal.reflect.DelegatingMethodAccessorImpl.invoke(DelegatingMethodAccessorImpl.java:43)
	at java.base/java.lang.reflect.Method.invoke(Method.java:569)
	at org.junit.platform.commons.util.ReflectionUtils.invokeMethod(ReflectionUtils.java:767)
	at org.junit.jupiter.engine.execution.MethodInvocation.proceed(MethodInvocation.java:60)
	at org.junit.jupiter.engine.execution.InvocationInterceptorChain$ValidatingInvocation.proceed(InvocationInterceptorChain.java:131)
	at org.junit.jupiter.engine.extension.TimeoutExtension.intercept(TimeoutExtension.java:156)
	at org.junit.jupiter.engine.extension.TimeoutExtension.interceptTestableMethod(TimeoutExtension.java:147)
	at org.junit.jupiter.engine.extension.TimeoutExtension.interceptTestMethod(TimeoutExtension.java:86)
	at org.junit.jupiter.engine.execution.InterceptingExecutableInvoker$ReflectiveInterceptorCall.lambda$ofVoidMethod$0(InterceptingExecutableInvoker.java:103)
	at org.junit.jupiter.engine.execution.InterceptingExecutableInvoker.lambda$invoke$0(InterceptingExecutableInvoker.java:93)
	at org.junit.jupiter.engine.execution.InvocationInterceptorChain$InterceptedInvocation.proceed(InvocationInterceptorChain.java:106)
	at org.junit.jupiter.engine.execution.InvocationInterceptorChain.proceed(InvocationInterceptorChain.java:64)
	at org.junit.jupiter.engine.execution.InvocationInterceptorChain.chainAndInvoke(InvocationInterceptorChain.java:45)
	at org.junit.jupiter.engine.execution.InvocationInterceptorChain.invoke(InvocationInterceptorChain.java:37)
	at org.junit.jupiter.engine.execution.InterceptingExecutableInvoker.invoke(InterceptingExecutableInvoker.java:92)
	at org.junit.jupiter.engine.execution.InterceptingExecutableInvoker.invoke(InterceptingExecutableInvoker.java:86)
	at org.junit.jupiter.engine.descriptor.TestMethodTestDescriptor.lambda$invokeTestMethod$8(TestMethodTestDescriptor.java:217)
	at org.junit.platform.engine.support.hierarchical.ThrowableCollector.execute(ThrowableCollector.java:73)
	at org.junit.jupiter.engine.descriptor.TestMethodTestDescriptor.invokeTestMethod(TestMethodTestDescriptor.java:213)
	at org.junit.jupiter.engine.descriptor.TestMethodTestDescriptor.execute(TestMethodTestDescriptor.java:138)
	at org.junit.jupiter.engine.descriptor.TestMethodTestDescriptor.execute(TestMethodTestDescriptor.java:68)
	at org.junit.platform.engine.support.hierarchical.NodeTestTask.lambda$executeRecursively$6(NodeTestTask.java:156)
	at org.junit.platform.engine.support.hierarchical.ThrowableCollector.execute(ThrowableCollector.java:73)
	at org.junit.platform.engine.support.hierarchical.NodeTestTask.lambda$executeRecursively$8(NodeTestTask.java:146)
	at org.junit.platform.engine.support.hierarchical.Node.around(Node.java:137)
	at org.junit.platform.engine.support.hierarchical.NodeTestTask.lambda$executeRecursively$9(NodeTestTask.java:144)
	at org.junit.platform.engine.support.hierarchical.ThrowableCollector.execute(ThrowableCollector.java:73)
	at org.junit.platform.engine.support.hierarchical.NodeTestTask.executeRecursively(NodeTestTask.java:143)
	at org.junit.platform.engine.support.hierarchical.NodeTestTask.execute(NodeTestTask.java:100)
	at java.base/java.util.ArrayList.forEach(ArrayList.java:1511)
	at org.junit.platform.engine.support.hierarchical.SameThreadHierarchicalTestExecutorService.invokeAll(SameThreadHierarchicalTestExecutorService.java:41)
	at org.junit.platform.engine.support.hierarchical.NodeTestTask.lambda$executeRecursively$6(NodeTestTask.java:160)
	at org.junit.platform.engine.support.hierarchical.ThrowableCollector.execute(ThrowableCollector.java:73)
	at org.junit.platform.engine.support.hierarchical.NodeTestTask.lambda$executeRecursively$8(NodeTestTask.java:146)
	at org.junit.platform.engine.support.hierarchical.Node.around(Node.java:137)
	at org.junit.platform.engine.support.hierarchical.NodeTestTask.lambda$executeRecursively$9(NodeTestTask.java:144)
	at org.junit.platform.engine.support.hierarchical.ThrowableCollector.execute(ThrowableCollector.java:73)
	at org.junit.platform.engine.support.hierarchical.NodeTestTask.executeRecursively(NodeTestTask.java:143)
	at org.junit.platform.engine.support.hierarchical.NodeTestTask.execute(NodeTestTask.java:100)
	at java.base/java.util.ArrayList.forEach(ArrayList.java:1511)
	at org.junit.platform.engine.support.hierarchical.SameThreadHierarchicalTestExecutorService.invokeAll(SameThreadHierarchicalTestExecutorService.java:41)
	at org.junit.platform.engine.support.hierarchical.NodeTestTask.lambda$executeRecursively$6(NodeTestTask.java:160)
	at org.junit.platform.engine.support.hierarchical.ThrowableCollector.execute(ThrowableCollector.java:73)
	at org.junit.platform.engine.support.hierarchical.NodeTestTask.lambda$executeRecursively$8(NodeTestTask.java:146)
	at org.junit.platform.engine.support.hierarchical.Node.around(Node.java:137)
	at org.junit.platform.engine.support.hierarchical.NodeTestTask.lambda$executeRecursively$9(NodeTestTask.java:144)
	at org.junit.platform.engine.support.hierarchical.ThrowableCollector.execute(ThrowableCollector.java:73)
	at org.junit.platform.engine.support.hierarchical.NodeTestTask.executeRecursively(NodeTestTask.java:143)
	at org.junit.platform.engine.support.hierarchical.NodeTestTask.execute(NodeTestTask.java:100)
	at org.junit.platform.engine.support.hierarchical.SameThreadHierarchicalTestExecutorService.submit(SameThreadHierarchicalTestExecutorService.java:35)
	at org.junit.platform.engine.support.hierarchical.HierarchicalTestExecutor.execute(HierarchicalTestExecutor.java:57)
	at org.junit.platform.engine.support.hierarchical.HierarchicalTestEngine.execute(HierarchicalTestEngine.java:54)
	at org.junit.platform.launcher.core.EngineExecutionOrchestrator.execute(EngineExecutionOrchestrator.java:198)
	at org.junit.platform.launcher.core.EngineExecutionOrchestrator.execute(EngineExecutionOrchestrator.java:169)
	at org.junit.platform.launcher.core.EngineExecutionOrchestrator.execute(EngineExecutionOrchestrator.java:93)
	at org.junit.platform.launcher.core.EngineExecutionOrchestrator.lambda$execute$0(EngineExecutionOrchestrator.java:58)
	at org.junit.platform.launcher.core.EngineExecutionOrchestrator.withInterceptedStreams(EngineExecutionOrchestrator.java:141)
	at org.junit.platform.launcher.core.EngineExecutionOrchestrator.execute(EngineExecutionOrchestrator.java:57)
	at org.junit.platform.launcher.core.DefaultLauncher.execute(DefaultLauncher.java:103)
	at org.junit.platform.launcher.core.DefaultLauncher.execute(DefaultLauncher.java:85)
	at org.junit.platform.launcher.core.DelegatingLauncher.execute(DelegatingLauncher.java:47)
	at org.apache.maven.surefire.junitplatform.LazyLauncher.execute(LazyLauncher.java:56)
	at org.apache.maven.surefire.junitplatform.JUnitPlatformProvider.execute(JUnitPlatformProvider.java:184)
	at org.apache.maven.surefire.junitplatform.JUnitPlatformProvider.invokeAllTests(JUnitPlatformProvider.java:148)
	at org.apache.maven.surefire.junitplatform.JUnitPlatformProvider.invoke(JUnitPlatformProvider.java:122)
	at org.apache.maven.surefire.booter.ForkedBooter.runSuitesInProcess(ForkedBooter.java:385)
	at org.apache.maven.surefire.booter.ForkedBooter.execute(ForkedBooter.java:162)
	at org.apache.maven.surefire.booter.ForkedBooter.run(ForkedBooter.java:507)
	at org.apache.maven.surefire.booter.ForkedBooter.main(ForkedBooter.java:495)
2026-05-04 13:44:26.331 [main] ERROR o.e.c.c.ChatMessageController - Error processing STOMP message for user: unknown
java.lang.RuntimeException: Test error
	at org.example.chat.controller.ChatMessageControllerTest.handleException_WithoutPrincipal_ReturnsErrorResponse(ChatMessageControllerTest.java:219)
	at java.base/jdk.internal.reflect.NativeMethodAccessorImpl.invoke0(Native Method)
	at java.base/jdk.internal.reflect.NativeMethodAccessorImpl.invoke(NativeMethodAccessorImpl.java:77)
	at java.base/jdk.internal.reflect.DelegatingMethodAccessorImpl.invoke(DelegatingMethodAccessorImpl.java:43)
	at java.base/java.lang.reflect.Method.invoke(Method.java:569)
	at org.junit.platform.commons.util.ReflectionUtils.invokeMethod(ReflectionUtils.java:767)
	at org.junit.jupiter.engine.execution.MethodInvocation.proceed(MethodInvocation.java:60)
	at org.junit.jupiter.engine.execution.InvocationInterceptorChain$ValidatingInvocation.proceed(InvocationInterceptorChain.java:131)
	at org.junit.jupiter.engine.extension.TimeoutExtension.intercept(TimeoutExtension.java:156)
	at org.junit.jupiter.engine.extension.TimeoutExtension.interceptTestableMethod(TimeoutExtension.java:147)
	at org.junit.jupiter.engine.extension.TimeoutExtension.interceptTestMethod(TimeoutExtension.java:86)
	at org.junit.jupiter.engine.execution.InterceptingExecutableInvoker$ReflectiveInterceptorCall.lambda$ofVoidMethod$0(InterceptingExecutableInvoker.java:103)
	at org.junit.jupiter.engine.execution.InterceptingExecutableInvoker.lambda$invoke$0(InterceptingExecutableInvoker.java:93)
	at org.junit.jupiter.engine.execution.InvocationInterceptorChain$InterceptedInvocation.proceed(InvocationInterceptorChain.java:106)
	at org.junit.jupiter.engine.execution.InvocationInterceptorChain.proceed(InvocationInterceptorChain.java:64)
	at org.junit.jupiter.engine.execution.InvocationInterceptorChain.chainAndInvoke(InvocationInterceptorChain.java:45)
	at org.junit.jupiter.engine.execution.InvocationInterceptorChain.invoke(InvocationInterceptorChain.java:37)
	at org.junit.jupiter.engine.execution.InterceptingExecutableInvoker.invoke(InterceptingExecutableInvoker.java:92)
	at org.junit.jupiter.engine.execution.InterceptingExecutableInvoker.invoke(InterceptingExecutableInvoker.java:86)
	at org.junit.jupiter.engine.descriptor.TestMethodTestDescriptor.lambda$invokeTestMethod$8(TestMethodTestDescriptor.java:217)
	at org.junit.platform.engine.support.hierarchical.ThrowableCollector.execute(ThrowableCollector.java:73)
	at org.junit.jupiter.engine.descriptor.TestMethodTestDescriptor.invokeTestMethod(TestMethodTestDescriptor.java:213)
	at org.junit.jupiter.engine.descriptor.TestMethodTestDescriptor.execute(TestMethodTestDescriptor.java:138)
	at org.junit.jupiter.engine.descriptor.TestMethodTestDescriptor.execute(TestMethodTestDescriptor.java:68)
	at org.junit.platform.engine.support.hierarchical.NodeTestTask.lambda$executeRecursively$6(NodeTestTask.java:156)
	at org.junit.platform.engine.support.hierarchical.ThrowableCollector.execute(ThrowableCollector.java:73)
	at org.junit.platform.engine.support.hierarchical.NodeTestTask.lambda$executeRecursively$8(NodeTestTask.java:146)
	at org.junit.platform.engine.support.hierarchical.Node.around(Node.java:137)
	at org.junit.platform.engine.support.hierarchical.NodeTestTask.lambda$executeRecursively$9(NodeTestTask.java:144)
	at org.junit.platform.engine.support.hierarchical.ThrowableCollector.execute(ThrowableCollector.java:73)
	at org.junit.platform.engine.support.hierarchical.NodeTestTask.executeRecursively(NodeTestTask.java:143)
	at org.junit.platform.engine.support.hierarchical.NodeTestTask.execute(NodeTestTask.java:100)
	at java.base/java.util.ArrayList.forEach(ArrayList.java:1511)
	at org.junit.platform.engine.support.hierarchical.SameThreadHierarchicalTestExecutorService.invokeAll(SameThreadHierarchicalTestExecutorService.java:41)
	at org.junit.platform.engine.support.hierarchical.NodeTestTask.lambda$executeRecursively$6(NodeTestTask.java:160)
	at org.junit.platform.engine.support.hierarchical.ThrowableCollector.execute(ThrowableCollector.java:73)
	at org.junit.platform.engine.support.hierarchical.NodeTestTask.lambda$executeRecursively$8(NodeTestTask.java:146)
	at org.junit.platform.engine.support.hierarchical.Node.around(Node.java:137)
	at org.junit.platform.engine.support.hierarchical.NodeTestTask.lambda$executeRecursively$9(NodeTestTask.java:144)
	at org.junit.platform.engine.support.hierarchical.ThrowableCollector.execute(ThrowableCollector.java:73)
	at org.junit.platform.engine.support.hierarchical.NodeTestTask.executeRecursively(NodeTestTask.java:143)
	at org.junit.platform.engine.support.hierarchical.NodeTestTask.execute(NodeTestTask.java:100)
	at java.base/java.util.ArrayList.forEach(ArrayList.java:1511)
	at org.junit.platform.engine.support.hierarchical.SameThreadHierarchicalTestExecutorService.invokeAll(SameThreadHierarchicalTestExecutorService.java:41)
	at org.junit.platform.engine.support.hierarchical.NodeTestTask.lambda$executeRecursively$6(NodeTestTask.java:160)
	at org.junit.platform.engine.support.hierarchical.ThrowableCollector.execute(ThrowableCollector.java:73)
	at org.junit.platform.engine.support.hierarchical.NodeTestTask.lambda$executeRecursively$8(NodeTestTask.java:146)
	at org.junit.platform.engine.support.hierarchical.Node.around(Node.java:137)
	at org.junit.platform.engine.support.hierarchical.NodeTestTask.lambda$executeRecursively$9(NodeTestTask.java:144)
	at org.junit.platform.engine.support.hierarchical.ThrowableCollector.execute(ThrowableCollector.java:73)
	at org.junit.platform.engine.support.hierarchical.NodeTestTask.executeRecursively(NodeTestTask.java:143)
	at org.junit.platform.engine.support.hierarchical.NodeTestTask.execute(NodeTestTask.java:100)
	at org.junit.platform.engine.support.hierarchical.SameThreadHierarchicalTestExecutorService.submit(SameThreadHierarchicalTestExecutorService.java:35)
	at org.junit.platform.engine.support.hierarchical.HierarchicalTestExecutor.execute(HierarchicalTestExecutor.java:57)
	at org.junit.platform.engine.support.hierarchical.HierarchicalTestEngine.execute(HierarchicalTestEngine.java:54)
	at org.junit.platform.launcher.core.EngineExecutionOrchestrator.execute(EngineExecutionOrchestrator.java:198)
	at org.junit.platform.launcher.core.EngineExecutionOrchestrator.execute(EngineExecutionOrchestrator.java:169)
	at org.junit.platform.launcher.core.EngineExecutionOrchestrator.execute(EngineExecutionOrchestrator.java:93)
	at org.junit.platform.launcher.core.EngineExecutionOrchestrator.lambda$execute$0(EngineExecutionOrchestrator.java:58)
	at org.junit.platform.launcher.core.EngineExecutionOrchestrator.withInterceptedStreams(EngineExecutionOrchestrator.java:141)
	at org.junit.platform.launcher.core.EngineExecutionOrchestrator.execute(EngineExecutionOrchestrator.java:57)
	at org.junit.platform.launcher.core.DefaultLauncher.execute(DefaultLauncher.java:103)
	at org.junit.platform.launcher.core.DefaultLauncher.execute(DefaultLauncher.java:85)
	at org.junit.platform.launcher.core.DelegatingLauncher.execute(DelegatingLauncher.java:47)
	at org.apache.maven.surefire.junitplatform.LazyLauncher.execute(LazyLauncher.java:56)
	at org.apache.maven.surefire.junitplatform.JUnitPlatformProvider.execute(JUnitPlatformProvider.java:184)
	at org.apache.maven.surefire.junitplatform.JUnitPlatformProvider.invokeAllTests(JUnitPlatformProvider.java:148)
	at org.apache.maven.surefire.junitplatform.JUnitPlatformProvider.invoke(JUnitPlatformProvider.java:122)
	at org.apache.maven.surefire.booter.ForkedBooter.runSuitesInProcess(ForkedBooter.java:385)
	at org.apache.maven.surefire.booter.ForkedBooter.execute(ForkedBooter.java:162)
	at org.apache.maven.surefire.booter.ForkedBooter.run(ForkedBooter.java:507)
	at org.apache.maven.surefire.booter.ForkedBooter.main(ForkedBooter.java:495)
2026-05-04 13:44:26.345 [main] INFO  o.e.c.c.ChatMessageController - Received message from user: testuser for room: 1
2026-05-04 13:44:26.359 [main] INFO  o.e.c.c.ChatMessageController - Message sent successfully by user: testuser to room: 1
2026-05-04 13:44:26.373 [main] INFO  o.e.c.c.ChatMessageController - User: testuser joining room: 1
2026-05-04 13:44:26.378 [main] INFO  o.e.c.c.ChatMessageController - User: testuser successfully joined room: 1
2026-05-04 13:44:26.391 [main] INFO  o.e.c.c.ChatMessageController - User: testuser leaving room: 1
2026-05-04 13:44:26.404 [main] INFO  o.e.c.c.ChatMessageController - User: testuser leaving room: 1
2026-05-04 13:44:26.406 [main] INFO  o.e.c.c.ChatMessageController - User: testuser successfully left room: 1
2026-05-04 13:44:26.416 [main] INFO  o.e.c.c.ChatMessageController - User: nonexistent joining room: 1
2026-05-04 13:44:26.425 [main] INFO  o.e.c.c.ChatMessageController - Received message from user: nonexistent for room: 1
2026-05-04 13:44:26.578 [main] INFO  o.e.c.c.ChatRoomControllerTest - Starting ChatRoomControllerTest using Java 17.0.17 with PID 30872 (started by echob in C:\Users\echob\IdeaProjects\java-proj-maven)
2026-05-04 13:44:26.579 [main] INFO  o.e.c.c.ChatRoomControllerTest - The following 1 profile is active: "test"
2026-05-04 13:44:28.147 [main] INFO  o.e.c.c.ChatRoomControllerTest - Started ChatRoomControllerTest in 1.667 seconds (process running for 13.579)
2026-05-04 13:44:28.229 [main] INFO  o.e.c.controller.ChatRoomController - Room creation request received: Test Room by user: testuser
2026-05-04 13:44:28.232 [main] WARN  o.e.c.controller.ChatRoomController - Room creation failed for Test Room: Room name already exists
2026-05-04 13:44:28.233 [main] WARN  o.e.c.e.GlobalExceptionHandler - Illegal argument exception: Room name already exists
2026-05-04 13:44:28.286 [main] INFO  o.e.c.controller.ChatRoomController - Room creation request received: Test Room by user: testuser
2026-05-04 13:44:28.287 [main] INFO  o.e.c.controller.ChatRoomController - Room created successfully: Test Room with ID: 1
2026-05-04 13:44:28.304 [main] INFO  o.e.c.controller.ChatRoomController - Room deletion request for room ID: 1 by user: testuser
2026-05-04 13:44:28.328 [main] INFO  o.e.c.controller.ChatRoomController - Room deletion request for room ID: 999 by user: testuser
2026-05-04 13:44:28.330 [main] WARN  o.e.c.e.GlobalExceptionHandler - Application error occurred: ROOM_NOT_FOUND - Chat room not found with id: 999
2026-05-04 13:44:28.404 [main] WARN  o.e.c.controller.ChatRoomController - Chat room not found: 999
2026-05-04 13:44:28.406 [main] WARN  o.e.c.e.GlobalExceptionHandler - Application error occurred: ROOM_NOT_FOUND - Chat room not found with id: 999
2026-05-04 13:44:28.423 [main] WARN  o.e.c.e.GlobalExceptionHandler - Validation error occurred: Validation failed for argument [0] in public org.springframework.http.ResponseEntity<org.example.chat.dto.ChatRoomResponse> org.example.chat.controller.ChatRoomController.createRoom(org.example.chat.dto.CreateRoomRequest,org.springframework.security.core.userdetails.UserDetails) with 2 errors: [Field error in object 'createRoomRequest' on field 'name': rejected value []; codes [Size.createRoomRequest.name,Size.name,Size.java.lang.String,Size]; arguments [org.springframework.context.support.DefaultMessageSourceResolvable: codes [createRoomRequest.name,name]; arguments []; default message [name],100,1]; default message [Room name must be between 1 and 100 characters]] [Field error in object 'createRoomRequest' on field 'name': rejected value []; codes [NotBlank.createRoomRequest.name,NotBlank.name,NotBlank.java.lang.String,NotBlank]; arguments [org.springframework.context.support.DefaultMessageSourceResolvable: codes [createRoomRequest.name,name]; arguments []; default message [name]]; default message [Room name is required]] 
2026-05-04 13:44:28.441 [main] WARN  o.e.c.e.GlobalExceptionHandler - Application error occurred: ROOM_NOT_FOUND - Chat room not found with id: 999
2026-05-04 13:44:28.463 [main] INFO  o.e.c.controller.ChatRoomController - Room deletion request for room ID: 1 by user: testuser
2026-05-04 13:44:28.466 [main] WARN  o.e.c.e.GlobalExceptionHandler - Application error occurred: UNAUTHORIZED - Only owners or moderators can delete rooms
2026-05-04 13:44:28.633 [main] INFO  o.e.c.c.FriendControllerTest - Starting FriendControllerTest using Java 17.0.17 with PID 30872 (started by echob in C:\Users\echob\IdeaProjects\java-proj-maven)
2026-05-04 13:44:28.633 [main] INFO  o.e.c.c.FriendControllerTest - The following 1 profile is active: "test"
2026-05-04 13:44:29.169 [main] INFO  o.e.c.c.FriendControllerTest - Started FriendControllerTest in 0.604 seconds (process running for 14.6)
2026-05-04 13:44:29.198 [main] INFO  o.e.chat.controller.FriendController - Friend request send attempt by testuser
2026-05-04 13:44:29.212 [main] WARN  o.e.c.e.GlobalExceptionHandler - Application error occurred: CONFLICT - You are already friends with this user
2026-05-04 13:44:29.236 [main] INFO  o.e.chat.controller.FriendController - Declining friend request 1 for testuser
2026-05-04 13:44:29.254 [main] INFO  o.e.chat.controller.FriendController - Friend request send attempt by testuser
2026-05-04 13:44:29.309 [main] INFO  o.e.chat.controller.FriendController - Accepting friend request 1 for testuser
2026-05-04 13:44:29.326 [main] INFO  o.e.chat.controller.FriendController - Accepting friend request 999 for testuser
2026-05-04 13:44:29.328 [main] WARN  o.e.c.e.GlobalExceptionHandler - Application error occurred: FRIEND_REQUEST_NOT_FOUND - Friend request not found with id: 999
2026-05-04 13:44:29.343 [main] INFO  o.e.chat.controller.FriendController - Friend request send attempt by testuser
2026-05-04 13:44:29.345 [main] WARN  o.e.c.e.GlobalExceptionHandler - Application error occurred: VALIDATION_ERROR - Cannot send friend request to yourself
2026-05-04 13:44:29.403 [main] WARN  o.e.c.e.GlobalExceptionHandler - Validation error occurred: Validation failed for argument [0] in public org.springframework.http.ResponseEntity<org.example.chat.dto.FriendRequestResponse> org.example.chat.controller.FriendController.sendFriendRequest(org.example.chat.dto.FriendRequestCreateRequest,org.springframework.security.core.userdetails.UserDetails): [Field error in object 'friendRequestCreateRequest' on field 'recipientId': rejected value [null]; codes [NotNull.friendRequestCreateRequest.recipientId,NotNull.recipientId,NotNull.java.lang.Long,NotNull]; arguments [org.springframework.context.support.DefaultMessageSourceResolvable: codes [friendRequestCreateRequest.recipientId,recipientId]; arguments []; default message [recipientId]]; default message [Recipient id is required]] 
2026-05-04 13:44:29.428 [main] INFO  o.e.chat.controller.FriendController - Friend request send attempt by testuser
2026-05-04 13:44:29.430 [main] WARN  o.e.c.e.GlobalExceptionHandler - Application error occurred: CONFLICT - Friend request already sent
2026-05-04 13:44:29.444 [main] INFO  o.e.chat.controller.FriendController - Declining friend request 999 for testuser
2026-05-04 13:44:29.447 [main] WARN  o.e.c.e.GlobalExceptionHandler - Application error occurred: FRIEND_REQUEST_NOT_FOUND - Friend request not found with id: 999
2026-05-04 13:44:29.649 [main] INFO  o.e.c.c.MessageHistoryController - Message history request for room ID: 1 by user: testuser
2026-05-04 13:44:29.652 [main] INFO  o.e.c.c.MessageHistoryController - Retrieved 0 messages for room ID: 1
2026-05-04 13:44:29.659 [main] INFO  o.e.c.c.MessageHistoryController - Message history request for room ID: 1 by user: testuser
2026-05-04 13:44:29.661 [main] INFO  o.e.c.c.MessageHistoryController - Retrieved 1 messages for room ID: 1
2026-05-04 13:44:29.670 [main] INFO  o.e.c.c.MessageHistoryController - Message history request for room ID: 1 by user: testuser
2026-05-04 13:44:29.672 [main] WARN  o.e.c.c.MessageHistoryController - Message history request failed: chat room not found: 1
2026-05-04 13:44:29.679 [main] INFO  o.e.c.c.MessageHistoryController - Message history request for room ID: 1 by user: testuser
2026-05-04 13:44:29.680 [main] INFO  o.e.c.c.MessageHistoryController - Retrieved 1 messages for room ID: 1
2026-05-04 13:44:29.686 [main] INFO  o.e.c.c.MessageHistoryController - Message history request for room ID: 1 by user: testuser
2026-05-04 13:44:29.687 [main] WARN  o.e.c.c.MessageHistoryController - Message history request failed for room 1: Authenticated user not found
2026-05-04 13:44:29.707 [main] INFO  o.e.c.c.MessageHistoryController - Message history request for room ID: 1 by user: testuser
2026-05-04 13:44:29.708 [main] INFO  o.e.c.c.MessageHistoryController - Retrieved 1 messages for room ID: 1
2026-05-04 13:44:29.826 [main] INFO  o.e.c.controller.UserControllerTest - Starting UserControllerTest using Java 17.0.17 with PID 30872 (started by echob in C:\Users\echob\IdeaProjects\java-proj-maven)
2026-05-04 13:44:29.826 [main] INFO  o.e.c.controller.UserControllerTest - The following 1 profile is active: "test"
2026-05-04 13:44:30.253 [main] INFO  o.e.c.controller.UserControllerTest - Started UserControllerTest in 0.48 seconds (process running for 15.684)
2026-05-04 13:44:30.276 [main] INFO  o.e.chat.controller.UserController - Update profile request for user: testuser
2026-05-04 13:44:30.277 [main] INFO  o.e.chat.controller.UserController - Profile updated successfully for user: testuser
2026-05-04 13:44:30.302 [main] WARN  o.e.c.e.GlobalExceptionHandler - Validation error occurred: Validation failed for argument [0] in public org.springframework.http.ResponseEntity<org.example.chat.dto.UserResponse> org.example.chat.controller.UserController.updateCurrentUser(org.example.chat.dto.UpdateProfileRequest): [Field error in object 'updateProfileRequest' on field 'email': rejected value [invalid-email]; codes [Email.updateProfileRequest.email,Email.email,Email.java.lang.String,Email]; arguments [org.springframework.context.support.DefaultMessageSourceResolvable: codes [updateProfileRequest.email,email]; arguments []; default message [email],[Ljakarta.validation.constraints.Pattern$Flag;@7c523bdd,.*]; default message [Email must be valid]] 
2026-05-04 13:44:30.322 [main] INFO  o.e.chat.controller.UserController - Update profile request for user: testuser
2026-05-04 13:44:30.323 [main] WARN  o.e.chat.controller.UserController - Profile update failed for user testuser: Email already exists
2026-05-04 13:44:30.324 [main] WARN  o.e.c.e.GlobalExceptionHandler - Illegal argument exception: Email already exists
2026-05-04 13:44:30.341 [main] INFO  o.e.chat.controller.UserController - Update profile request for user: testuser
2026-05-04 13:44:30.342 [main] INFO  o.e.chat.controller.UserController - Profile updated successfully for user: testuser
2026-05-04 13:44:30.352 [main] INFO  o.e.chat.controller.UserController - Get current user request for: testuser
2026-05-04 13:44:30.431 [main] INFO  o.e.c.c.UserSearchControllerTest - Starting UserSearchControllerTest using Java 17.0.17 with PID 30872 (started by echob in C:\Users\echob\IdeaProjects\java-proj-maven)
2026-05-04 13:44:30.432 [main] INFO  o.e.c.c.UserSearchControllerTest - The following 1 profile is active: "test"
2026-05-04 13:44:30.804 [main] INFO  o.e.c.c.UserSearchControllerTest - Started UserSearchControllerTest in 0.421 seconds (process running for 16.235)
2026-05-04 13:44:30.926 [main] ERROR o.e.c.e.GlobalExceptionHandler - Unexpected error occurred
java.lang.RuntimeException: Unexpected error
	at org.example.chat.exception.GlobalExceptionHandlerTest.handleGenericException_ShouldReturnInternalServerError(GlobalExceptionHandlerTest.java:166)
	at java.base/jdk.internal.reflect.NativeMethodAccessorImpl.invoke0(Native Method)
	at java.base/jdk.internal.reflect.NativeMethodAccessorImpl.invoke(NativeMethodAccessorImpl.java:77)
	at java.base/jdk.internal.reflect.DelegatingMethodAccessorImpl.invoke(DelegatingMethodAccessorImpl.java:43)
	at java.base/java.lang.reflect.Method.invoke(Method.java:569)
	at org.junit.platform.commons.util.ReflectionUtils.invokeMethod(ReflectionUtils.java:767)
	at org.junit.jupiter.engine.execution.MethodInvocation.proceed(MethodInvocation.java:60)
	at org.junit.jupiter.engine.execution.InvocationInterceptorChain$ValidatingInvocation.proceed(InvocationInterceptorChain.java:131)
	at org.junit.jupiter.engine.extension.TimeoutExtension.intercept(TimeoutExtension.java:156)
	at org.junit.jupiter.engine.extension.TimeoutExtension.interceptTestableMethod(TimeoutExtension.java:147)
	at org.junit.jupiter.engine.extension.TimeoutExtension.interceptTestMethod(TimeoutExtension.java:86)
	at org.junit.jupiter.engine.execution.InterceptingExecutableInvoker$ReflectiveInterceptorCall.lambda$ofVoidMethod$0(InterceptingExecutableInvoker.java:103)
	at org.junit.jupiter.engine.execution.InterceptingExecutableInvoker.lambda$invoke$0(InterceptingExecutableInvoker.java:93)
	at org.junit.jupiter.engine.execution.InvocationInterceptorChain$InterceptedInvocation.proceed(InvocationInterceptorChain.java:106)
	at org.junit.jupiter.engine.execution.InvocationInterceptorChain.proceed(InvocationInterceptorChain.java:64)
	at org.junit.jupiter.engine.execution.InvocationInterceptorChain.chainAndInvoke(InvocationInterceptorChain.java:45)
	at org.junit.jupiter.engine.execution.InvocationInterceptorChain.invoke(InvocationInterceptorChain.java:37)
	at org.junit.jupiter.engine.execution.InterceptingExecutableInvoker.invoke(InterceptingExecutableInvoker.java:92)
	at org.junit.jupiter.engine.execution.InterceptingExecutableInvoker.invoke(InterceptingExecutableInvoker.java:86)
	at org.junit.jupiter.engine.descriptor.TestMethodTestDescriptor.lambda$invokeTestMethod$8(TestMethodTestDescriptor.java:217)
	at org.junit.platform.engine.support.hierarchical.ThrowableCollector.execute(ThrowableCollector.java:73)
	at org.junit.jupiter.engine.descriptor.TestMethodTestDescriptor.invokeTestMethod(TestMethodTestDescriptor.java:213)
	at org.junit.jupiter.engine.descriptor.TestMethodTestDescriptor.execute(TestMethodTestDescriptor.java:138)
	at org.junit.jupiter.engine.descriptor.TestMethodTestDescriptor.execute(TestMethodTestDescriptor.java:68)
	at org.junit.platform.engine.support.hierarchical.NodeTestTask.lambda$executeRecursively$6(NodeTestTask.java:156)
	at org.junit.platform.engine.support.hierarchical.ThrowableCollector.execute(ThrowableCollector.java:73)
	at org.junit.platform.engine.support.hierarchical.NodeTestTask.lambda$executeRecursively$8(NodeTestTask.java:146)
	at org.junit.platform.engine.support.hierarchical.Node.around(Node.java:137)
	at org.junit.platform.engine.support.hierarchical.NodeTestTask.lambda$executeRecursively$9(NodeTestTask.java:144)
	at org.junit.platform.engine.support.hierarchical.ThrowableCollector.execute(ThrowableCollector.java:73)
	at org.junit.platform.engine.support.hierarchical.NodeTestTask.executeRecursively(NodeTestTask.java:143)
	at org.junit.platform.engine.support.hierarchical.NodeTestTask.execute(NodeTestTask.java:100)
	at java.base/java.util.ArrayList.forEach(ArrayList.java:1511)
	at org.junit.platform.engine.support.hierarchical.SameThreadHierarchicalTestExecutorService.invokeAll(SameThreadHierarchicalTestExecutorService.java:41)
	at org.junit.platform.engine.support.hierarchical.NodeTestTask.lambda$executeRecursively$6(NodeTestTask.java:160)
	at org.junit.platform.engine.support.hierarchical.ThrowableCollector.execute(ThrowableCollector.java:73)
	at org.junit.platform.engine.support.hierarchical.NodeTestTask.lambda$executeRecursively$8(NodeTestTask.java:146)
	at org.junit.platform.engine.support.hierarchical.Node.around(Node.java:137)
	at org.junit.platform.engine.support.hierarchical.NodeTestTask.lambda$executeRecursively$9(NodeTestTask.java:144)
	at org.junit.platform.engine.support.hierarchical.ThrowableCollector.execute(ThrowableCollector.java:73)
	at org.junit.platform.engine.support.hierarchical.NodeTestTask.executeRecursively(NodeTestTask.java:143)
	at org.junit.platform.engine.support.hierarchical.NodeTestTask.execute(NodeTestTask.java:100)
	at java.base/java.util.ArrayList.forEach(ArrayList.java:1511)
	at org.junit.platform.engine.support.hierarchical.SameThreadHierarchicalTestExecutorService.invokeAll(SameThreadHierarchicalTestExecutorService.java:41)
	at org.junit.platform.engine.support.hierarchical.NodeTestTask.lambda$executeRecursively$6(NodeTestTask.java:160)
	at org.junit.platform.engine.support.hierarchical.ThrowableCollector.execute(ThrowableCollector.java:73)
	at org.junit.platform.engine.support.hierarchical.NodeTestTask.lambda$executeRecursively$8(NodeTestTask.java:146)
	at org.junit.platform.engine.support.hierarchical.Node.around(Node.java:137)
	at org.junit.platform.engine.support.hierarchical.NodeTestTask.lambda$executeRecursively$9(NodeTestTask.java:144)
	at org.junit.platform.engine.support.hierarchical.ThrowableCollector.execute(ThrowableCollector.java:73)
	at org.junit.platform.engine.support.hierarchical.NodeTestTask.executeRecursively(NodeTestTask.java:143)
	at org.junit.platform.engine.support.hierarchical.NodeTestTask.execute(NodeTestTask.java:100)
	at org.junit.platform.engine.support.hierarchical.SameThreadHierarchicalTestExecutorService.submit(SameThreadHierarchicalTestExecutorService.java:35)
	at org.junit.platform.engine.support.hierarchical.HierarchicalTestExecutor.execute(HierarchicalTestExecutor.java:57)
	at org.junit.platform.engine.support.hierarchical.HierarchicalTestEngine.execute(HierarchicalTestEngine.java:54)
	at org.junit.platform.launcher.core.EngineExecutionOrchestrator.execute(EngineExecutionOrchestrator.java:198)
	at org.junit.platform.launcher.core.EngineExecutionOrchestrator.execute(EngineExecutionOrchestrator.java:169)
	at org.junit.platform.launcher.core.EngineExecutionOrchestrator.execute(EngineExecutionOrchestrator.java:93)
	at org.junit.platform.launcher.core.EngineExecutionOrchestrator.lambda$execute$0(EngineExecutionOrchestrator.java:58)
	at org.junit.platform.launcher.core.EngineExecutionOrchestrator.withInterceptedStreams(EngineExecutionOrchestrator.java:141)
	at org.junit.platform.launcher.core.EngineExecutionOrchestrator.execute(EngineExecutionOrchestrator.java:57)
	at org.junit.platform.launcher.core.DefaultLauncher.execute(DefaultLauncher.java:103)
	at org.junit.platform.launcher.core.DefaultLauncher.execute(DefaultLauncher.java:85)
	at org.junit.platform.launcher.core.DelegatingLauncher.execute(DelegatingLauncher.java:47)
	at org.apache.maven.surefire.junitplatform.LazyLauncher.execute(LazyLauncher.java:56)
	at org.apache.maven.surefire.junitplatform.JUnitPlatformProvider.execute(JUnitPlatformProvider.java:184)
	at org.apache.maven.surefire.junitplatform.JUnitPlatformProvider.invokeAllTests(JUnitPlatformProvider.java:148)
	at org.apache.maven.surefire.junitplatform.JUnitPlatformProvider.invoke(JUnitPlatformProvider.java:122)
	at org.apache.maven.surefire.booter.ForkedBooter.runSuitesInProcess(ForkedBooter.java:385)
	at org.apache.maven.surefire.booter.ForkedBooter.execute(ForkedBooter.java:162)
	at org.apache.maven.surefire.booter.ForkedBooter.run(ForkedBooter.java:507)
	at org.apache.maven.surefire.booter.ForkedBooter.main(ForkedBooter.java:495)
2026-05-04 13:44:31.031 [main] WARN  o.e.c.e.GlobalExceptionHandler - Validation error occurred: Validation failed for argument [0] in public void org.example.chat.exception.GlobalExceptionHandlerTest.dummyMethod(java.lang.String): [Field error in object 'user' on field 'username': rejected value [null]; codes []; arguments []; default message [Username is required]] [Field error in object 'user' on field 'email': rejected value [null]; codes []; arguments []; default message [Email is invalid]] 
2026-05-04 13:44:31.032 [main] WARN  o.e.c.e.GlobalExceptionHandler - Illegal argument exception: Invalid argument provided
2026-05-04 13:44:31.035 [main] WARN  o.e.c.e.GlobalExceptionHandler - Application error occurred: USER_NOT_FOUND - User not found with id: 1
2026-05-04 13:44:31.040 [main] ERROR o.e.c.e.GlobalExceptionHandler - Illegal state exception: Invalid state
2026-05-04 13:44:31.053 [main] WARN  o.e.c.e.GlobalExceptionHandler - Application error occurred: UNAUTHORIZED - Access denied
2026-05-04 13:44:31.056 [main] WARN  o.e.c.e.GlobalExceptionHandler - Application error occurred: ROOM_NOT_FOUND - Chat room not found with id: 5
2026-05-04 13:44:31.058 [main] ERROR o.e.c.e.GlobalExceptionHandler - Application error occurred: WEBSOCKET_ERROR - WebSocket connection failed
org.example.chat.exception.WebSocketException: WebSocket connection failed
	at org.example.chat.exception.GlobalExceptionHandlerTest.handleChatApplicationException_WithWebSocketException_ShouldReturnInternalServerError(GlobalExceptionHandlerTest.java:204)
	at java.base/jdk.internal.reflect.NativeMethodAccessorImpl.invoke0(Native Method)
	at java.base/jdk.internal.reflect.NativeMethodAccessorImpl.invoke(NativeMethodAccessorImpl.java:77)
	at java.base/jdk.internal.reflect.DelegatingMethodAccessorImpl.invoke(DelegatingMethodAccessorImpl.java:43)
	at java.base/java.lang.reflect.Method.invoke(Method.java:569)
	at org.junit.platform.commons.util.ReflectionUtils.invokeMethod(ReflectionUtils.java:767)
	at org.junit.jupiter.engine.execution.MethodInvocation.proceed(MethodInvocation.java:60)
	at org.junit.jupiter.engine.execution.InvocationInterceptorChain$ValidatingInvocation.proceed(InvocationInterceptorChain.java:131)
	at org.junit.jupiter.engine.extension.TimeoutExtension.intercept(TimeoutExtension.java:156)
	at org.junit.jupiter.engine.extension.TimeoutExtension.interceptTestableMethod(TimeoutExtension.java:147)
	at org.junit.jupiter.engine.extension.TimeoutExtension.interceptTestMethod(TimeoutExtension.java:86)
	at org.junit.jupiter.engine.execution.InterceptingExecutableInvoker$ReflectiveInterceptorCall.lambda$ofVoidMethod$0(InterceptingExecutableInvoker.java:103)
	at org.junit.jupiter.engine.execution.InterceptingExecutableInvoker.lambda$invoke$0(InterceptingExecutableInvoker.java:93)
	at org.junit.jupiter.engine.execution.InvocationInterceptorChain$InterceptedInvocation.proceed(InvocationInterceptorChain.java:106)
	at org.junit.jupiter.engine.execution.InvocationInterceptorChain.proceed(InvocationInterceptorChain.java:64)
	at org.junit.jupiter.engine.execution.InvocationInterceptorChain.chainAndInvoke(InvocationInterceptorChain.java:45)
	at org.junit.jupiter.engine.execution.InvocationInterceptorChain.invoke(InvocationInterceptorChain.java:37)
	at org.junit.jupiter.engine.execution.InterceptingExecutableInvoker.invoke(InterceptingExecutableInvoker.java:92)
	at org.junit.jupiter.engine.execution.InterceptingExecutableInvoker.invoke(InterceptingExecutableInvoker.java:86)
	at org.junit.jupiter.engine.descriptor.TestMethodTestDescriptor.lambda$invokeTestMethod$8(TestMethodTestDescriptor.java:217)
	at org.junit.platform.engine.support.hierarchical.ThrowableCollector.execute(ThrowableCollector.java:73)
	at org.junit.jupiter.engine.descriptor.TestMethodTestDescriptor.invokeTestMethod(TestMethodTestDescriptor.java:213)
	at org.junit.jupiter.engine.descriptor.TestMethodTestDescriptor.execute(TestMethodTestDescriptor.java:138)
	at org.junit.jupiter.engine.descriptor.TestMethodTestDescriptor.execute(TestMethodTestDescriptor.java:68)
	at org.junit.platform.engine.support.hierarchical.NodeTestTask.lambda$executeRecursively$6(NodeTestTask.java:156)
	at org.junit.platform.engine.support.hierarchical.ThrowableCollector.execute(ThrowableCollector.java:73)
	at org.junit.platform.engine.support.hierarchical.NodeTestTask.lambda$executeRecursively$8(NodeTestTask.java:146)
	at org.junit.platform.engine.support.hierarchical.Node.around(Node.java:137)
	at org.junit.platform.engine.support.hierarchical.NodeTestTask.lambda$executeRecursively$9(NodeTestTask.java:144)
	at org.junit.platform.engine.support.hierarchical.ThrowableCollector.execute(ThrowableCollector.java:73)
	at org.junit.platform.engine.support.hierarchical.NodeTestTask.executeRecursively(NodeTestTask.java:143)
	at org.junit.platform.engine.support.hierarchical.NodeTestTask.execute(NodeTestTask.java:100)
	at java.base/java.util.ArrayList.forEach(ArrayList.java:1511)
	at org.junit.platform.engine.support.hierarchical.SameThreadHierarchicalTestExecutorService.invokeAll(SameThreadHierarchicalTestExecutorService.java:41)
	at org.junit.platform.engine.support.hierarchical.NodeTestTask.lambda$executeRecursively$6(NodeTestTask.java:160)
	at org.junit.platform.engine.support.hierarchical.ThrowableCollector.execute(ThrowableCollector.java:73)
	at org.junit.platform.engine.support.hierarchical.NodeTestTask.lambda$executeRecursively$8(NodeTestTask.java:146)
	at org.junit.platform.engine.support.hierarchical.Node.around(Node.java:137)
	at org.junit.platform.engine.support.hierarchical.NodeTestTask.lambda$executeRecursively$9(NodeTestTask.java:144)
	at org.junit.platform.engine.support.hierarchical.ThrowableCollector.execute(ThrowableCollector.java:73)
	at org.junit.platform.engine.support.hierarchical.NodeTestTask.executeRecursively(NodeTestTask.java:143)
	at org.junit.platform.engine.support.hierarchical.NodeTestTask.execute(NodeTestTask.java:100)
	at java.base/java.util.ArrayList.forEach(ArrayList.java:1511)
	at org.junit.platform.engine.support.hierarchical.SameThreadHierarchicalTestExecutorService.invokeAll(SameThreadHierarchicalTestExecutorService.java:41)
	at org.junit.platform.engine.support.hierarchical.NodeTestTask.lambda$executeRecursively$6(NodeTestTask.java:160)
	at org.junit.platform.engine.support.hierarchical.ThrowableCollector.execute(ThrowableCollector.java:73)
	at org.junit.platform.engine.support.hierarchical.NodeTestTask.lambda$executeRecursively$8(NodeTestTask.java:146)
	at org.junit.platform.engine.support.hierarchical.Node.around(Node.java:137)
	at org.junit.platform.engine.support.hierarchical.NodeTestTask.lambda$executeRecursively$9(NodeTestTask.java:144)
	at org.junit.platform.engine.support.hierarchical.ThrowableCollector.execute(ThrowableCollector.java:73)
	at org.junit.platform.engine.support.hierarchical.NodeTestTask.executeRecursively(NodeTestTask.java:143)
	at org.junit.platform.engine.support.hierarchical.NodeTestTask.execute(NodeTestTask.java:100)
	at org.junit.platform.engine.support.hierarchical.SameThreadHierarchicalTestExecutorService.submit(SameThreadHierarchicalTestExecutorService.java:35)
	at org.junit.platform.engine.support.hierarchical.HierarchicalTestExecutor.execute(HierarchicalTestExecutor.java:57)
	at org.junit.platform.engine.support.hierarchical.HierarchicalTestEngine.execute(HierarchicalTestEngine.java:54)
	at org.junit.platform.launcher.core.EngineExecutionOrchestrator.execute(EngineExecutionOrchestrator.java:198)
	at org.junit.platform.launcher.core.EngineExecutionOrchestrator.execute(EngineExecutionOrchestrator.java:169)
	at org.junit.platform.launcher.core.EngineExecutionOrchestrator.execute(EngineExecutionOrchestrator.java:93)
	at org.junit.platform.launcher.core.EngineExecutionOrchestrator.lambda$execute$0(EngineExecutionOrchestrator.java:58)
	at org.junit.platform.launcher.core.EngineExecutionOrchestrator.withInterceptedStreams(EngineExecutionOrchestrator.java:141)
	at org.junit.platform.launcher.core.EngineExecutionOrchestrator.execute(EngineExecutionOrchestrator.java:57)
	at org.junit.platform.launcher.core.DefaultLauncher.execute(DefaultLauncher.java:103)
	at org.junit.platform.launcher.core.DefaultLauncher.execute(DefaultLauncher.java:85)
	at org.junit.platform.launcher.core.DelegatingLauncher.execute(DelegatingLauncher.java:47)
	at org.apache.maven.surefire.junitplatform.LazyLauncher.execute(LazyLauncher.java:56)
	at org.apache.maven.surefire.junitplatform.JUnitPlatformProvider.execute(JUnitPlatformProvider.java:184)
	at org.apache.maven.surefire.junitplatform.JUnitPlatformProvider.invokeAllTests(JUnitPlatformProvider.java:148)
	at org.apache.maven.surefire.junitplatform.JUnitPlatformProvider.invoke(JUnitPlatformProvider.java:122)
	at org.apache.maven.surefire.booter.ForkedBooter.runSuitesInProcess(ForkedBooter.java:385)
	at org.apache.maven.surefire.booter.ForkedBooter.execute(ForkedBooter.java:162)
	at org.apache.maven.surefire.booter.ForkedBooter.run(ForkedBooter.java:507)
	at org.apache.maven.surefire.booter.ForkedBooter.main(ForkedBooter.java:495)
2026-05-04 13:44:31.062 [main] WARN  o.e.c.e.GlobalExceptionHandler - Application error occurred: VALIDATION_ERROR - Invalid input
2026-05-04 13:44:31.367 [main] INFO  o.e.c.l.WebSocketEventListener - User connected: nonexistent
2026-05-04 13:44:31.372 [main] INFO  o.e.c.l.WebSocketEventListener - User disconnected: testuser
2026-05-04 13:44:31.378 [main] INFO  o.e.c.l.WebSocketEventListener - User connected: testuser
2026-05-04 13:44:31.386 [main] INFO  o.e.c.l.WebSocketEventListener - User connected: testuser
2026-05-04 13:44:31.398 [main] INFO  o.e.c.l.WebSocketEventListener - User connected: testuser
2026-05-04 13:44:31.403 [main] INFO  o.e.c.l.WebSocketEventListener - User disconnected: testuser
2026-05-04 13:44:31.478 [main] INFO  o.e.c.r.FriendRequestRepositoryTest - Starting FriendRequestRepositoryTest using Java 17.0.17 with PID 30872 (started by echob in C:\Users\echob\IdeaProjects\java-proj-maven)
2026-05-04 13:44:31.480 [main] DEBUG o.e.c.r.FriendRequestRepositoryTest - Running with Spring Boot v3.4.10, Spring v6.2.11
2026-05-04 13:44:31.480 [main] INFO  o.e.c.r.FriendRequestRepositoryTest - No active profile set, falling back to 1 default profile: "default"
2026-05-04 13:44:31.795 [main] INFO  o.s.d.r.c.RepositoryConfigurationDelegate - Bootstrapping Spring Data JPA repositories in DEFAULT mode.
2026-05-04 13:44:31.912 [main] INFO  o.s.d.r.c.RepositoryConfigurationDelegate - Finished Spring Data repository scanning in 97 ms. Found 6 JPA repository interfaces.
2026-05-04 13:44:31.996 [main] INFO  o.s.b.t.a.j.TestDatabaseAutoConfiguration$EmbeddedDataSourceBeanFactoryPostProcessor - Replacing 'dataSource' DataSource bean with embedded version
2026-05-04 13:44:32.085 [main] INFO  o.s.j.d.e.EmbeddedDatabaseFactory - Starting embedded database: url='jdbc:h2:mem:6811dbce-16f2-4812-b6f8-48af43c3d54f;DB_CLOSE_DELAY=-1;DB_CLOSE_ON_EXIT=false', username='sa'
2026-05-04 13:44:32.497 [main] INFO  o.h.jpa.internal.util.LogHelper - HHH000204: Processing PersistenceUnitInfo [name: default]
2026-05-04 13:44:32.655 [main] INFO  org.hibernate.Version - HHH000412: Hibernate ORM core version 6.6.29.Final
2026-05-04 13:44:32.744 [main] INFO  o.h.c.i.RegionFactoryInitiator - HHH000026: Second-level cache disabled
2026-05-04 13:44:33.078 [main] INFO  o.s.o.j.p.SpringPersistenceUnitInfo - No LoadTimeWeaver setup: ignoring JPA class transformer
2026-05-04 13:44:33.183 [main] WARN  org.hibernate.dialect.Dialect - HHH000511: The 2.3.232 version for [org.hibernate.dialect.PostgreSQLDialect] is no longer supported, hence certain features may not work properly. The minimum supported version is 12.0.0. Check the community dialects project for available legacy versions.
2026-05-04 13:44:33.196 [main] WARN  org.hibernate.orm.deprecation - HHH90000025: PostgreSQLDialect does not need to be specified explicitly using 'hibernate.dialect' (remove the property setting and it will be selected by default)
2026-05-04 13:44:33.228 [main] INFO  o.hibernate.orm.connections.pooling - HHH10001005: Database info:
	Database JDBC URL [Connecting through datasource 'org.springframework.jdbc.datasource.embedded.EmbeddedDatabaseFactory$EmbeddedDataSourceProxy@62cb645d']
	Database driver: undefined/unknown
	Database version: 2.3.232
	Autocommit mode: undefined/unknown
	Isolation level: undefined/unknown
	Minimum pool size: undefined/unknown
	Maximum pool size: undefined/unknown
2026-05-04 13:44:34.912 [main] INFO  o.h.e.t.j.p.i.JtaPlatformInitiator - HHH000489: No JTA platform available (set 'hibernate.transaction.jta.platform' to enable JTA platform integration)
2026-05-04 13:44:34.975 [main] DEBUG org.hibernate.SQL - 
    create table chat_rooms (
        id bigint generated by default as identity,
        created_at timestamp(6) not null,
        description varchar(500),
        name varchar(100) not null,
        created_by_id bigint,
        primary key (id)
    )
2026-05-04 13:44:34.987 [main] DEBUG org.hibernate.SQL - 
    create table friend_requests (
        id bigint generated by default as identity,
        created_at timestamp(6) not null,
        responded_at timestamp(6),
        status varchar(20) not null check (status in ('PENDING','ACCEPTED','DECLINED')),
        recipient_id bigint not null,
        requester_id bigint not null,
        primary key (id)
    )
2026-05-04 13:44:34.991 [main] DEBUG org.hibernate.SQL - 
    create table friendships (
        id bigint generated by default as identity,
        created_at timestamp(6) not null,
        user_a_id bigint not null,
        user_b_id bigint not null,
        primary key (id)
    )
2026-05-04 13:44:34.993 [main] DEBUG org.hibernate.SQL - 
    create table messages (
        id bigint generated by default as identity,
        content TEXT not null,
        message_type varchar(20) check (message_type in ('TEXT','SYSTEM','JOIN','LEAVE')),
        timestamp timestamp(6) not null,
        chat_room_id bigint not null,
        sender_id bigint not null,
        primary key (id)
    )
2026-05-04 13:44:34.994 [main] DEBUG org.hibernate.SQL - 
    create table room_memberships (
        id bigint generated by default as identity,
        joined_at timestamp(6) not null,
        role varchar(20) check (role in ('OWNER','MODERATOR','MEMBER')),
        chat_room_id bigint not null,
        user_id bigint not null,
        primary key (id)
    )
2026-05-04 13:44:34.996 [main] DEBUG org.hibernate.SQL - 
    create table users (
        id bigint generated by default as identity,
        created_at timestamp(6) not null,
        display_name varchar(100),
        email varchar(100) not null,
        last_seen timestamp(6),
        online boolean not null,
        password_hash varchar(255) not null,
        username varchar(50) not null,
        primary key (id)
    )
2026-05-04 13:44:34.997 [main] DEBUG org.hibernate.SQL - 
    alter table if exists chat_rooms 
       drop constraint if exists UK3ducf4em5bvxbtmo2s2xvj10c
2026-05-04 13:44:34.998 [main] DEBUG org.hibernate.SQL - 
    alter table if exists chat_rooms 
       add constraint UK3ducf4em5bvxbtmo2s2xvj10c unique (name)
2026-05-04 13:44:35.002 [main] DEBUG org.hibernate.SQL - 
    alter table if exists friend_requests 
       drop constraint if exists UKps9kptamct3ij6nxh0efavr5p
2026-05-04 13:44:35.002 [main] DEBUG org.hibernate.SQL - 
    alter table if exists friend_requests 
       add constraint UKps9kptamct3ij6nxh0efavr5p unique (requester_id, recipient_id)
2026-05-04 13:44:35.003 [main] DEBUG org.hibernate.SQL - 
    alter table if exists friendships 
       drop constraint if exists UK2emrlodoyasl55cyw3l0buo9e
2026-05-04 13:44:35.003 [main] DEBUG org.hibernate.SQL - 
    alter table if exists friendships 
       add constraint UK2emrlodoyasl55cyw3l0buo9e unique (user_a_id, user_b_id)
2026-05-04 13:44:35.006 [main] DEBUG org.hibernate.SQL - 
    create index idx_room_timestamp 
       on messages (chat_room_id, timestamp)
2026-05-04 13:44:35.007 [main] DEBUG org.hibernate.SQL - 
    alter table if exists room_memberships 
       drop constraint if exists UKgx108yiv7h4vswt0vm5w2cydg
2026-05-04 13:44:35.007 [main] DEBUG org.hibernate.SQL - 
    alter table if exists room_memberships 
       add constraint UKgx108yiv7h4vswt0vm5w2cydg unique (user_id, chat_room_id)
2026-05-04 13:44:35.008 [main] DEBUG org.hibernate.SQL - 
    alter table if exists users 
       drop constraint if exists UK6dotkott2kjsp8vw4d0m25fb7
2026-05-04 13:44:35.009 [main] DEBUG org.hibernate.SQL - 
    alter table if exists users 
       add constraint UK6dotkott2kjsp8vw4d0m25fb7 unique (email)
2026-05-04 13:44:35.010 [main] DEBUG org.hibernate.SQL - 
    alter table if exists users 
       drop constraint if exists UKr43af9ap4edm43mmtq01oddj6
2026-05-04 13:44:35.010 [main] DEBUG org.hibernate.SQL - 
    alter table if exists users 
       add constraint UKr43af9ap4edm43mmtq01oddj6 unique (username)
2026-05-04 13:44:35.011 [main] DEBUG org.hibernate.SQL - 
    alter table if exists chat_rooms 
       add constraint FK5aa44vi2hoo7ifqej0p8xa44g 
       foreign key (created_by_id) 
       references users
2026-05-04 13:44:35.017 [main] DEBUG org.hibernate.SQL - 
    alter table if exists friend_requests 
       add constraint FKmofsv4jjyk6flwplaqwigukl8 
       foreign key (recipient_id) 
       references users
2026-05-04 13:44:35.019 [main] DEBUG org.hibernate.SQL - 
    alter table if exists friend_requests 
       add constraint FKdw74r5l8n8ya5bn3107xqucp5 
       foreign key (requester_id) 
       references users
2026-05-04 13:44:35.023 [main] DEBUG org.hibernate.SQL - 
    alter table if exists friendships 
       add constraint FK27nsek3bc5k6ejt36qei4mrmv 
       foreign key (user_a_id) 
       references users
2026-05-04 13:44:35.025 [main] DEBUG org.hibernate.SQL - 
    alter table if exists friendships 
       add constraint FKfjex5ha4rtt6aolcfuwybwjbv 
       foreign key (user_b_id) 
       references users
2026-05-04 13:44:35.026 [main] DEBUG org.hibernate.SQL - 
    alter table if exists messages 
       add constraint FK67lyatc9udvn9fgepx08ckmbt 
       foreign key (chat_room_id) 
       references chat_rooms
2026-05-04 13:44:35.028 [main] DEBUG org.hibernate.SQL - 
    alter table if exists messages 
       add constraint FK4ui4nnwntodh6wjvck53dbk9m 
       foreign key (sender_id) 
       references users
2026-05-04 13:44:35.030 [main] DEBUG org.hibernate.SQL - 
    alter table if exists room_memberships 
       add constraint FK5w1nurtmrlf9w7i5qf6infvqn 
       foreign key (chat_room_id) 
       references chat_rooms
2026-05-04 13:44:35.031 [main] DEBUG org.hibernate.SQL - 
    alter table if exists room_memberships 
       add constraint FKdyxdfemay3yegp11mavd2m4qb 
       foreign key (user_id) 
       references users
2026-05-04 13:44:35.035 [main] INFO  o.s.o.j.LocalContainerEntityManagerFactoryBean - Initialized JPA EntityManagerFactory for persistence unit 'default'
2026-05-04 13:44:35.566 [main] INFO  o.s.d.j.r.query.QueryEnhancerFactory - Hibernate is in classpath; If applicable, HQL parser will be used.
2026-05-04 13:44:36.684 [main] INFO  o.e.c.r.FriendRequestRepositoryTest - Started FriendRequestRepositoryTest in 5.237 seconds (process running for 22.115)
2026-05-04 13:44:36.793 [main] DEBUG org.hibernate.SQL - 
    /* insert for
        org.example.chat.entity.User */insert 
    into
        users (created_at, display_name, email, last_seen, online, password_hash, username) 
    values
        (?, ?, ?, ?, ?, ?, ?)
2026-05-04 13:44:36.873 [main] DEBUG org.hibernate.SQL - 
    /* insert for
        org.example.chat.entity.User */insert 
    into
        users (created_at, display_name, email, last_seen, online, password_hash, username) 
    values
        (?, ?, ?, ?, ?, ?, ?)
2026-05-04 13:44:36.876 [main] DEBUG org.hibernate.SQL - 
    /* insert for
        org.example.chat.entity.User */insert 
    into
        users (created_at, display_name, email, last_seen, online, password_hash, username) 
    values
        (?, ?, ?, ?, ?, ?, ?)
2026-05-04 13:44:36.907 [main] DEBUG org.hibernate.SQL - 
    /* insert for
        org.example.chat.entity.FriendRequest */insert 
    into
        friend_requests (created_at, recipient_id, requester_id, responded_at, status) 
    values
        (?, ?, ?, ?, ?)
2026-05-04 13:44:37.003 [main] DEBUG org.hibernate.SQL - 
    /* <criteria> */ select
        fr1_0.id,
        fr1_0.created_at,
        fr1_0.recipient_id,
        fr1_0.requester_id,
        fr1_0.responded_at,
        fr1_0.status 
    from
        friend_requests fr1_0 
    where
        fr1_0.requester_id=? 
        and fr1_0.recipient_id=?
2026-05-04 13:44:37.037 [main] DEBUG org.hibernate.SQL - 
    /* insert for
        org.example.chat.entity.User */insert 
    into
        users (created_at, display_name, email, last_seen, online, password_hash, username) 
    values
        (?, ?, ?, ?, ?, ?, ?)
2026-05-04 13:44:37.040 [main] DEBUG org.hibernate.SQL - 
    /* insert for
        org.example.chat.entity.User */insert 
    into
        users (created_at, display_name, email, last_seen, online, password_hash, username) 
    values
        (?, ?, ?, ?, ?, ?, ?)
2026-05-04 13:44:37.041 [main] DEBUG org.hibernate.SQL - 
    /* insert for
        org.example.chat.entity.User */insert 
    into
        users (created_at, display_name, email, last_seen, online, password_hash, username) 
    values
        (?, ?, ?, ?, ?, ?, ?)
2026-05-04 13:44:37.044 [main] DEBUG org.hibernate.SQL - 
    /* insert for
        org.example.chat.entity.FriendRequest */insert 
    into
        friend_requests (created_at, recipient_id, requester_id, responded_at, status) 
    values
        (?, ?, ?, ?, ?)
2026-05-04 13:44:37.044 [main] DEBUG org.hibernate.SQL - 
    /* insert for
        org.example.chat.entity.FriendRequest */insert 
    into
        friend_requests (created_at, recipient_id, requester_id, responded_at, status) 
    values
        (?, ?, ?, ?, ?)
2026-05-04 13:44:37.054 [main] DEBUG org.hibernate.SQL - 
    /* <criteria> */ select
        fr1_0.id,
        fr1_0.created_at,
        fr1_0.recipient_id,
        fr1_0.requester_id,
        fr1_0.responded_at,
        fr1_0.status 
    from
        friend_requests fr1_0 
    where
        fr1_0.recipient_id=? 
        and fr1_0.status=?
2026-05-04 13:44:37.064 [main] DEBUG org.hibernate.SQL - 
    /* insert for
        org.example.chat.entity.User */insert 
    into
        users (created_at, display_name, email, last_seen, online, password_hash, username) 
    values
        (?, ?, ?, ?, ?, ?, ?)
2026-05-04 13:44:37.068 [main] DEBUG org.hibernate.SQL - 
    /* insert for
        org.example.chat.entity.User */insert 
    into
        users (created_at, display_name, email, last_seen, online, password_hash, username) 
    values
        (?, ?, ?, ?, ?, ?, ?)
2026-05-04 13:44:37.070 [main] DEBUG org.hibernate.SQL - 
    /* insert for
        org.example.chat.entity.User */insert 
    into
        users (created_at, display_name, email, last_seen, online, password_hash, username) 
    values
        (?, ?, ?, ?, ?, ?, ?)
2026-05-04 13:44:37.072 [main] DEBUG org.hibernate.SQL - 
    /* insert for
        org.example.chat.entity.FriendRequest */insert 
    into
        friend_requests (created_at, recipient_id, requester_id, responded_at, status) 
    values
        (?, ?, ?, ?, ?)
2026-05-04 13:44:37.078 [main] DEBUG org.hibernate.SQL - 
    /* <criteria> */ select
        fr1_0.id,
        fr1_0.created_at,
        fr1_0.recipient_id,
        fr1_0.requester_id,
        fr1_0.responded_at,
        fr1_0.status 
    from
        friend_requests fr1_0 
    where
        fr1_0.id=? 
        and fr1_0.recipient_id=?
2026-05-04 13:44:37.088 [main] DEBUG org.hibernate.SQL - 
    /* insert for
        org.example.chat.entity.User */insert 
    into
        users (created_at, display_name, email, last_seen, online, password_hash, username) 
    values
        (?, ?, ?, ?, ?, ?, ?)
2026-05-04 13:44:37.092 [main] DEBUG org.hibernate.SQL - 
    /* insert for
        org.example.chat.entity.User */insert 
    into
        users (created_at, display_name, email, last_seen, online, password_hash, username) 
    values
        (?, ?, ?, ?, ?, ?, ?)
2026-05-04 13:44:37.094 [main] DEBUG org.hibernate.SQL - 
    /* insert for
        org.example.chat.entity.User */insert 
    into
        users (created_at, display_name, email, last_seen, online, password_hash, username) 
    values
        (?, ?, ?, ?, ?, ?, ?)
2026-05-04 13:44:37.105 [main] DEBUG org.hibernate.SQL - 
    /* insert for
        org.example.chat.entity.FriendRequest */insert 
    into
        friend_requests (created_at, recipient_id, requester_id, responded_at, status) 
    values
        (?, ?, ?, ?, ?)
2026-05-04 13:44:37.113 [main] DEBUG org.hibernate.SQL - 
    /* insert for
        org.example.chat.entity.User */insert 
    into
        users (created_at, display_name, email, last_seen, online, password_hash, username) 
    values
        (?, ?, ?, ?, ?, ?, ?)
2026-05-04 13:44:37.117 [main] DEBUG org.hibernate.SQL - 
    /* insert for
        org.example.chat.entity.User */insert 
    into
        users (created_at, display_name, email, last_seen, online, password_hash, username) 
    values
        (?, ?, ?, ?, ?, ?, ?)
2026-05-04 13:44:37.118 [main] DEBUG org.hibernate.SQL - 
    /* insert for
        org.example.chat.entity.User */insert 
    into
        users (created_at, display_name, email, last_seen, online, password_hash, username) 
    values
        (?, ?, ?, ?, ?, ?, ?)
2026-05-04 13:44:37.121 [main] DEBUG org.hibernate.SQL - 
    /* insert for
        org.example.chat.entity.FriendRequest */insert 
    into
        friend_requests (created_at, recipient_id, requester_id, responded_at, status) 
    values
        (?, ?, ?, ?, ?)
2026-05-04 13:44:37.124 [main] DEBUG org.hibernate.SQL - 
    /* insert for
        org.example.chat.entity.FriendRequest */insert 
    into
        friend_requests (created_at, recipient_id, requester_id, responded_at, status) 
    values
        (?, ?, ?, ?, ?)
2026-05-04 13:44:37.128 [main] WARN  o.h.e.jdbc.spi.SqlExceptionHelper - SQL Error: 23505, SQLState: 23505
2026-05-04 13:44:37.129 [main] ERROR o.h.e.jdbc.spi.SqlExceptionHelper - Unique index or primary key violation: "PUBLIC.UKPS9KPTAMCT3IJ6NXH0EFAVR5P_INDEX_5 ON PUBLIC.FRIEND_REQUESTS(REQUESTER_ID NULLS FIRST, RECIPIENT_ID NULLS FIRST) VALUES ( /* key:6 */ CAST(13 AS BIGINT), CAST(14 AS BIGINT))"; SQL statement:
/* insert for org.example.chat.entity.FriendRequest */insert into friend_requests (created_at,recipient_i [23505-232]
2026-05-04 13:44:37.142 [main] DEBUG org.hibernate.SQL - 
    /* insert for
        org.example.chat.entity.User */insert 
    into
        users (created_at, display_name, email, last_seen, online, password_hash, username) 
    values
        (?, ?, ?, ?, ?, ?, ?)
2026-05-04 13:44:37.144 [main] DEBUG org.hibernate.SQL - 
    /* insert for
        org.example.chat.entity.User */insert 
    into
        users (created_at, display_name, email, last_seen, online, password_hash, username) 
    values
        (?, ?, ?, ?, ?, ?, ?)
2026-05-04 13:44:37.145 [main] DEBUG org.hibernate.SQL - 
    /* insert for
        org.example.chat.entity.User */insert 
    into
        users (created_at, display_name, email, last_seen, online, password_hash, username) 
    values
        (?, ?, ?, ?, ?, ?, ?)
2026-05-04 13:44:37.149 [main] DEBUG org.hibernate.SQL - 
    /* <criteria> */ select
        fr1_0.id,
        fr1_0.created_at,
        fr1_0.recipient_id,
        fr1_0.requester_id,
        fr1_0.responded_at,
        fr1_0.status 
    from
        friend_requests fr1_0 
    where
        fr1_0.requester_id=? 
        and fr1_0.recipient_id=?
2026-05-04 13:44:37.159 [main] DEBUG org.hibernate.SQL - 
    /* insert for
        org.example.chat.entity.User */insert 
    into
        users (created_at, display_name, email, last_seen, online, password_hash, username) 
    values
        (?, ?, ?, ?, ?, ?, ?)
2026-05-04 13:44:37.162 [main] DEBUG org.hibernate.SQL - 
    /* insert for
        org.example.chat.entity.User */insert 
    into
        users (created_at, display_name, email, last_seen, online, password_hash, username) 
    values
        (?, ?, ?, ?, ?, ?, ?)
2026-05-04 13:44:37.163 [main] DEBUG org.hibernate.SQL - 
    /* insert for
        org.example.chat.entity.User */insert 
    into
        users (created_at, display_name, email, last_seen, online, password_hash, username) 
    values
        (?, ?, ?, ?, ?, ?, ?)
2026-05-04 13:44:37.167 [main] DEBUG org.hibernate.SQL - 
    /* insert for
        org.example.chat.entity.FriendRequest */insert 
    into
        friend_requests (created_at, recipient_id, requester_id, responded_at, status) 
    values
        (?, ?, ?, ?, ?)
2026-05-04 13:44:37.171 [main] DEBUG org.hibernate.SQL - 
    /* <criteria> */ select
        fr1_0.id,
        fr1_0.created_at,
        fr1_0.recipient_id,
        fr1_0.requester_id,
        fr1_0.responded_at,
        fr1_0.status 
    from
        friend_requests fr1_0 
    where
        fr1_0.requester_id=? 
        and fr1_0.status=?
2026-05-04 13:44:37.179 [main] DEBUG org.hibernate.SQL - 
    /* insert for
        org.example.chat.entity.User */insert 
    into
        users (created_at, display_name, email, last_seen, online, password_hash, username) 
    values
        (?, ?, ?, ?, ?, ?, ?)
2026-05-04 13:44:37.183 [main] DEBUG org.hibernate.SQL - 
    /* insert for
        org.example.chat.entity.User */insert 
    into
        users (created_at, display_name, email, last_seen, online, password_hash, username) 
    values
        (?, ?, ?, ?, ?, ?, ?)
2026-05-04 13:44:37.184 [main] DEBUG org.hibernate.SQL - 
    /* insert for
        org.example.chat.entity.User */insert 
    into
        users (created_at, display_name, email, last_seen, online, password_hash, username) 
    values
        (?, ?, ?, ?, ?, ?, ?)
2026-05-04 13:44:37.187 [main] DEBUG org.hibernate.SQL - 
    /* insert for
        org.example.chat.entity.FriendRequest */insert 
    into
        friend_requests (created_at, recipient_id, requester_id, responded_at, status) 
    values
        (?, ?, ?, ?, ?)
2026-05-04 13:44:37.190 [main] DEBUG org.hibernate.SQL - 
    /* <criteria> */ select
        fr1_0.id,
        fr1_0.created_at,
        fr1_0.recipient_id,
        fr1_0.requester_id,
        fr1_0.responded_at,
        fr1_0.status 
    from
        friend_requests fr1_0 
    where
        fr1_0.id=? 
        and fr1_0.recipient_id=?
2026-05-04 13:44:37.200 [main] INFO  o.s.t.c.s.AnnotationConfigContextLoaderUtils - Could not detect default configuration classes for test class [org.example.chat.repository.FriendshipRepositoryTest]: FriendshipRepositoryTest does not declare any static, non-private, non-final, nested classes annotated with @Configuration.
2026-05-04 13:44:37.214 [main] INFO  o.s.b.t.c.SpringBootTestContextBootstrapper - Found @SpringBootConfiguration org.example.chat.ChatApplication for test class org.example.chat.repository.FriendshipRepositoryTest
2026-05-04 13:44:37.224 [main] DEBUG org.hibernate.SQL - 
    /* insert for
        org.example.chat.entity.User */insert 
    into
        users (created_at, display_name, email, last_seen, online, password_hash, username) 
    values
        (?, ?, ?, ?, ?, ?, ?)
2026-05-04 13:44:37.226 [main] DEBUG org.hibernate.SQL - 
    /* insert for
        org.example.chat.entity.User */insert 
    into
        users (created_at, display_name, email, last_seen, online, password_hash, username) 
    values
        (?, ?, ?, ?, ?, ?, ?)
2026-05-04 13:44:37.229 [main] DEBUG org.hibernate.SQL - 
    /* insert for
        org.example.chat.entity.User */insert 
    into
        users (created_at, display_name, email, last_seen, online, password_hash, username) 
    values
        (?, ?, ?, ?, ?, ?, ?)
2026-05-04 13:44:37.234 [main] DEBUG org.hibernate.SQL - 
    /* <criteria> */ select
        f1_0.id,
        f1_0.created_at,
        f1_0.user_a_id,
        f1_0.user_b_id 
    from
        friendships f1_0 
    where
        f1_0.user_a_id=? 
        or f1_0.user_b_id=?
2026-05-04 13:44:37.243 [main] DEBUG org.hibernate.SQL - 
    /* insert for
        org.example.chat.entity.User */insert 
    into
        users (created_at, display_name, email, last_seen, online, password_hash, username) 
    values
        (?, ?, ?, ?, ?, ?, ?)
2026-05-04 13:44:37.247 [main] DEBUG org.hibernate.SQL - 
    /* insert for
        org.example.chat.entity.User */insert 
    into
        users (created_at, display_name, email, last_seen, online, password_hash, username) 
    values
        (?, ?, ?, ?, ?, ?, ?)
2026-05-04 13:44:37.249 [main] DEBUG org.hibernate.SQL - 
    /* insert for
        org.example.chat.entity.User */insert 
    into
        users (created_at, display_name, email, last_seen, online, password_hash, username) 
    values
        (?, ?, ?, ?, ?, ?, ?)
2026-05-04 13:44:37.252 [main] DEBUG org.hibernate.SQL - 
    /* insert for
        org.example.chat.entity.Friendship */insert 
    into
        friendships (created_at, user_a_id, user_b_id) 
    values
        (?, ?, ?)
2026-05-04 13:44:37.268 [main] DEBUG org.hibernate.SQL - 
    /* SELECT
        f 
    FROM
        Friendship f 
    WHERE
        (
            f.userA = :user1 
            AND f.userB = :user2
        ) 
        OR (
            f.userA = :user2 
            AND f.userB = :user1
        ) */ select
            f1_0.id,
            f1_0.created_at,
            f1_0.user_a_id,
            f1_0.user_b_id 
        from
            friendships f1_0 
        where
            (
                f1_0.user_a_id=? 
                and f1_0.user_b_id=?
            ) 
            or (
                f1_0.user_a_id=? 
                and f1_0.user_b_id=?
            )
2026-05-04 13:44:37.273 [main] DEBUG org.hibernate.SQL - 
    /* SELECT
        f 
    FROM
        Friendship f 
    WHERE
        (
            f.userA = :user1 
            AND f.userB = :user2
        ) 
        OR (
            f.userA = :user2 
            AND f.userB = :user1
        ) */ select
            f1_0.id,
            f1_0.created_at,
            f1_0.user_a_id,
            f1_0.user_b_id 
        from
            friendships f1_0 
        where
            (
                f1_0.user_a_id=? 
                and f1_0.user_b_id=?
            ) 
            or (
                f1_0.user_a_id=? 
                and f1_0.user_b_id=?
            )
2026-05-04 13:44:37.282 [main] DEBUG org.hibernate.SQL - 
    /* insert for
        org.example.chat.entity.User */insert 
    into
        users (created_at, display_name, email, last_seen, online, password_hash, username) 
    values
        (?, ?, ?, ?, ?, ?, ?)
2026-05-04 13:44:37.285 [main] DEBUG org.hibernate.SQL - 
    /* insert for
        org.example.chat.entity.User */insert 
    into
        users (created_at, display_name, email, last_seen, online, password_hash, username) 
    values
        (?, ?, ?, ?, ?, ?, ?)
2026-05-04 13:44:37.286 [main] DEBUG org.hibernate.SQL - 
    /* insert for
        org.example.chat.entity.User */insert 
    into
        users (created_at, display_name, email, last_seen, online, password_hash, username) 
    values
        (?, ?, ?, ?, ?, ?, ?)
2026-05-04 13:44:37.288 [main] DEBUG org.hibernate.SQL - 
    /* insert for
        org.example.chat.entity.Friendship */insert 
    into
        friendships (created_at, user_a_id, user_b_id) 
    values
        (?, ?, ?)
2026-05-04 13:44:37.290 [main] DEBUG org.hibernate.SQL - 
    /* insert for
        org.example.chat.entity.Friendship */insert 
    into
        friendships (created_at, user_a_id, user_b_id) 
    values
        (?, ?, ?)
2026-05-04 13:44:37.292 [main] WARN  o.h.e.jdbc.spi.SqlExceptionHelper - SQL Error: 23505, SQLState: 23505
2026-05-04 13:44:37.292 [main] ERROR o.h.e.jdbc.spi.SqlExceptionHelper - Unique index or primary key violation: "PUBLIC.UK2EMRLODOYASL55CYW3L0BUO9E_INDEX_D ON PUBLIC.FRIENDSHIPS(USER_A_ID NULLS FIRST, USER_B_ID NULLS FIRST) VALUES ( /* key:2 */ CAST(31 AS BIGINT), CAST(32 AS BIGINT))"; SQL statement:
/* insert for org.example.chat.entity.Friendship */insert into friendsh [23505-232]
2026-05-04 13:44:37.302 [main] DEBUG org.hibernate.SQL - 
    /* insert for
        org.example.chat.entity.User */insert 
    into
        users (created_at, display_name, email, last_seen, online, password_hash, username) 
    values
        (?, ?, ?, ?, ?, ?, ?)
2026-05-04 13:44:37.304 [main] DEBUG org.hibernate.SQL - 
    /* insert for
        org.example.chat.entity.User */insert 
    into
        users (created_at, display_name, email, last_seen, online, password_hash, username) 
    values
        (?, ?, ?, ?, ?, ?, ?)
2026-05-04 13:44:37.305 [main] DEBUG org.hibernate.SQL - 
    /* insert for
        org.example.chat.entity.User */insert 
    into
        users (created_at, display_name, email, last_seen, online, password_hash, username) 
    values
        (?, ?, ?, ?, ?, ?, ?)
2026-05-04 13:44:37.307 [main] DEBUG org.hibernate.SQL - 
    /* insert for
        org.example.chat.entity.Friendship */insert 
    into
        friendships (created_at, user_a_id, user_b_id) 
    values
        (?, ?, ?)
2026-05-04 13:44:37.309 [main] DEBUG org.hibernate.SQL - 
    /* insert for
        org.example.chat.entity.Friendship */insert 
    into
        friendships (created_at, user_a_id, user_b_id) 
    values
        (?, ?, ?)
2026-05-04 13:44:37.310 [main] DEBUG org.hibernate.SQL - 
    /* insert for
        org.example.chat.entity.Friendship */insert 
    into
        friendships (created_at, user_a_id, user_b_id) 
    values
        (?, ?, ?)
2026-05-04 13:44:37.315 [main] DEBUG org.hibernate.SQL - 
    /* <criteria> */ select
        f1_0.id,
        f1_0.created_at,
        f1_0.user_a_id,
        f1_0.user_b_id 
    from
        friendships f1_0 
    where
        f1_0.user_a_id=? 
        or f1_0.user_b_id=?
2026-05-04 13:44:37.322 [main] DEBUG org.hibernate.SQL - 
    /* insert for
        org.example.chat.entity.User */insert 
    into
        users (created_at, display_name, email, last_seen, online, password_hash, username) 
    values
        (?, ?, ?, ?, ?, ?, ?)
2026-05-04 13:44:37.325 [main] DEBUG org.hibernate.SQL - 
    /* insert for
        org.example.chat.entity.User */insert 
    into
        users (created_at, display_name, email, last_seen, online, password_hash, username) 
    values
        (?, ?, ?, ?, ?, ?, ?)
2026-05-04 13:44:37.326 [main] DEBUG org.hibernate.SQL - 
    /* insert for
        org.example.chat.entity.User */insert 
    into
        users (created_at, display_name, email, last_seen, online, password_hash, username) 
    values
        (?, ?, ?, ?, ?, ?, ?)
2026-05-04 13:44:37.329 [main] DEBUG org.hibernate.SQL - 
    /* insert for
        org.example.chat.entity.Friendship */insert 
    into
        friendships (created_at, user_a_id, user_b_id) 
    values
        (?, ?, ?)
2026-05-04 13:44:37.336 [main] DEBUG org.hibernate.SQL - 
    /* insert for
        org.example.chat.entity.User */insert 
    into
        users (created_at, display_name, email, last_seen, online, password_hash, username) 
    values
        (?, ?, ?, ?, ?, ?, ?)
2026-05-04 13:44:37.338 [main] DEBUG org.hibernate.SQL - 
    /* insert for
        org.example.chat.entity.User */insert 
    into
        users (created_at, display_name, email, last_seen, online, password_hash, username) 
    values
        (?, ?, ?, ?, ?, ?, ?)
2026-05-04 13:44:37.339 [main] DEBUG org.hibernate.SQL - 
    /* insert for
        org.example.chat.entity.User */insert 
    into
        users (created_at, display_name, email, last_seen, online, password_hash, username) 
    values
        (?, ?, ?, ?, ?, ?, ?)
2026-05-04 13:44:37.342 [main] DEBUG org.hibernate.SQL - 
    /* SELECT
        f 
    FROM
        Friendship f 
    WHERE
        (
            f.userA = :user1 
            AND f.userB = :user2
        ) 
        OR (
            f.userA = :user2 
            AND f.userB = :user1
        ) */ select
            f1_0.id,
            f1_0.created_at,
            f1_0.user_a_id,
            f1_0.user_b_id 
        from
            friendships f1_0 
        where
            (
                f1_0.user_a_id=? 
                and f1_0.user_b_id=?
            ) 
            or (
                f1_0.user_a_id=? 
                and f1_0.user_b_id=?
            )
2026-05-04 13:44:37.350 [main] DEBUG org.hibernate.SQL - 
    /* insert for
        org.example.chat.entity.User */insert 
    into
        users (created_at, display_name, email, last_seen, online, password_hash, username) 
    values
        (?, ?, ?, ?, ?, ?, ?)
2026-05-04 13:44:37.352 [main] DEBUG org.hibernate.SQL - 
    /* insert for
        org.example.chat.entity.User */insert 
    into
        users (created_at, display_name, email, last_seen, online, password_hash, username) 
    values
        (?, ?, ?, ?, ?, ?, ?)
2026-05-04 13:44:37.355 [main] DEBUG org.hibernate.SQL - 
    /* insert for
        org.example.chat.entity.User */insert 
    into
        users (created_at, display_name, email, last_seen, online, password_hash, username) 
    values
        (?, ?, ?, ?, ?, ?, ?)
2026-05-04 13:44:37.358 [main] DEBUG org.hibernate.SQL - 
    /* insert for
        org.example.chat.entity.Friendship */insert 
    into
        friendships (created_at, user_a_id, user_b_id) 
    values
        (?, ?, ?)
2026-05-04 13:44:37.360 [main] DEBUG org.hibernate.SQL - 
    /* SELECT
        f 
    FROM
        Friendship f 
    WHERE
        (
            f.userA = :user1 
            AND f.userB = :user2
        ) 
        OR (
            f.userA = :user2 
            AND f.userB = :user1
        ) */ select
            f1_0.id,
            f1_0.created_at,
            f1_0.user_a_id,
            f1_0.user_b_id 
        from
            friendships f1_0 
        where
            (
                f1_0.user_a_id=? 
                and f1_0.user_b_id=?
            ) 
            or (
                f1_0.user_a_id=? 
                and f1_0.user_b_id=?
            )
2026-05-04 13:44:37.361 [main] DEBUG org.hibernate.SQL - 
    /* SELECT
        f 
    FROM
        Friendship f 
    WHERE
        (
            f.userA = :user1 
            AND f.userB = :user2
        ) 
        OR (
            f.userA = :user2 
            AND f.userB = :user1
        ) */ select
            f1_0.id,
            f1_0.created_at,
            f1_0.user_a_id,
            f1_0.user_b_id 
        from
            friendships f1_0 
        where
            (
                f1_0.user_a_id=? 
                and f1_0.user_b_id=?
            ) 
            or (
                f1_0.user_a_id=? 
                and f1_0.user_b_id=?
            )
2026-05-04 13:44:37.508 [main] DEBUG org.example.chat.security.JwtUtil - Generated JWT token for user: user1
2026-05-04 13:44:37.509 [main] DEBUG org.example.chat.security.JwtUtil - Generated JWT token for user: user2
2026-05-04 13:44:37.512 [main] DEBUG org.example.chat.security.JwtUtil - Generated JWT token for user: testuser
2026-05-04 13:44:37.548 [main] ERROR org.example.chat.security.JwtUtil - Invalid JWT signature: JWT signature does not match locally computed signature. JWT validity cannot be asserted and should not be trusted.
2026-05-04 13:44:37.549 [main] ERROR org.example.chat.security.JwtUtil - JWT claims string is empty: CharSequence cannot be null or empty.
2026-05-04 13:44:37.550 [main] DEBUG org.example.chat.security.JwtUtil - Generated JWT token for user: user1
2026-05-04 13:44:37.552 [main] DEBUG org.example.chat.security.JwtUtil - Generated JWT token for user: user2
2026-05-04 13:44:37.558 [main] DEBUG org.example.chat.security.JwtUtil - Extracted username from JWT token: user1
2026-05-04 13:44:37.560 [main] DEBUG org.example.chat.security.JwtUtil - Extracted username from JWT token: user2
2026-05-04 13:44:37.572 [main] ERROR org.example.chat.security.JwtUtil - Invalid JWT token: Malformed protected header JSON: Unable to deserialize: Unexpected character ('?' (code 65533 / 0xfffd)): expected a valid value (JSON String, Number, Array, Object or token 'null', 'true' or 'false')
 at [Source: REDACTED (`StreamReadFeature.INCLUDE_SOURCE_IN_LOCATION` disabled); line: 1, column: 1]
2026-05-04 13:44:37.574 [main] DEBUG org.example.chat.security.JwtUtil - Generated JWT token for user: testuser
2026-05-04 13:44:37.576 [main] DEBUG org.example.chat.security.JwtUtil - Extracted username from JWT token: testuser
2026-05-04 13:44:37.578 [main] ERROR org.example.chat.security.JwtUtil - JWT claims string is empty: CharSequence cannot be null or empty.
2026-05-04 13:44:37.583 [main] ERROR org.example.chat.security.JwtUtil - Expired JWT token: JWT expired 1583 milliseconds ago at 2026-05-04T05:44:36.000Z. Current time: 2026-05-04T05:44:37.583Z. Allowed clock skew: 0 milliseconds.
2026-05-04 13:44:37.586 [main] DEBUG org.example.chat.security.JwtUtil - Generated JWT token for user: testuser
2026-05-04 13:44:37.587 [main] DEBUG org.example.chat.security.JwtUtil - JWT token validated successfully
2026-05-04 13:44:37.589 [main] DEBUG org.example.chat.security.JwtUtil - Generated JWT token for user: testuser
2026-05-04 13:44:37.591 [main] DEBUG org.example.chat.security.JwtUtil - Generated JWT token for user: lifecycletest
2026-05-04 13:44:37.593 [main] DEBUG org.example.chat.security.JwtUtil - JWT token validated successfully
2026-05-04 13:44:37.595 [main] DEBUG org.example.chat.security.JwtUtil - Extracted username from JWT token: lifecycletest
2026-05-04 13:44:37.600 [main] INFO  o.s.t.c.s.AnnotationConfigContextLoaderUtils - Could not detect default configuration classes for test class [org.example.chat.security.SecurityConfigTest]: SecurityConfigTest does not declare any static, non-private, non-final, nested classes annotated with @Configuration.
2026-05-04 13:44:37.617 [main] INFO  o.s.b.t.c.SpringBootTestContextBootstrapper - Found @SpringBootConfiguration org.example.chat.ChatApplication for test class org.example.chat.security.SecurityConfigTest
2026-05-04 13:44:37.664 [main] INFO  o.e.chat.security.SecurityConfigTest - Starting SecurityConfigTest using Java 17.0.17 with PID 30872 (started by echob in C:\Users\echob\IdeaProjects\java-proj-maven)
2026-05-04 13:44:37.664 [main] INFO  o.e.chat.security.SecurityConfigTest - The following 1 profile is active: "test"
2026-05-04 13:44:38.377 [main] WARN  org.hibernate.orm.deprecation - HHH90000025: H2Dialect does not need to be specified explicitly using 'hibernate.dialect' (remove the property setting and it will be selected by default)
2026-05-04 13:44:39.538 [main] INFO  o.e.chat.security.SecurityConfigTest - Started SecurityConfigTest in 1.913 seconds (process running for 24.969)
2026-05-04 13:44:39.589 [main] INFO  o.e.chat.controller.AuthController - Login request received for username: test
2026-05-04 13:44:39.590 [main] INFO  o.e.c.service.AuthenticationService - Attempting to authenticate user: test
2026-05-04 13:44:39.646 [main] WARN  o.e.c.service.AuthenticationService - Authentication failed: user not found: test
2026-05-04 13:44:39.647 [main] WARN  o.e.chat.controller.AuthController - Login failed for username test: Invalid username or password
2026-05-04 13:44:39.648 [main] WARN  o.e.c.e.GlobalExceptionHandler - Illegal argument exception: Invalid username or password
2026-05-04 13:44:39.669 [main] INFO  o.e.chat.controller.AuthController - Registration request received for username: testuser1
2026-05-04 13:44:39.670 [main] INFO  o.e.c.service.AuthenticationService - Attempting to register user: testuser1
2026-05-04 13:44:39.835 [main] INFO  o.e.c.service.AuthenticationService - Successfully registered user: testuser1
2026-05-04 13:44:39.838 [main] INFO  o.e.chat.controller.AuthController - User registered successfully: testuser1
2026-05-04 13:44:39.845 [main] INFO  o.e.chat.controller.AuthController - Login request received for username: nonexistentuser
2026-05-04 13:44:39.845 [main] INFO  o.e.c.service.AuthenticationService - Attempting to authenticate user: nonexistentuser
2026-05-04 13:44:39.848 [main] WARN  o.e.c.service.AuthenticationService - Authentication failed: user not found: nonexistentuser
2026-05-04 13:44:39.849 [main] WARN  o.e.chat.controller.AuthController - Login failed for username nonexistentuser: Invalid username or password
2026-05-04 13:44:39.849 [main] WARN  o.e.c.e.GlobalExceptionHandler - Illegal argument exception: Invalid username or password
2026-05-04 13:44:39.950 [main] ERROR o.e.c.s.WebSocketAuthenticationInterceptor - WebSocket authentication failed: User not found
2026-05-04 13:44:39.954 [main] INFO  o.e.c.s.WebSocketAuthenticationInterceptor - WebSocket connection authenticated for user: testuser
2026-05-04 13:44:39.959 [main] ERROR o.e.c.s.WebSocketAuthenticationInterceptor - Missing Authorization header in STOMP CONNECT frame
2026-05-04 13:44:39.961 [main] ERROR o.e.c.s.WebSocketAuthenticationInterceptor - WebSocket authentication failed: Missing authentication token
2026-05-04 13:44:39.964 [main] ERROR o.e.c.s.WebSocketAuthenticationInterceptor - Missing Authorization header in STOMP CONNECT frame
2026-05-04 13:44:39.965 [main] ERROR o.e.c.s.WebSocketAuthenticationInterceptor - WebSocket authentication failed: Missing authentication token
2026-05-04 13:44:39.970 [main] ERROR o.e.c.s.WebSocketAuthenticationInterceptor - Invalid JWT token in STOMP CONNECT frame
2026-05-04 13:44:39.970 [main] ERROR o.e.c.s.WebSocketAuthenticationInterceptor - WebSocket authentication failed: Invalid authentication token
2026-05-04 13:44:40.102 [main] INFO  o.e.c.service.AuthenticationService - Attempting to authenticate user: testuser
2026-05-04 13:44:40.207 [main] INFO  o.e.c.service.AuthenticationService - Successfully authenticated user: testuser
2026-05-04 13:44:40.210 [main] INFO  o.e.c.service.AuthenticationService - Attempting to register user: testuser
2026-05-04 13:44:40.213 [main] INFO  o.e.c.service.AuthenticationService - Attempting to register user: 
2026-05-04 13:44:40.217 [main] INFO  o.e.c.service.AuthenticationService - Attempting to register user: testuser
2026-05-04 13:44:40.220 [main] INFO  o.e.c.service.AuthenticationService - Attempting to register user: aaaaaaaaaaaaaaaaaaaaaaaaaaaaaaaaaaaaaaaaaaaaaaaaaaa
2026-05-04 13:44:40.225 [main] INFO  o.e.c.service.AuthenticationService - Attempting to register user: testuser
2026-05-04 13:44:40.324 [main] INFO  o.e.c.service.AuthenticationService - Successfully registered user: testuser
2026-05-04 13:44:40.328 [main] INFO  o.e.c.service.AuthenticationService - Attempting to authenticate user: 
2026-05-04 13:44:40.328 [main] WARN  o.e.c.service.AuthenticationService - Authentication failed: username is empty
2026-05-04 13:44:40.332 [main] INFO  o.e.c.service.AuthenticationService - Attempting to authenticate user: nonexistent
2026-05-04 13:44:40.332 [main] WARN  o.e.c.service.AuthenticationService - Authentication failed: user not found: nonexistent
2026-05-04 13:44:40.336 [main] INFO  o.e.c.service.AuthenticationService - Attempting to register user: existinguser
2026-05-04 13:44:40.336 [main] WARN  o.e.c.service.AuthenticationService - Registration failed: username already exists: existinguser
2026-05-04 13:44:40.338 [main] INFO  o.e.c.service.AuthenticationService - Attempting to authenticate user: testuser
2026-05-04 13:44:40.340 [main] WARN  o.e.c.service.AuthenticationService - Authentication failed: password is empty
2026-05-04 13:44:40.436 [main] INFO  o.e.c.service.AuthenticationService - Attempting to authenticate user: testuser
2026-05-04 13:44:40.521 [main] WARN  o.e.c.service.AuthenticationService - Authentication failed: invalid password for user: testuser
2026-05-04 13:44:40.524 [main] INFO  o.e.c.service.AuthenticationService - Attempting to register user: testuser
2026-05-04 13:44:40.527 [main] INFO  o.e.c.service.AuthenticationService - Attempting to register user: testuser
2026-05-04 13:44:40.527 [main] WARN  o.e.c.service.AuthenticationService - Registration failed: email already exists: existing@example.com
2026-05-04 13:44:40.529 [main] INFO  o.e.c.service.AuthenticationService - Attempting to register user: testuser
2026-05-04 13:44:40.629 [main] WARN  o.e.chat.service.ChatMessageService - Get message history failed: chat room not found: 1
2026-05-04 13:44:40.632 [main] INFO  o.e.chat.service.ChatMessageService - User ID: 1 attempting to send message to room ID: 1
2026-05-04 13:44:40.640 [main] INFO  o.e.chat.service.ChatMessageService - User ID: 1 attempting to send message to room ID: 1
2026-05-04 13:44:40.642 [main] INFO  o.e.chat.service.ChatMessageService - Message persisted with ID: 1 in room ID: 1
2026-05-04 13:44:40.642 [main] INFO  o.e.chat.service.ChatMessageService - Message ID: 1 successfully broadcast to topic: /topic/room/1
2026-05-04 13:44:40.649 [main] INFO  o.e.chat.service.ChatMessageService - User ID: 1 attempting to send message to room ID: 1
2026-05-04 13:44:40.650 [main] INFO  o.e.chat.service.ChatMessageService - Message persisted with ID: 1 in room ID: 1
2026-05-04 13:44:40.651 [main] INFO  o.e.chat.service.ChatMessageService - Message ID: 1 successfully broadcast to topic: /topic/room/1
2026-05-04 13:44:40.655 [main] INFO  o.e.chat.service.ChatMessageService - User ID: 1 attempting to send message to room ID: 1
2026-05-04 13:44:40.658 [main] INFO  o.e.chat.service.ChatMessageService - User ID: 1 attempting to send message to room ID: 1
2026-05-04 13:44:40.666 [main] INFO  o.e.chat.service.ChatMessageService - User ID: 1 attempting to send message to room ID: 1
2026-05-04 13:44:40.666 [main] WARN  o.e.chat.service.ChatMessageService - Send message failed: chat room not found: 1
2026-05-04 13:44:40.670 [main] INFO  o.e.chat.service.ChatMessageService - User ID: 1 attempting to send message to room ID: 1
2026-05-04 13:44:40.670 [main] WARN  o.e.chat.service.ChatMessageService - User ID: 1 is not a member of room ID: 1
2026-05-04 13:44:40.675 [main] INFO  o.e.chat.service.ChatMessageService - User ID: 1 attempting to send message to room ID: 1
2026-05-04 13:44:40.675 [main] INFO  o.e.chat.service.ChatMessageService - Message persisted with ID: 1 in room ID: 1
2026-05-04 13:44:40.676 [main] INFO  o.e.chat.service.ChatMessageService - Message ID: 1 successfully broadcast to topic: /topic/room/1
2026-05-04 13:44:40.679 [main] INFO  o.e.chat.service.ChatMessageService - User ID: 1 attempting to send message to room ID: 1
2026-05-04 13:44:40.680 [main] WARN  o.e.chat.service.ChatMessageService - Send message failed: sender not found: 1
2026-05-04 13:44:40.686 [main] INFO  o.e.chat.service.ChatRoomService - Attempting to create chat room: Existing Room by user ID: 1
2026-05-04 13:44:40.686 [main] WARN  o.e.chat.service.ChatRoomService - Room creation failed: room name already exists: Existing Room
2026-05-04 13:44:40.691 [main] INFO  o.e.chat.service.ChatRoomService - Attempting to create chat room: New Room by user ID: 1
2026-05-04 13:44:40.692 [main] INFO  o.e.chat.service.ChatRoomService - Successfully created chat room: New Room with ID: 1
2026-05-04 13:44:40.692 [main] INFO  o.e.chat.service.ChatRoomService - Adding user ID: 1 to chat room ID: 1 with role: OWNER
2026-05-04 13:44:40.693 [main] INFO  o.e.chat.service.ChatRoomService - Successfully added user ID: 1 to chat room ID: 1
2026-05-04 13:44:40.697 [main] INFO  o.e.chat.service.ChatRoomService - Deleting chat room ID: 999 by user ID: 1
2026-05-04 13:44:40.699 [main] WARN  o.e.chat.service.ChatRoomService - Chat room not found: 999
2026-05-04 13:44:40.703 [main] INFO  o.e.chat.service.ChatRoomService - Attempting to create chat room: aaaaaaaaaaaaaaaaaaaaaaaaaaaaaaaaaaaaaaaaaaaaaaaaaaaaaaaaaaaaaaaaaaaaaaaaaaaaaaaaaaaaaaaaaaaaaaaaaaaaa by user ID: 1
2026-05-04 13:44:40.707 [main] INFO  o.e.chat.service.ChatRoomService - Removing user ID: 999 from chat room ID: 1
2026-05-04 13:44:40.708 [main] WARN  o.e.chat.service.ChatRoomService - Remove member failed: user not found: 999
2026-05-04 13:44:40.711 [main] INFO  o.e.chat.service.ChatRoomService - Adding user ID: 2 to chat room ID: 1 with role: null
2026-05-04 13:44:40.712 [main] INFO  o.e.chat.service.ChatRoomService - Successfully added user ID: 2 to chat room ID: 1
2026-05-04 13:44:40.719 [main] INFO  o.e.chat.service.ChatRoomService - Attempting to create chat room:  by user ID: 1
2026-05-04 13:44:40.722 [main] INFO  o.e.chat.service.ChatRoomService - Deleting chat room ID: 1 by user ID: 1
2026-05-04 13:44:40.727 [main] INFO  o.e.chat.service.ChatRoomService - Adding user ID: 2 to chat room ID: 1 with role: MEMBER
2026-05-04 13:44:40.727 [main] INFO  o.e.chat.service.ChatRoomService - Successfully added user ID: 2 to chat room ID: 1
2026-05-04 13:44:40.732 [main] INFO  o.e.chat.service.ChatRoomService - Adding user ID: 1 to chat room ID: 1 with role: MEMBER
2026-05-04 13:44:40.737 [main] INFO  o.e.chat.service.ChatRoomService - Adding user ID: 999 to chat room ID: 1 with role: MEMBER
2026-05-04 13:44:40.737 [main] WARN  o.e.chat.service.ChatRoomService - Add member failed: user not found: 999
2026-05-04 13:44:40.741 [main] INFO  o.e.chat.service.ChatRoomService - Deleting chat room ID: 1 by user ID: 999
2026-05-04 13:44:40.747 [main] INFO  o.e.chat.service.ChatRoomService - Deleting chat room ID: 1 by user ID: 1
2026-05-04 13:44:40.750 [main] INFO  o.e.chat.service.ChatRoomService - Deleting chat room ID: 1 by user ID: 1
2026-05-04 13:44:40.751 [main] INFO  o.e.chat.service.ChatRoomService - Deleted chat room ID: 1
2026-05-04 13:44:40.761 [main] INFO  o.e.chat.service.ChatRoomService - Removing user ID: 2 from chat room ID: 1
2026-05-04 13:44:40.761 [main] WARN  o.e.chat.service.ChatRoomService - Remove member failed: user 2 is not a member of room 1
2026-05-04 13:44:40.766 [main] WARN  o.e.chat.service.ChatRoomService - Chat room not found: 999
2026-05-04 13:44:40.771 [main] WARN  o.e.chat.service.ChatRoomService - Chat room not found: 999
2026-05-04 13:44:40.776 [main] INFO  o.e.chat.service.ChatRoomService - Attempting to create chat room: New Room by user ID: 999
2026-05-04 13:44:40.776 [main] WARN  o.e.chat.service.ChatRoomService - Room creation failed: creator user not found: 999
2026-05-04 13:44:40.778 [main] INFO  o.e.chat.service.ChatRoomService - Removing user ID: 1 from chat room ID: 1
2026-05-04 13:44:40.778 [main] INFO  o.e.chat.service.ChatRoomService - Successfully removed user ID: 1 from chat room ID: 1
2026-05-04 13:44:40.785 [main] INFO  o.e.chat.service.ChatRoomService - Deleting chat room ID: 1 by user ID: 1
2026-05-04 13:44:40.786 [main] INFO  o.e.chat.service.ChatRoomService - Deleted chat room ID: 1
2026-05-04 13:44:40.971 [main] INFO  o.example.chat.service.FriendService - Friend request accepted by testuser from frienduser
2026-05-04 13:44:40.976 [main] INFO  o.example.chat.service.FriendService - Friend request declined by testuser from frienduser
2026-05-04 13:44:40.980 [main] INFO  o.example.chat.service.FriendService - Friend request sent from testuser to frienduser
2026-05-04 13:44:40.988 [main] INFO  o.example.chat.service.FriendService - Friend request accepted by testuser from frienduser
2026-05-04 14:42:46.161 [main] INFO  org.example.chat.ChatApplication - Starting ChatApplication using Java 17.0.17 with PID 2200 (C:\Users\echob\IdeaProjects\java-proj-maven\target\classes started by echob in C:\Users\echob\IdeaProjects\java-proj-maven)
2026-05-04 14:42:46.170 [main] DEBUG org.example.chat.ChatApplication - Running with Spring Boot v3.4.10, Spring v6.2.11
2026-05-04 14:42:46.173 [main] INFO  org.example.chat.ChatApplication - No active profile set, falling back to 1 default profile: "default"
2026-05-04 14:42:49.895 [main] INFO  o.s.d.r.c.RepositoryConfigurationDelegate - Bootstrapping Spring Data JPA repositories in DEFAULT mode.
2026-05-04 14:42:50.360 [main] INFO  o.s.d.r.c.RepositoryConfigurationDelegate - Finished Spring Data repository scanning in 402 ms. Found 6 JPA repository interfaces.
2026-05-04 14:42:52.783 [main] INFO  o.s.b.w.e.tomcat.TomcatWebServer - Tomcat initialized with port 8080 (http)
2026-05-04 14:42:52.830 [main] INFO  o.a.catalina.core.StandardService - Starting service [Tomcat]
2026-05-04 14:42:52.831 [main] INFO  o.a.catalina.core.StandardEngine - Starting Servlet engine: [Apache Tomcat/10.1.54]
2026-05-04 14:42:53.114 [main] INFO  o.a.c.c.C.[Tomcat].[localhost].[/] - Initializing Spring embedded WebApplicationContext
2026-05-04 14:42:53.115 [main] INFO  o.s.b.w.s.c.ServletWebServerApplicationContext - Root WebApplicationContext: initialization completed in 6767 ms
2026-05-04 14:42:53.840 [main] INFO  o.h.jpa.internal.util.LogHelper - HHH000204: Processing PersistenceUnitInfo [name: default]
2026-05-04 14:42:54.109 [main] INFO  org.hibernate.Version - HHH000412: Hibernate ORM core version 6.6.29.Final
2026-05-04 14:42:54.253 [main] INFO  o.h.c.i.RegionFactoryInitiator - HHH000026: Second-level cache disabled
2026-05-04 14:42:55.172 [main] INFO  o.s.o.j.p.SpringPersistenceUnitInfo - No LoadTimeWeaver setup: ignoring JPA class transformer
2026-05-04 14:42:55.257 [main] INFO  com.zaxxer.hikari.HikariDataSource - HikariPool-1 - Starting...
2026-05-04 14:42:55.996 [main] INFO  com.zaxxer.hikari.pool.HikariPool - HikariPool-1 - Added connection org.postgresql.jdbc.PgConnection@5627b8eb
2026-05-04 14:42:56.002 [main] INFO  com.zaxxer.hikari.HikariDataSource - HikariPool-1 - Start completed.
2026-05-04 14:42:56.205 [main] WARN  org.hibernate.orm.deprecation - HHH90000025: PostgreSQLDialect does not need to be specified explicitly using 'hibernate.dialect' (remove the property setting and it will be selected by default)
2026-05-04 14:42:56.274 [main] INFO  o.hibernate.orm.connections.pooling - HHH10001005: Database info:
	Database JDBC URL [Connecting through datasource 'HikariDataSource (HikariPool-1)']
	Database driver: undefined/unknown
	Database version: 18.3
	Autocommit mode: undefined/unknown
	Isolation level: undefined/unknown
	Minimum pool size: undefined/unknown
	Maximum pool size: undefined/unknown
2026-05-04 14:42:59.935 [main] INFO  o.h.e.t.j.p.i.JtaPlatformInitiator - HHH000489: No JTA platform available (set 'hibernate.transaction.jta.platform' to enable JTA platform integration)
2026-05-04 14:43:00.333 [main] DEBUG org.hibernate.SQL - 
    create table friend_requests (
        id bigint generated by default as identity,
        created_at timestamp(6) not null,
        responded_at timestamp(6),
        status varchar(20) not null check (status in ('PENDING','ACCEPTED','DECLINED')),
        recipient_id bigint not null,
        requester_id bigint not null,
        primary key (id)
    )
2026-05-04 14:43:00.531 [main] DEBUG org.hibernate.SQL - 
    create table friendships (
        id bigint generated by default as identity,
        created_at timestamp(6) not null,
        user_a_id bigint not null,
        user_b_id bigint not null,
        primary key (id)
    )
2026-05-04 14:43:00.549 [main] DEBUG org.hibernate.SQL - 
    alter table if exists friend_requests 
       drop constraint if exists UKps9kptamct3ij6nxh0efavr5p
2026-05-04 14:43:00.557 [main] WARN  o.h.e.jdbc.spi.SqlExceptionHelper - SQL Warning Code: 0, SQLState: 00000
2026-05-04 14:43:00.560 [main] WARN  o.h.e.jdbc.spi.SqlExceptionHelper - constraint "ukps9kptamct3ij6nxh0efavr5p" of relation "friend_requests" does not exist, skipping
2026-05-04 14:43:00.562 [main] DEBUG org.hibernate.SQL - 
    alter table if exists friend_requests 
       add constraint UKps9kptamct3ij6nxh0efavr5p unique (requester_id, recipient_id)
2026-05-04 14:43:00.566 [main] DEBUG org.hibernate.SQL - 
    alter table if exists friendships 
       drop constraint if exists UK2emrlodoyasl55cyw3l0buo9e
2026-05-04 14:43:00.569 [main] WARN  o.h.e.jdbc.spi.SqlExceptionHelper - SQL Warning Code: 0, SQLState: 00000
2026-05-04 14:43:00.570 [main] WARN  o.h.e.jdbc.spi.SqlExceptionHelper - constraint "uk2emrlodoyasl55cyw3l0buo9e" of relation "friendships" does not exist, skipping
2026-05-04 14:43:00.571 [main] DEBUG org.hibernate.SQL - 
    alter table if exists friendships 
       add constraint UK2emrlodoyasl55cyw3l0buo9e unique (user_a_id, user_b_id)
2026-05-04 14:43:00.729 [main] DEBUG org.hibernate.SQL - 
    alter table if exists friend_requests 
       add constraint FKmofsv4jjyk6flwplaqwigukl8 
       foreign key (recipient_id) 
       references users
2026-05-04 14:43:00.746 [main] DEBUG org.hibernate.SQL - 
    alter table if exists friend_requests 
       add constraint FKdw74r5l8n8ya5bn3107xqucp5 
       foreign key (requester_id) 
       references users
2026-05-04 14:43:00.751 [main] DEBUG org.hibernate.SQL - 
    alter table if exists friendships 
       add constraint FK27nsek3bc5k6ejt36qei4mrmv 
       foreign key (user_a_id) 
       references users
2026-05-04 14:43:00.757 [main] DEBUG org.hibernate.SQL - 
    alter table if exists friendships 
       add constraint FKfjex5ha4rtt6aolcfuwybwjbv 
       foreign key (user_b_id) 
       references users
2026-05-04 14:43:00.845 [main] INFO  o.s.o.j.LocalContainerEntityManagerFactoryBean - Initialized JPA EntityManagerFactory for persistence unit 'default'
2026-05-04 14:43:01.801 [main] DEBUG o.e.c.s.JwtAuthenticationFilter - Filter 'jwtAuthenticationFilter' configured for use
2026-05-04 14:43:02.014 [main] INFO  o.s.d.j.r.query.QueryEnhancerFactory - Hibernate is in classpath; If applicable, HQL parser will be used.
2026-05-04 14:43:05.707 [main] INFO  o.s.b.a.e.web.EndpointLinksResolver - Exposing 2 endpoints beneath base path '/actuator'
2026-05-04 14:43:05.818 [main] INFO  o.s.s.c.a.a.c.InitializeUserDetailsBeanManagerConfigurer$InitializeUserDetailsManagerConfigurer - Global AuthenticationManager configured with UserDetailsService bean with name customUserDetailsService
2026-05-04 14:43:06.979 [main] INFO  o.s.m.s.b.SimpleBrokerMessageHandler - Starting...
2026-05-04 14:43:06.981 [main] INFO  o.s.m.s.b.SimpleBrokerMessageHandler - BrokerAvailabilityEvent[available=true, SimpleBrokerMessageHandler [org.springframework.messaging.simp.broker.DefaultSubscriptionRegistry@707c1e41]]
2026-05-04 14:43:06.984 [main] INFO  o.s.m.s.b.SimpleBrokerMessageHandler - Started.
2026-05-04 14:43:07.056 [main] INFO  o.s.b.w.e.tomcat.TomcatWebServer - Tomcat started on port 8080 (http) with context path '/'
2026-05-04 14:43:07.102 [main] INFO  org.example.chat.ChatApplication - Started ChatApplication in 22.009 seconds (process running for 22.663)
2026-05-04 14:43:14.317 [http-nio-8080-exec-1] INFO  o.a.c.c.C.[Tomcat].[localhost].[/] - Initializing Spring DispatcherServlet 'dispatcherServlet'
2026-05-04 14:43:14.319 [http-nio-8080-exec-1] INFO  o.s.web.servlet.DispatcherServlet - Initializing Servlet 'dispatcherServlet'
2026-05-04 14:43:14.324 [http-nio-8080-exec-1] INFO  o.s.web.servlet.DispatcherServlet - Completed initialization in 5 ms
2026-05-04 14:43:14.931 [http-nio-8080-exec-2] INFO  o.e.chat.controller.AuthController - Login request received for username: nyxx1928
2026-05-04 14:43:14.932 [http-nio-8080-exec-2] INFO  o.e.c.service.AuthenticationService - Attempting to authenticate user: nyxx1928
2026-05-04 14:43:15.217 [http-nio-8080-exec-2] DEBUG org.hibernate.SQL - 
    /* <criteria> */ select
        u1_0.id,
        u1_0.created_at,
        u1_0.display_name,
        u1_0.email,
        u1_0.last_seen,
        u1_0.online,
        u1_0.password_hash,
        u1_0.username 
    from
        users u1_0 
    where
        u1_0.username=?
2026-05-04 14:43:15.317 [http-nio-8080-exec-2] WARN  o.e.c.service.AuthenticationService - Authentication failed: user not found: nyxx1928
2026-05-04 14:43:15.317 [http-nio-8080-exec-2] WARN  o.e.chat.controller.AuthController - Login failed for username nyxx1928: Invalid username or password
2026-05-04 14:43:15.325 [http-nio-8080-exec-2] WARN  o.e.c.e.GlobalExceptionHandler - Illegal argument exception: Invalid username or password
2026-05-04 14:43:53.948 [http-nio-8080-exec-7] WARN  o.e.c.e.GlobalExceptionHandler - Validation error occurred: Validation failed for argument [0] in public org.springframework.http.ResponseEntity<org.example.chat.dto.UserResponse> org.example.chat.controller.AuthController.register(org.example.chat.dto.RegisterRequest): [Field error in object 'registerRequest' on field 'password': rejected value [hatdog]; codes [Size.registerRequest.password,Size.password,Size.java.lang.String,Size]; arguments [org.springframework.context.support.DefaultMessageSourceResolvable: codes [registerRequest.password,password]; arguments []; default message [password],2147483647,8]; default message [Password must be at least 8 characters long]] 
2026-05-04 14:44:07.139 [MessageBroker-1] INFO  o.s.w.s.c.WebSocketMessageBrokerStats - WebSocketSession[0 current WS(0)-HttpStream(0)-HttpPoll(0), 0 total, 0 closed abnormally (0 connect failure, 0 send limit, 0 transport error)], stompSubProtocol[processed CONNECT(0)-CONNECTED(0)-DISCONNECT(0)], stompBrokerRelay[null], inboundChannel[pool size = 0, active threads = 0, queued tasks = 0, completed tasks = 0], outboundChannel[pool size = 0, active threads = 0, queued tasks = 0, completed tasks = 0], sockJsScheduler[pool size = 1, active threads = 1, queued tasks = 0, completed tasks = 0]
2026-05-04 14:59:34.447 [http-nio-8080-exec-8] WARN  o.e.c.e.GlobalExceptionHandler - Validation error occurred: Validation failed for argument [0] in public org.springframework.http.ResponseEntity<org.example.chat.dto.UserResponse> org.example.chat.controller.AuthController.register(org.example.chat.dto.RegisterRequest): [Field error in object 'registerRequest' on field 'password': rejected value [hatdog]; codes [Size.registerRequest.password,Size.password,Size.java.lang.String,Size]; arguments [org.springframework.context.support.DefaultMessageSourceResolvable: codes [registerRequest.password,password]; arguments []; default message [password],2147483647,8]; default message [Password must be at least 8 characters long]] 
2026-05-04 15:04:53.539 [main] INFO  org.example.chat.ChatApplication - Starting ChatApplication using Java 17.0.17 with PID 27064 (C:\Users\echob\IdeaProjects\java-proj-maven\target\classes started by echob in C:\Users\echob\IdeaProjects\java-proj-maven)
2026-05-04 15:04:53.544 [main] DEBUG org.example.chat.ChatApplication - Running with Spring Boot v3.4.10, Spring v6.2.11
2026-05-04 15:04:53.546 [main] INFO  org.example.chat.ChatApplication - No active profile set, falling back to 1 default profile: "default"
2026-05-04 15:04:55.411 [main] INFO  o.s.d.r.c.RepositoryConfigurationDelegate - Bootstrapping Spring Data JPA repositories in DEFAULT mode.
2026-05-04 15:04:55.535 [main] INFO  o.s.d.r.c.RepositoryConfigurationDelegate - Finished Spring Data repository scanning in 108 ms. Found 6 JPA repository interfaces.
2026-05-04 15:04:56.814 [main] INFO  o.s.b.w.e.tomcat.TomcatWebServer - Tomcat initialized with port 8080 (http)
2026-05-04 15:04:56.844 [main] INFO  o.a.catalina.core.StandardService - Starting service [Tomcat]
2026-05-04 15:04:56.846 [main] INFO  o.a.catalina.core.StandardEngine - Starting Servlet engine: [Apache Tomcat/10.1.54]
2026-05-04 15:04:56.985 [main] INFO  o.a.c.c.C.[Tomcat].[localhost].[/] - Initializing Spring embedded WebApplicationContext
2026-05-04 15:04:56.986 [main] INFO  o.s.b.w.s.c.ServletWebServerApplicationContext - Root WebApplicationContext: initialization completed in 3310 ms
2026-05-04 15:04:57.489 [main] INFO  o.h.jpa.internal.util.LogHelper - HHH000204: Processing PersistenceUnitInfo [name: default]
2026-05-04 15:04:57.696 [main] INFO  org.hibernate.Version - HHH000412: Hibernate ORM core version 6.6.29.Final
2026-05-04 15:04:57.818 [main] INFO  o.h.c.i.RegionFactoryInitiator - HHH000026: Second-level cache disabled
2026-05-04 15:04:58.652 [main] INFO  o.s.o.j.p.SpringPersistenceUnitInfo - No LoadTimeWeaver setup: ignoring JPA class transformer
2026-05-04 15:04:58.739 [main] INFO  com.zaxxer.hikari.HikariDataSource - HikariPool-1 - Starting...
2026-05-04 15:04:59.439 [main] INFO  com.zaxxer.hikari.pool.HikariPool - HikariPool-1 - Added connection org.postgresql.jdbc.PgConnection@2c5708e7
2026-05-04 15:04:59.443 [main] INFO  com.zaxxer.hikari.HikariDataSource - HikariPool-1 - Start completed.
2026-05-04 15:04:59.587 [main] WARN  org.hibernate.orm.deprecation - HHH90000025: PostgreSQLDialect does not need to be specified explicitly using 'hibernate.dialect' (remove the property setting and it will be selected by default)
2026-05-04 15:04:59.635 [main] INFO  o.hibernate.orm.connections.pooling - HHH10001005: Database info:
	Database JDBC URL [Connecting through datasource 'HikariDataSource (HikariPool-1)']
	Database driver: undefined/unknown
	Database version: 18.3
	Autocommit mode: undefined/unknown
	Isolation level: undefined/unknown
	Minimum pool size: undefined/unknown
	Maximum pool size: undefined/unknown
2026-05-04 15:05:01.478 [main] INFO  o.h.e.t.j.p.i.JtaPlatformInitiator - HHH000489: No JTA platform available (set 'hibernate.transaction.jta.platform' to enable JTA platform integration)
2026-05-04 15:05:02.043 [main] INFO  o.s.o.j.LocalContainerEntityManagerFactoryBean - Initialized JPA EntityManagerFactory for persistence unit 'default'
2026-05-04 15:05:03.134 [main] DEBUG o.e.c.s.JwtAuthenticationFilter - Filter 'jwtAuthenticationFilter' configured for use
2026-05-04 15:05:03.511 [main] INFO  o.s.d.j.r.query.QueryEnhancerFactory - Hibernate is in classpath; If applicable, HQL parser will be used.
2026-05-04 15:05:06.607 [main] INFO  o.s.b.a.e.web.EndpointLinksResolver - Exposing 2 endpoints beneath base path '/actuator'
2026-05-04 15:05:06.687 [main] INFO  o.s.s.c.a.a.c.InitializeUserDetailsBeanManagerConfigurer$InitializeUserDetailsManagerConfigurer - Global AuthenticationManager configured with UserDetailsService bean with name customUserDetailsService
2026-05-04 15:05:08.415 [main] INFO  o.s.m.s.b.SimpleBrokerMessageHandler - Starting...
2026-05-04 15:05:08.416 [main] INFO  o.s.m.s.b.SimpleBrokerMessageHandler - BrokerAvailabilityEvent[available=true, SimpleBrokerMessageHandler [org.springframework.messaging.simp.broker.DefaultSubscriptionRegistry@1d57b043]]
2026-05-04 15:05:08.419 [main] INFO  o.s.m.s.b.SimpleBrokerMessageHandler - Started.
2026-05-04 15:05:08.602 [main] INFO  o.s.b.w.e.tomcat.TomcatWebServer - Tomcat started on port 8080 (http) with context path '/'
2026-05-04 15:05:08.625 [main] INFO  org.example.chat.ChatApplication - Started ChatApplication in 15.996 seconds (process running for 16.944)
2026-05-04 15:06:08.346 [MessageBroker-1] INFO  o.s.w.s.c.WebSocketMessageBrokerStats - WebSocketSession[0 current WS(0)-HttpStream(0)-HttpPoll(0), 0 total, 0 closed abnormally (0 connect failure, 0 send limit, 0 transport error)], stompSubProtocol[processed CONNECT(0)-CONNECTED(0)-DISCONNECT(0)], stompBrokerRelay[null], inboundChannel[pool size = 0, active threads = 0, queued tasks = 0, completed tasks = 0], outboundChannel[pool size = 0, active threads = 0, queued tasks = 0, completed tasks = 0], sockJsScheduler[pool size = 1, active threads = 1, queued tasks = 0, completed tasks = 0]
2026-05-04 15:10:14.711 [http-nio-8080-exec-1] INFO  o.a.c.c.C.[Tomcat].[localhost].[/] - Initializing Spring DispatcherServlet 'dispatcherServlet'
2026-05-04 15:10:14.738 [http-nio-8080-exec-1] INFO  o.s.web.servlet.DispatcherServlet - Initializing Servlet 'dispatcherServlet'
2026-05-04 15:10:15.186 [http-nio-8080-exec-1] INFO  o.s.web.servlet.DispatcherServlet - Completed initialization in 423 ms
2026-05-04 15:10:17.256 [http-nio-8080-exec-2] INFO  o.e.chat.controller.AuthController - Registration request received for username: nics1928
2026-05-04 15:10:17.377 [http-nio-8080-exec-2] INFO  o.e.c.service.AuthenticationService - Attempting to register user: nics1928
2026-05-04 15:10:17.818 [http-nio-8080-exec-2] DEBUG org.hibernate.SQL - 
    /* <criteria> */ select
        u1_0.id 
    from
        users u1_0 
    where
        u1_0.username=? 
    fetch
        first ? rows only
2026-05-04 15:10:17.960 [http-nio-8080-exec-2] DEBUG org.hibernate.SQL - 
    /* <criteria> */ select
        u1_0.id 
    from
        users u1_0 
    where
        u1_0.email=? 
    fetch
        first ? rows only
2026-05-04 15:10:18.444 [http-nio-8080-exec-2] DEBUG org.hibernate.SQL - 
    /* insert for
        org.example.chat.entity.User */insert 
    into
        users (created_at, display_name, email, last_seen, online, password_hash, username) 
    values
        (?, ?, ?, ?, ?, ?, ?)
2026-05-04 15:10:18.558 [http-nio-8080-exec-2] INFO  o.e.c.service.AuthenticationService - Successfully registered user: nics1928
2026-05-04 15:10:18.744 [http-nio-8080-exec-2] INFO  o.e.chat.controller.AuthController - User registered successfully: nics1928
2026-05-04 15:10:32.117 [http-nio-8080-exec-4] INFO  o.e.chat.controller.AuthController - Login request received for username: nics1928
2026-05-04 15:10:32.119 [http-nio-8080-exec-4] INFO  o.e.c.service.AuthenticationService - Attempting to authenticate user: nics1928
2026-05-04 15:10:32.323 [http-nio-8080-exec-4] DEBUG org.hibernate.SQL - 
    /* <criteria> */ select
        u1_0.id,
        u1_0.created_at,
        u1_0.display_name,
        u1_0.email,
        u1_0.last_seen,
        u1_0.online,
        u1_0.password_hash,
        u1_0.username 
    from
        users u1_0 
    where
        u1_0.username=?
2026-05-04 15:10:33.047 [http-nio-8080-exec-4] DEBUG org.example.chat.security.JwtUtil - Generated JWT token for user: nics1928
2026-05-04 15:10:33.047 [http-nio-8080-exec-4] INFO  o.e.c.service.AuthenticationService - Successfully authenticated user: nics1928
2026-05-04 15:10:33.049 [http-nio-8080-exec-4] DEBUG o.e.c.service.AuthenticationService - Retrieving user by username: nics1928
2026-05-04 15:10:33.054 [http-nio-8080-exec-4] DEBUG org.hibernate.SQL - 
    /* <criteria> */ select
        u1_0.id,
        u1_0.created_at,
        u1_0.display_name,
        u1_0.email,
        u1_0.last_seen,
        u1_0.online,
        u1_0.password_hash,
        u1_0.username 
    from
        users u1_0 
    where
        u1_0.username=?
2026-05-04 15:10:33.067 [http-nio-8080-exec-4] INFO  o.e.chat.controller.AuthController - User logged in successfully: nics1928
2026-05-04 15:10:34.917 [http-nio-8080-exec-8] DEBUG org.example.chat.security.JwtUtil - JWT token validated successfully
2026-05-04 15:10:34.920 [http-nio-8080-exec-8] DEBUG org.example.chat.security.JwtUtil - Extracted username from JWT token: nics1928
2026-05-04 15:10:34.927 [http-nio-8080-exec-8] DEBUG org.hibernate.SQL - 
    /* <criteria> */ select
        u1_0.id,
        u1_0.created_at,
        u1_0.display_name,
        u1_0.email,
        u1_0.last_seen,
        u1_0.online,
        u1_0.password_hash,
        u1_0.username 
    from
        users u1_0 
    where
        u1_0.username=?
2026-05-04 15:10:34.939 [http-nio-8080-exec-8] DEBUG o.e.c.s.JwtAuthenticationFilter - Set authentication for user: nics1928
2026-05-04 15:10:34.951 [http-nio-8080-exec-8] DEBUG o.e.c.controller.ChatRoomController - Retrieving all chat rooms
2026-05-04 15:10:34.954 [http-nio-8080-exec-8] DEBUG o.e.chat.service.ChatRoomService - Retrieving all chat rooms
2026-05-04 15:10:34.995 [http-nio-8080-exec-6] DEBUG o.e.c.s.WebSocketAuthenticationInterceptor - Processing STOMP CONNECT frame
2026-05-04 15:10:34.999 [http-nio-8080-exec-6] DEBUG org.example.chat.security.JwtUtil - JWT token validated successfully
2026-05-04 15:10:35.003 [http-nio-8080-exec-6] DEBUG org.example.chat.security.JwtUtil - Extracted username from JWT token: nics1928
2026-05-04 15:10:35.003 [http-nio-8080-exec-6] DEBUG o.e.c.s.WebSocketAuthenticationInterceptor - Extracted username from JWT: nics1928
2026-05-04 15:10:35.004 [http-nio-8080-exec-8] DEBUG org.hibernate.SQL - 
    /* <criteria> */ select
        cr1_0.id,
        cr1_0.created_at,
        cr1_0.created_by_id,
        cr1_0.description,
        cr1_0.name 
    from
        chat_rooms cr1_0
2026-05-04 15:10:35.006 [http-nio-8080-exec-6] DEBUG org.hibernate.SQL - 
    /* <criteria> */ select
        u1_0.id,
        u1_0.created_at,
        u1_0.display_name,
        u1_0.email,
        u1_0.last_seen,
        u1_0.online,
        u1_0.password_hash,
        u1_0.username 
    from
        users u1_0 
    where
        u1_0.username=?
2026-05-04 15:10:35.051 [http-nio-8080-exec-8] DEBUG org.hibernate.SQL - 
    select
        u1_0.id,
        u1_0.created_at,
        u1_0.display_name,
        u1_0.email,
        u1_0.last_seen,
        u1_0.online,
        u1_0.password_hash,
        u1_0.username 
    from
        users u1_0 
    where
        u1_0.id=?
2026-05-04 15:10:35.072 [http-nio-8080-exec-8] DEBUG o.e.c.controller.ChatRoomController - Retrieved 1 chat rooms
2026-05-04 15:10:35.092 [http-nio-8080-exec-6] INFO  o.e.c.s.WebSocketAuthenticationInterceptor - WebSocket connection authenticated for user: nics1928
2026-05-04 15:10:35.105 [http-nio-8080-exec-9] DEBUG org.example.chat.security.JwtUtil - JWT token validated successfully
2026-05-04 15:10:35.108 [http-nio-8080-exec-6] INFO  o.e.c.l.WebSocketEventListener - User connected: nics1928
2026-05-04 15:10:35.108 [http-nio-8080-exec-9] DEBUG org.example.chat.security.JwtUtil - Extracted username from JWT token: nics1928
2026-05-04 15:10:35.113 [http-nio-8080-exec-9] DEBUG org.hibernate.SQL - 
    /* <criteria> */ select
        u1_0.id,
        u1_0.created_at,
        u1_0.display_name,
        u1_0.email,
        u1_0.last_seen,
        u1_0.online,
        u1_0.password_hash,
        u1_0.username 
    from
        users u1_0 
    where
        u1_0.username=?
2026-05-04 15:10:35.113 [http-nio-8080-exec-6] DEBUG org.hibernate.SQL - 
    /* <criteria> */ select
        u1_0.id,
        u1_0.created_at,
        u1_0.display_name,
        u1_0.email,
        u1_0.last_seen,
        u1_0.online,
        u1_0.password_hash,
        u1_0.username 
    from
        users u1_0 
    where
        u1_0.username=?
2026-05-04 15:10:35.116 [http-nio-8080-exec-9] DEBUG o.e.c.s.JwtAuthenticationFilter - Set authentication for user: nics1928
2026-05-04 15:10:35.119 [http-nio-8080-exec-6] INFO  o.e.chat.service.UserPresenceService - Marking user ID: 3 as online
2026-05-04 15:10:35.120 [http-nio-8080-exec-9] DEBUG o.e.c.controller.ChatRoomController - Retrieving all chat rooms
2026-05-04 15:10:35.122 [http-nio-8080-exec-9] DEBUG o.e.chat.service.ChatRoomService - Retrieving all chat rooms
2026-05-04 15:10:35.125 [http-nio-8080-exec-9] DEBUG org.hibernate.SQL - 
    /* <criteria> */ select
        cr1_0.id,
        cr1_0.created_at,
        cr1_0.created_by_id,
        cr1_0.description,
        cr1_0.name 
    from
        chat_rooms cr1_0
2026-05-04 15:10:35.128 [http-nio-8080-exec-9] DEBUG org.hibernate.SQL - 
    select
        u1_0.id,
        u1_0.created_at,
        u1_0.display_name,
        u1_0.email,
        u1_0.last_seen,
        u1_0.online,
        u1_0.password_hash,
        u1_0.username 
    from
        users u1_0 
    where
        u1_0.id=?
2026-05-04 15:10:35.130 [http-nio-8080-exec-6] DEBUG org.hibernate.SQL - 
    select
        u1_0.id,
        u1_0.created_at,
        u1_0.display_name,
        u1_0.email,
        u1_0.last_seen,
        u1_0.online,
        u1_0.password_hash,
        u1_0.username 
    from
        users u1_0 
    where
        u1_0.id=?
2026-05-04 15:10:35.133 [http-nio-8080-exec-9] DEBUG o.e.c.controller.ChatRoomController - Retrieved 1 chat rooms
2026-05-04 15:10:35.144 [http-nio-8080-exec-6] INFO  o.e.chat.service.UserPresenceService - User ID: 3 marked as online at 2026-05-04T15:10:35.136686600
2026-05-04 15:10:35.144 [http-nio-8080-exec-6] DEBUG o.e.chat.service.UserPresenceService - Publishing presence update for user ID: 3
2026-05-04 15:10:35.180 [http-nio-8080-exec-6] DEBUG org.hibernate.SQL - 
    /* <criteria> */ select
        rm1_0.id,
        rm1_0.chat_room_id,
        rm1_0.joined_at,
        rm1_0.role,
        rm1_0.user_id 
    from
        room_memberships rm1_0 
    where
        rm1_0.user_id=?
2026-05-04 15:10:35.212 [http-nio-8080-exec-6] INFO  o.e.chat.service.UserPresenceService - Presence updates published for user ID: 3 to 0 rooms
2026-05-04 15:10:35.233 [http-nio-8080-exec-6] DEBUG org.hibernate.SQL - 
    /* update
        for org.example.chat.entity.User */update users 
    set
        created_at=?,
        display_name=?,
        email=?,
        last_seen=?,
        online=?,
        password_hash=?,
        username=? 
    where
        id=?
2026-05-04 15:10:35.351 [http-nio-8080-exec-2] DEBUG org.example.chat.security.JwtUtil - JWT token validated successfully
2026-05-04 15:10:35.354 [http-nio-8080-exec-3] DEBUG org.example.chat.security.JwtUtil - JWT token validated successfully
2026-05-04 15:10:35.354 [http-nio-8080-exec-2] DEBUG org.example.chat.security.JwtUtil - Extracted username from JWT token: nics1928
2026-05-04 15:10:35.355 [http-nio-8080-exec-3] DEBUG org.example.chat.security.JwtUtil - Extracted username from JWT token: nics1928
2026-05-04 15:10:35.358 [http-nio-8080-exec-2] DEBUG org.hibernate.SQL - 
    /* <criteria> */ select
        u1_0.id,
        u1_0.created_at,
        u1_0.display_name,
        u1_0.email,
        u1_0.last_seen,
        u1_0.online,
        u1_0.password_hash,
        u1_0.username 
    from
        users u1_0 
    where
        u1_0.username=?
2026-05-04 15:10:35.358 [http-nio-8080-exec-3] DEBUG org.hibernate.SQL - 
    /* <criteria> */ select
        u1_0.id,
        u1_0.created_at,
        u1_0.display_name,
        u1_0.email,
        u1_0.last_seen,
        u1_0.online,
        u1_0.password_hash,
        u1_0.username 
    from
        users u1_0 
    where
        u1_0.username=?
2026-05-04 15:10:35.363 [http-nio-8080-exec-3] DEBUG o.e.c.s.JwtAuthenticationFilter - Set authentication for user: nics1928
2026-05-04 15:10:35.366 [http-nio-8080-exec-2] DEBUG o.e.c.s.JwtAuthenticationFilter - Set authentication for user: nics1928
2026-05-04 15:10:35.381 [http-nio-8080-exec-3] DEBUG o.e.chat.controller.FriendController - Listing friends for nics1928
2026-05-04 15:10:35.381 [http-nio-8080-exec-2] DEBUG o.e.chat.controller.FriendController - Listing friend requests for nics1928
2026-05-04 15:10:35.388 [http-nio-8080-exec-2] DEBUG org.hibernate.SQL - 
    /* <criteria> */ select
        u1_0.id,
        u1_0.created_at,
        u1_0.display_name,
        u1_0.email,
        u1_0.last_seen,
        u1_0.online,
        u1_0.password_hash,
        u1_0.username 
    from
        users u1_0 
    where
        u1_0.username=?
2026-05-04 15:10:35.388 [http-nio-8080-exec-3] DEBUG org.hibernate.SQL - 
    /* <criteria> */ select
        u1_0.id,
        u1_0.created_at,
        u1_0.display_name,
        u1_0.email,
        u1_0.last_seen,
        u1_0.online,
        u1_0.password_hash,
        u1_0.username 
    from
        users u1_0 
    where
        u1_0.username=?
2026-05-04 15:10:35.412 [http-nio-8080-exec-3] DEBUG org.hibernate.SQL - 
    /* <criteria> */ select
        f1_0.id,
        f1_0.created_at,
        f1_0.user_a_id,
        f1_0.user_b_id 
    from
        friendships f1_0 
    where
        f1_0.user_a_id=? 
        or f1_0.user_b_id=?
2026-05-04 15:10:35.412 [http-nio-8080-exec-2] DEBUG org.hibernate.SQL - 
    /* <criteria> */ select
        fr1_0.id,
        fr1_0.created_at,
        fr1_0.recipient_id,
        fr1_0.requester_id,
        fr1_0.responded_at,
        fr1_0.status 
    from
        friend_requests fr1_0 
    where
        fr1_0.recipient_id=? 
        and fr1_0.status=?
2026-05-04 15:10:35.434 [http-nio-8080-exec-2] DEBUG org.hibernate.SQL - 
    /* <criteria> */ select
        fr1_0.id,
        fr1_0.created_at,
        fr1_0.recipient_id,
        fr1_0.requester_id,
        fr1_0.responded_at,
        fr1_0.status 
    from
        friend_requests fr1_0 
    where
        fr1_0.requester_id=? 
        and fr1_0.status=?
2026-05-04 15:10:35.476 [http-nio-8080-exec-4] DEBUG org.example.chat.security.JwtUtil - JWT token validated successfully
2026-05-04 15:10:35.476 [http-nio-8080-exec-5] DEBUG org.example.chat.security.JwtUtil - JWT token validated successfully
2026-05-04 15:10:35.479 [http-nio-8080-exec-4] DEBUG org.example.chat.security.JwtUtil - Extracted username from JWT token: nics1928
2026-05-04 15:10:35.479 [http-nio-8080-exec-5] DEBUG org.example.chat.security.JwtUtil - Extracted username from JWT token: nics1928
2026-05-04 15:10:35.483 [http-nio-8080-exec-4] DEBUG org.hibernate.SQL - 
    /* <criteria> */ select
        u1_0.id,
        u1_0.created_at,
        u1_0.display_name,
        u1_0.email,
        u1_0.last_seen,
        u1_0.online,
        u1_0.password_hash,
        u1_0.username 
    from
        users u1_0 
    where
        u1_0.username=?
2026-05-04 15:10:35.483 [http-nio-8080-exec-5] DEBUG org.hibernate.SQL - 
    /* <criteria> */ select
        u1_0.id,
        u1_0.created_at,
        u1_0.display_name,
        u1_0.email,
        u1_0.last_seen,
        u1_0.online,
        u1_0.password_hash,
        u1_0.username 
    from
        users u1_0 
    where
        u1_0.username=?
2026-05-04 15:10:35.486 [http-nio-8080-exec-4] DEBUG o.e.c.s.JwtAuthenticationFilter - Set authentication for user: nics1928
2026-05-04 15:10:35.489 [http-nio-8080-exec-5] DEBUG o.e.c.s.JwtAuthenticationFilter - Set authentication for user: nics1928
2026-05-04 15:10:35.490 [http-nio-8080-exec-4] DEBUG o.e.chat.controller.FriendController - Listing friends for nics1928
2026-05-04 15:10:35.492 [http-nio-8080-exec-5] DEBUG o.e.chat.controller.FriendController - Listing friend requests for nics1928
2026-05-04 15:10:35.494 [http-nio-8080-exec-4] DEBUG org.hibernate.SQL - 
    /* <criteria> */ select
        u1_0.id,
        u1_0.created_at,
        u1_0.display_name,
        u1_0.email,
        u1_0.last_seen,
        u1_0.online,
        u1_0.password_hash,
        u1_0.username 
    from
        users u1_0 
    where
        u1_0.username=?
2026-05-04 15:10:35.496 [http-nio-8080-exec-5] DEBUG org.hibernate.SQL - 
    /* <criteria> */ select
        u1_0.id,
        u1_0.created_at,
        u1_0.display_name,
        u1_0.email,
        u1_0.last_seen,
        u1_0.online,
        u1_0.password_hash,
        u1_0.username 
    from
        users u1_0 
    where
        u1_0.username=?
2026-05-04 15:10:35.505 [http-nio-8080-exec-4] DEBUG org.hibernate.SQL - 
    /* <criteria> */ select
        f1_0.id,
        f1_0.created_at,
        f1_0.user_a_id,
        f1_0.user_b_id 
    from
        friendships f1_0 
    where
        f1_0.user_a_id=? 
        or f1_0.user_b_id=?
2026-05-04 15:10:35.506 [http-nio-8080-exec-5] DEBUG org.hibernate.SQL - 
    /* <criteria> */ select
        fr1_0.id,
        fr1_0.created_at,
        fr1_0.recipient_id,
        fr1_0.requester_id,
        fr1_0.responded_at,
        fr1_0.status 
    from
        friend_requests fr1_0 
    where
        fr1_0.recipient_id=? 
        and fr1_0.status=?
2026-05-04 15:10:35.515 [http-nio-8080-exec-5] DEBUG org.hibernate.SQL - 
    /* <criteria> */ select
        fr1_0.id,
        fr1_0.created_at,
        fr1_0.recipient_id,
        fr1_0.requester_id,
        fr1_0.responded_at,
        fr1_0.status 
    from
        friend_requests fr1_0 
    where
        fr1_0.requester_id=? 
        and fr1_0.status=?
2026-05-04 15:11:53.166 [http-nio-8080-exec-3] DEBUG org.example.chat.security.JwtUtil - JWT token validated successfully
2026-05-04 15:11:53.166 [http-nio-8080-exec-10] DEBUG org.example.chat.security.JwtUtil - JWT token validated successfully
2026-05-04 15:11:53.205 [http-nio-8080-exec-3] DEBUG org.example.chat.security.JwtUtil - Extracted username from JWT token: nics1928
2026-05-04 15:11:53.215 [http-nio-8080-exec-10] DEBUG org.example.chat.security.JwtUtil - Extracted username from JWT token: nics1928
2026-05-04 15:11:53.709 [http-nio-8080-exec-3] DEBUG org.hibernate.SQL - 
    /* <criteria> */ select
        u1_0.id,
        u1_0.created_at,
        u1_0.display_name,
        u1_0.email,
        u1_0.last_seen,
        u1_0.online,
        u1_0.password_hash,
        u1_0.username 
    from
        users u1_0 
    where
        u1_0.username=?
2026-05-04 15:11:53.717 [http-nio-8080-exec-10] DEBUG org.hibernate.SQL - 
    /* <criteria> */ select
        u1_0.id,
        u1_0.created_at,
        u1_0.display_name,
        u1_0.email,
        u1_0.last_seen,
        u1_0.online,
        u1_0.password_hash,
        u1_0.username 
    from
        users u1_0 
    where
        u1_0.username=?
2026-05-04 15:11:53.989 [http-nio-8080-exec-10] DEBUG o.e.c.s.JwtAuthenticationFilter - Set authentication for user: nics1928
2026-05-04 15:11:53.989 [http-nio-8080-exec-3] DEBUG o.e.c.s.JwtAuthenticationFilter - Set authentication for user: nics1928
2026-05-04 15:11:54.829 [http-nio-8080-exec-3] DEBUG o.e.c.c.UserSearchController - User search by nics1928 with query: nyx
2026-05-04 15:11:54.829 [http-nio-8080-exec-10] DEBUG o.e.c.c.UserSearchController - User search by nics1928 with query: nyxx1928
2026-05-04 15:11:54.836 [http-nio-8080-exec-10] DEBUG org.hibernate.SQL - 
    /* <criteria> */ select
        u1_0.id,
        u1_0.created_at,
        u1_0.display_name,
        u1_0.email,
        u1_0.last_seen,
        u1_0.online,
        u1_0.password_hash,
        u1_0.username 
    from
        users u1_0 
    where
        u1_0.username=?
2026-05-04 15:11:54.842 [http-nio-8080-exec-3] DEBUG org.hibernate.SQL - 
    /* <criteria> */ select
        u1_0.id,
        u1_0.created_at,
        u1_0.display_name,
        u1_0.email,
        u1_0.last_seen,
        u1_0.online,
        u1_0.password_hash,
        u1_0.username 
    from
        users u1_0 
    where
        u1_0.username=?
2026-05-04 15:11:55.139 [http-nio-8080-exec-10] DEBUG org.hibernate.SQL - 
    /* <criteria> */ select
        u1_0.id,
        u1_0.created_at,
        u1_0.display_name,
        u1_0.email,
        u1_0.last_seen,
        u1_0.online,
        u1_0.password_hash,
        u1_0.username 
    from
        users u1_0 
    where
        upper(u1_0.username) like upper(?) escape '\' 
        or upper(u1_0.display_name) like upper(?) escape '\'
2026-05-04 15:11:55.139 [http-nio-8080-exec-3] DEBUG org.hibernate.SQL - 
    /* <criteria> */ select
        u1_0.id,
        u1_0.created_at,
        u1_0.display_name,
        u1_0.email,
        u1_0.last_seen,
        u1_0.online,
        u1_0.password_hash,
        u1_0.username 
    from
        users u1_0 
    where
        upper(u1_0.username) like upper(?) escape '\' 
        or upper(u1_0.display_name) like upper(?) escape '\'
2026-05-04 15:11:55.338 [http-nio-8080-exec-10] DEBUG org.hibernate.SQL - 
    /* <criteria> */ select
        f1_0.id,
        f1_0.created_at,
        f1_0.user_a_id,
        f1_0.user_b_id 
    from
        friendships f1_0 
    where
        f1_0.user_a_id=? 
        or f1_0.user_b_id=?
2026-05-04 15:11:55.338 [http-nio-8080-exec-3] DEBUG org.hibernate.SQL - 
    /* <criteria> */ select
        f1_0.id,
        f1_0.created_at,
        f1_0.user_a_id,
        f1_0.user_b_id 
    from
        friendships f1_0 
    where
        f1_0.user_a_id=? 
        or f1_0.user_b_id=?
2026-05-04 15:11:55.376 [http-nio-8080-exec-3] DEBUG org.hibernate.SQL - 
    /* <criteria> */ select
        fr1_0.id,
        fr1_0.created_at,
        fr1_0.recipient_id,
        fr1_0.requester_id,
        fr1_0.responded_at,
        fr1_0.status 
    from
        friend_requests fr1_0 
    where
        fr1_0.recipient_id=? 
        and fr1_0.status=?
2026-05-04 15:11:55.376 [http-nio-8080-exec-10] DEBUG org.hibernate.SQL - 
    /* <criteria> */ select
        fr1_0.id,
        fr1_0.created_at,
        fr1_0.recipient_id,
        fr1_0.requester_id,
        fr1_0.responded_at,
        fr1_0.status 
    from
        friend_requests fr1_0 
    where
        fr1_0.recipient_id=? 
        and fr1_0.status=?
2026-05-04 15:11:55.388 [http-nio-8080-exec-10] DEBUG org.hibernate.SQL - 
    /* <criteria> */ select
        fr1_0.id,
        fr1_0.created_at,
        fr1_0.recipient_id,
        fr1_0.requester_id,
        fr1_0.responded_at,
        fr1_0.status 
    from
        friend_requests fr1_0 
    where
        fr1_0.requester_id=? 
        and fr1_0.status=?
2026-05-04 15:11:55.390 [http-nio-8080-exec-3] DEBUG org.hibernate.SQL - 
    /* <criteria> */ select
        fr1_0.id,
        fr1_0.created_at,
        fr1_0.recipient_id,
        fr1_0.requester_id,
        fr1_0.responded_at,
        fr1_0.status 
    from
        friend_requests fr1_0 
    where
        fr1_0.requester_id=? 
        and fr1_0.status=?
2026-05-04 15:11:59.751 [http-nio-8080-exec-4] DEBUG org.example.chat.security.JwtUtil - JWT token validated successfully
2026-05-04 15:11:59.752 [http-nio-8080-exec-4] DEBUG org.example.chat.security.JwtUtil - Extracted username from JWT token: nics1928
2026-05-04 15:11:59.755 [http-nio-8080-exec-4] DEBUG org.hibernate.SQL - 
    /* <criteria> */ select
        u1_0.id,
        u1_0.created_at,
        u1_0.display_name,
        u1_0.email,
        u1_0.last_seen,
        u1_0.online,
        u1_0.password_hash,
        u1_0.username 
    from
        users u1_0 
    where
        u1_0.username=?
2026-05-04 15:11:59.759 [http-nio-8080-exec-4] DEBUG o.e.c.s.JwtAuthenticationFilter - Set authentication for user: nics1928
2026-05-04 15:12:00.192 [http-nio-8080-exec-4] INFO  o.e.chat.controller.FriendController - Friend request send attempt by nics1928
2026-05-04 15:12:00.220 [http-nio-8080-exec-4] DEBUG org.hibernate.SQL - 
    /* <criteria> */ select
        u1_0.id,
        u1_0.created_at,
        u1_0.display_name,
        u1_0.email,
        u1_0.last_seen,
        u1_0.online,
        u1_0.password_hash,
        u1_0.username 
    from
        users u1_0 
    where
        u1_0.username=?
2026-05-04 15:12:00.265 [http-nio-8080-exec-4] DEBUG org.hibernate.SQL - 
    select
        u1_0.id,
        u1_0.created_at,
        u1_0.display_name,
        u1_0.email,
        u1_0.last_seen,
        u1_0.online,
        u1_0.password_hash,
        u1_0.username 
    from
        users u1_0 
    where
        u1_0.id=?
2026-05-04 15:12:00.389 [http-nio-8080-exec-4] DEBUG org.hibernate.SQL - 
    /* SELECT
        f 
    FROM
        Friendship f 
    WHERE
        (
            f.userA = :user1 
            AND f.userB = :user2
        ) 
        OR (
            f.userA = :user2 
            AND f.userB = :user1
        ) */ select
            f1_0.id,
            f1_0.created_at,
            f1_0.user_a_id,
            f1_0.user_b_id 
        from
            friendships f1_0 
        where
            (
                f1_0.user_a_id=? 
                and f1_0.user_b_id=?
            ) 
            or (
                f1_0.user_a_id=? 
                and f1_0.user_b_id=?
            )
2026-05-04 15:12:00.404 [http-nio-8080-exec-4] DEBUG org.hibernate.SQL - 
    /* <criteria> */ select
        fr1_0.id,
        fr1_0.created_at,
        fr1_0.recipient_id,
        fr1_0.requester_id,
        fr1_0.responded_at,
        fr1_0.status 
    from
        friend_requests fr1_0 
    where
        fr1_0.requester_id=? 
        and fr1_0.recipient_id=?
2026-05-04 15:12:00.408 [http-nio-8080-exec-4] DEBUG org.hibernate.SQL - 
    /* <criteria> */ select
        fr1_0.id,
        fr1_0.created_at,
        fr1_0.recipient_id,
        fr1_0.requester_id,
        fr1_0.responded_at,
        fr1_0.status 
    from
        friend_requests fr1_0 
    where
        fr1_0.requester_id=? 
        and fr1_0.recipient_id=?
2026-05-04 15:12:00.468 [http-nio-8080-exec-4] DEBUG org.hibernate.SQL - 
    /* insert for
        org.example.chat.entity.FriendRequest */insert 
    into
        friend_requests (created_at, recipient_id, requester_id, responded_at, status) 
    values
        (?, ?, ?, ?, ?)
2026-05-04 15:12:00.603 [http-nio-8080-exec-4] INFO  o.example.chat.service.FriendService - Friend request sent from nics1928 to nyxx
2026-05-04 15:12:01.080 [http-nio-8080-exec-5] DEBUG org.example.chat.security.JwtUtil - JWT token validated successfully
2026-05-04 15:12:01.082 [http-nio-8080-exec-5] DEBUG org.example.chat.security.JwtUtil - Extracted username from JWT token: nics1928
2026-05-04 15:12:01.085 [http-nio-8080-exec-5] DEBUG org.hibernate.SQL - 
    /* <criteria> */ select
        u1_0.id,
        u1_0.created_at,
        u1_0.display_name,
        u1_0.email,
        u1_0.last_seen,
        u1_0.online,
        u1_0.password_hash,
        u1_0.username 
    from
        users u1_0 
    where
        u1_0.username=?
2026-05-04 15:12:01.090 [http-nio-8080-exec-5] DEBUG o.e.c.s.JwtAuthenticationFilter - Set authentication for user: nics1928
2026-05-04 15:12:01.093 [http-nio-8080-exec-5] DEBUG o.e.chat.controller.FriendController - Listing friend requests for nics1928
2026-05-04 15:12:01.095 [http-nio-8080-exec-5] DEBUG org.hibernate.SQL - 
    /* <criteria> */ select
        u1_0.id,
        u1_0.created_at,
        u1_0.display_name,
        u1_0.email,
        u1_0.last_seen,
        u1_0.online,
        u1_0.password_hash,
        u1_0.username 
    from
        users u1_0 
    where
        u1_0.username=?
2026-05-04 15:12:01.100 [http-nio-8080-exec-5] DEBUG org.hibernate.SQL - 
    /* <criteria> */ select
        fr1_0.id,
        fr1_0.created_at,
        fr1_0.recipient_id,
        fr1_0.requester_id,
        fr1_0.responded_at,
        fr1_0.status 
    from
        friend_requests fr1_0 
    where
        fr1_0.recipient_id=? 
        and fr1_0.status=?
2026-05-04 15:12:01.108 [http-nio-8080-exec-5] DEBUG org.hibernate.SQL - 
    /* <criteria> */ select
        fr1_0.id,
        fr1_0.created_at,
        fr1_0.recipient_id,
        fr1_0.requester_id,
        fr1_0.responded_at,
        fr1_0.status 
    from
        friend_requests fr1_0 
    where
        fr1_0.requester_id=? 
        and fr1_0.status=?
2026-05-04 15:12:01.110 [http-nio-8080-exec-5] DEBUG org.hibernate.SQL - 
    select
        u1_0.id,
        u1_0.created_at,
        u1_0.display_name,
        u1_0.email,
        u1_0.last_seen,
        u1_0.online,
        u1_0.password_hash,
        u1_0.username 
    from
        users u1_0 
    where
        u1_0.id=?
2026-05-04 15:12:01.113 [http-nio-8080-exec-5] DEBUG org.hibernate.SQL - 
    select
        u1_0.id,
        u1_0.created_at,
        u1_0.display_name,
        u1_0.email,
        u1_0.last_seen,
        u1_0.online,
        u1_0.password_hash,
        u1_0.username 
    from
        users u1_0 
    where
        u1_0.id=?
2026-05-04 15:12:01.122 [http-nio-8080-exec-8] DEBUG org.example.chat.security.JwtUtil - JWT token validated successfully
2026-05-04 15:12:01.123 [http-nio-8080-exec-8] DEBUG org.example.chat.security.JwtUtil - Extracted username from JWT token: nics1928
2026-05-04 15:12:01.125 [http-nio-8080-exec-8] DEBUG org.hibernate.SQL - 
    /* <criteria> */ select
        u1_0.id,
        u1_0.created_at,
        u1_0.display_name,
        u1_0.email,
        u1_0.last_seen,
        u1_0.online,
        u1_0.password_hash,
        u1_0.username 
    from
        users u1_0 
    where
        u1_0.username=?
2026-05-04 15:12:01.128 [http-nio-8080-exec-8] DEBUG o.e.c.s.JwtAuthenticationFilter - Set authentication for user: nics1928
2026-05-04 15:12:01.130 [http-nio-8080-exec-8] DEBUG o.e.chat.controller.FriendController - Listing friends for nics1928
2026-05-04 15:12:01.134 [http-nio-8080-exec-8] DEBUG org.hibernate.SQL - 
    /* <criteria> */ select
        u1_0.id,
        u1_0.created_at,
        u1_0.display_name,
        u1_0.email,
        u1_0.last_seen,
        u1_0.online,
        u1_0.password_hash,
        u1_0.username 
    from
        users u1_0 
    where
        u1_0.username=?
2026-05-04 15:12:01.140 [http-nio-8080-exec-8] DEBUG org.hibernate.SQL - 
    /* <criteria> */ select
        f1_0.id,
        f1_0.created_at,
        f1_0.user_a_id,
        f1_0.user_b_id 
    from
        friendships f1_0 
    where
        f1_0.user_a_id=? 
        or f1_0.user_b_id=?
2026-05-04 15:12:27.358 [http-nio-8080-exec-6] INFO  o.e.chat.controller.AuthController - Login request received for username: nyxx192
2026-05-04 15:12:27.368 [http-nio-8080-exec-6] INFO  o.e.c.service.AuthenticationService - Attempting to authenticate user: nyxx192
2026-05-04 15:12:27.433 [http-nio-8080-exec-6] DEBUG org.hibernate.SQL - 
    /* <criteria> */ select
        u1_0.id,
        u1_0.created_at,
        u1_0.display_name,
        u1_0.email,
        u1_0.last_seen,
        u1_0.online,
        u1_0.password_hash,
        u1_0.username 
    from
        users u1_0 
    where
        u1_0.username=?
2026-05-04 15:12:27.496 [http-nio-8080-exec-6] WARN  o.e.c.service.AuthenticationService - Authentication failed: user not found: nyxx192
2026-05-04 15:12:27.499 [http-nio-8080-exec-6] WARN  o.e.chat.controller.AuthController - Login failed for username nyxx192: Invalid username or password
2026-05-04 15:12:27.636 [http-nio-8080-exec-6] WARN  o.e.c.e.GlobalExceptionHandler - Illegal argument exception: Invalid username or password
2026-05-04 15:12:33.143 [http-nio-8080-exec-10] INFO  o.e.chat.controller.AuthController - Login request received for username: nyxx1928
2026-05-04 15:12:33.144 [http-nio-8080-exec-10] INFO  o.e.c.service.AuthenticationService - Attempting to authenticate user: nyxx1928
2026-05-04 15:12:33.150 [http-nio-8080-exec-10] DEBUG org.hibernate.SQL - 
    /* <criteria> */ select
        u1_0.id,
        u1_0.created_at,
        u1_0.display_name,
        u1_0.email,
        u1_0.last_seen,
        u1_0.online,
        u1_0.password_hash,
        u1_0.username 
    from
        users u1_0 
    where
        u1_0.username=?
2026-05-04 15:12:33.189 [http-nio-8080-exec-10] WARN  o.e.c.service.AuthenticationService - Authentication failed: user not found: nyxx1928
2026-05-04 15:12:33.190 [http-nio-8080-exec-10] WARN  o.e.chat.controller.AuthController - Login failed for username nyxx1928: Invalid username or password
2026-05-04 15:12:33.226 [http-nio-8080-exec-10] WARN  o.e.c.e.GlobalExceptionHandler - Illegal argument exception: Invalid username or password
2026-05-04 15:12:39.282 [http-nio-8080-exec-2] INFO  o.e.chat.controller.AuthController - Login request received for username: nyxx1928
2026-05-04 15:12:39.282 [http-nio-8080-exec-2] INFO  o.e.c.service.AuthenticationService - Attempting to authenticate user: nyxx1928
2026-05-04 15:12:39.285 [http-nio-8080-exec-2] DEBUG org.hibernate.SQL - 
    /* <criteria> */ select
        u1_0.id,
        u1_0.created_at,
        u1_0.display_name,
        u1_0.email,
        u1_0.last_seen,
        u1_0.online,
        u1_0.password_hash,
        u1_0.username 
    from
        users u1_0 
    where
        u1_0.username=?
2026-05-04 15:12:39.288 [http-nio-8080-exec-2] WARN  o.e.c.service.AuthenticationService - Authentication failed: user not found: nyxx1928
2026-05-04 15:12:39.288 [http-nio-8080-exec-2] WARN  o.e.chat.controller.AuthController - Login failed for username nyxx1928: Invalid username or password
2026-05-04 15:12:39.290 [http-nio-8080-exec-2] WARN  o.e.c.e.GlobalExceptionHandler - Illegal argument exception: Invalid username or password
2026-05-04 15:12:49.099 [http-nio-8080-exec-7] INFO  o.e.chat.controller.AuthController - Login request received for username: nyxx1928
2026-05-04 15:12:49.099 [http-nio-8080-exec-7] INFO  o.e.c.service.AuthenticationService - Attempting to authenticate user: nyxx1928
2026-05-04 15:12:49.102 [http-nio-8080-exec-7] DEBUG org.hibernate.SQL - 
    /* <criteria> */ select
        u1_0.id,
        u1_0.created_at,
        u1_0.display_name,
        u1_0.email,
        u1_0.last_seen,
        u1_0.online,
        u1_0.password_hash,
        u1_0.username 
    from
        users u1_0 
    where
        u1_0.username=?
2026-05-04 15:12:49.106 [http-nio-8080-exec-7] WARN  o.e.c.service.AuthenticationService - Authentication failed: user not found: nyxx1928
2026-05-04 15:12:49.106 [http-nio-8080-exec-7] WARN  o.e.chat.controller.AuthController - Login failed for username nyxx1928: Invalid username or password
2026-05-04 15:12:49.107 [http-nio-8080-exec-7] WARN  o.e.c.e.GlobalExceptionHandler - Illegal argument exception: Invalid username or password
2026-05-04 15:16:12.947 [http-nio-8080-exec-9] INFO  o.e.chat.controller.AuthController - Login request received for username: nyxx
2026-05-04 15:16:12.989 [http-nio-8080-exec-9] INFO  o.e.c.service.AuthenticationService - Attempting to authenticate user: nyxx
2026-05-04 15:16:13.391 [http-nio-8080-exec-9] DEBUG org.hibernate.SQL - 
    /* <criteria> */ select
        u1_0.id,
        u1_0.created_at,
        u1_0.display_name,
        u1_0.email,
        u1_0.last_seen,
        u1_0.online,
        u1_0.password_hash,
        u1_0.username 
    from
        users u1_0 
    where
        u1_0.username=?
2026-05-04 15:16:13.785 [http-nio-8080-exec-9] DEBUG org.example.chat.security.JwtUtil - Generated JWT token for user: nyxx
2026-05-04 15:16:13.785 [http-nio-8080-exec-9] INFO  o.e.c.service.AuthenticationService - Successfully authenticated user: nyxx
2026-05-04 15:16:13.787 [http-nio-8080-exec-9] DEBUG o.e.c.service.AuthenticationService - Retrieving user by username: nyxx
2026-05-04 15:16:13.790 [http-nio-8080-exec-9] DEBUG org.hibernate.SQL - 
    /* <criteria> */ select
        u1_0.id,
        u1_0.created_at,
        u1_0.display_name,
        u1_0.email,
        u1_0.last_seen,
        u1_0.online,
        u1_0.password_hash,
        u1_0.username 
    from
        users u1_0 
    where
        u1_0.username=?
2026-05-04 15:16:13.794 [http-nio-8080-exec-9] INFO  o.e.chat.controller.AuthController - User logged in successfully: nyxx
2026-05-04 15:16:16.596 [http-nio-8080-exec-10] DEBUG org.example.chat.security.JwtUtil - JWT token validated successfully
2026-05-04 15:16:16.599 [http-nio-8080-exec-10] DEBUG org.example.chat.security.JwtUtil - Extracted username from JWT token: nyxx
2026-05-04 15:16:16.605 [http-nio-8080-exec-10] DEBUG org.hibernate.SQL - 
    /* <criteria> */ select
        u1_0.id,
        u1_0.created_at,
        u1_0.display_name,
        u1_0.email,
        u1_0.last_seen,
        u1_0.online,
        u1_0.password_hash,
        u1_0.username 
    from
        users u1_0 
    where
        u1_0.username=?
2026-05-04 15:16:16.612 [http-nio-8080-exec-10] DEBUG o.e.c.s.JwtAuthenticationFilter - Set authentication for user: nyxx
2026-05-04 15:16:16.628 [http-nio-8080-exec-10] DEBUG o.e.c.controller.ChatRoomController - Retrieving all chat rooms
2026-05-04 15:16:16.636 [http-nio-8080-exec-10] DEBUG o.e.chat.service.ChatRoomService - Retrieving all chat rooms
2026-05-04 15:16:18.393 [http-nio-8080-exec-10] DEBUG org.hibernate.SQL - 
    /* <criteria> */ select
        cr1_0.id,
        cr1_0.created_at,
        cr1_0.created_by_id,
        cr1_0.description,
        cr1_0.name 
    from
        chat_rooms cr1_0
2026-05-04 15:16:18.633 [http-nio-8080-exec-3] DEBUG o.e.c.s.WebSocketAuthenticationInterceptor - Processing STOMP CONNECT frame
2026-05-04 15:16:18.637 [http-nio-8080-exec-3] DEBUG org.example.chat.security.JwtUtil - JWT token validated successfully
2026-05-04 15:16:18.638 [http-nio-8080-exec-3] DEBUG org.example.chat.security.JwtUtil - Extracted username from JWT token: nyxx
2026-05-04 15:16:18.639 [http-nio-8080-exec-3] DEBUG o.e.c.s.WebSocketAuthenticationInterceptor - Extracted username from JWT: nyxx
2026-05-04 15:16:18.641 [http-nio-8080-exec-3] DEBUG org.hibernate.SQL - 
    /* <criteria> */ select
        u1_0.id,
        u1_0.created_at,
        u1_0.display_name,
        u1_0.email,
        u1_0.last_seen,
        u1_0.online,
        u1_0.password_hash,
        u1_0.username 
    from
        users u1_0 
    where
        u1_0.username=?
2026-05-04 15:16:18.959 [http-nio-8080-exec-3] INFO  o.e.c.s.WebSocketAuthenticationInterceptor - WebSocket connection authenticated for user: nyxx
2026-05-04 15:16:19.027 [http-nio-8080-exec-10] DEBUG org.hibernate.SQL - 
    select
        u1_0.id,
        u1_0.created_at,
        u1_0.display_name,
        u1_0.email,
        u1_0.last_seen,
        u1_0.online,
        u1_0.password_hash,
        u1_0.username 
    from
        users u1_0 
    where
        u1_0.id=?
2026-05-04 15:16:19.120 [http-nio-8080-exec-3] INFO  o.e.c.l.WebSocketEventListener - User connected: nyxx
2026-05-04 15:16:19.127 [http-nio-8080-exec-3] DEBUG org.hibernate.SQL - 
    /* <criteria> */ select
        u1_0.id,
        u1_0.created_at,
        u1_0.display_name,
        u1_0.email,
        u1_0.last_seen,
        u1_0.online,
        u1_0.password_hash,
        u1_0.username 
    from
        users u1_0 
    where
        u1_0.username=?
2026-05-04 15:16:19.141 [http-nio-8080-exec-10] DEBUG o.e.c.controller.ChatRoomController - Retrieved 1 chat rooms
2026-05-04 15:16:19.153 [http-nio-8080-exec-3] INFO  o.e.chat.service.UserPresenceService - Marking user ID: 2 as online
2026-05-04 15:16:19.225 [http-nio-8080-exec-3] DEBUG org.hibernate.SQL - 
    select
        u1_0.id,
        u1_0.created_at,
        u1_0.display_name,
        u1_0.email,
        u1_0.last_seen,
        u1_0.online,
        u1_0.password_hash,
        u1_0.username 
    from
        users u1_0 
    where
        u1_0.id=?
2026-05-04 15:16:19.260 [http-nio-8080-exec-2] DEBUG org.example.chat.security.JwtUtil - JWT token validated successfully
2026-05-04 15:16:19.330 [http-nio-8080-exec-2] DEBUG org.example.chat.security.JwtUtil - Extracted username from JWT token: nyxx
2026-05-04 15:16:19.339 [http-nio-8080-exec-2] DEBUG org.hibernate.SQL - 
    /* <criteria> */ select
        u1_0.id,
        u1_0.created_at,
        u1_0.display_name,
        u1_0.email,
        u1_0.last_seen,
        u1_0.online,
        u1_0.password_hash,
        u1_0.username 
    from
        users u1_0 
    where
        u1_0.username=?
2026-05-04 15:16:19.343 [http-nio-8080-exec-2] DEBUG o.e.c.s.JwtAuthenticationFilter - Set authentication for user: nyxx
2026-05-04 15:16:19.347 [http-nio-8080-exec-2] DEBUG o.e.c.controller.ChatRoomController - Retrieving all chat rooms
2026-05-04 15:16:19.349 [http-nio-8080-exec-2] DEBUG o.e.chat.service.ChatRoomService - Retrieving all chat rooms
2026-05-04 15:16:19.411 [http-nio-8080-exec-2] DEBUG org.hibernate.SQL - 
    /* <criteria> */ select
        cr1_0.id,
        cr1_0.created_at,
        cr1_0.created_by_id,
        cr1_0.description,
        cr1_0.name 
    from
        chat_rooms cr1_0
2026-05-04 15:16:19.417 [http-nio-8080-exec-2] DEBUG org.hibernate.SQL - 
    select
        u1_0.id,
        u1_0.created_at,
        u1_0.display_name,
        u1_0.email,
        u1_0.last_seen,
        u1_0.online,
        u1_0.password_hash,
        u1_0.username 
    from
        users u1_0 
    where
        u1_0.id=?
2026-05-04 15:16:19.421 [http-nio-8080-exec-3] INFO  o.e.chat.service.UserPresenceService - User ID: 2 marked as online at 2026-05-04T15:16:19.243535500
2026-05-04 15:16:19.426 [http-nio-8080-exec-2] DEBUG o.e.c.controller.ChatRoomController - Retrieved 1 chat rooms
2026-05-04 15:16:19.426 [http-nio-8080-exec-3] DEBUG o.e.chat.service.UserPresenceService - Publishing presence update for user ID: 2
2026-05-04 15:16:19.870 [http-nio-8080-exec-3] DEBUG org.hibernate.SQL - 
    /* <criteria> */ select
        rm1_0.id,
        rm1_0.chat_room_id,
        rm1_0.joined_at,
        rm1_0.role,
        rm1_0.user_id 
    from
        room_memberships rm1_0 
    where
        rm1_0.user_id=?
2026-05-04 15:16:19.906 [http-nio-8080-exec-3] INFO  o.e.chat.service.UserPresenceService - Presence updates published for user ID: 2 to 0 rooms
2026-05-04 15:16:19.988 [http-nio-8080-exec-8] DEBUG org.example.chat.security.JwtUtil - JWT token validated successfully
2026-05-04 15:16:19.993 [http-nio-8080-exec-3] DEBUG org.hibernate.SQL - 
    /* update
        for org.example.chat.entity.User */update users 
    set
        created_at=?,
        display_name=?,
        email=?,
        last_seen=?,
        online=?,
        password_hash=?,
        username=? 
    where
        id=?
2026-05-04 15:16:19.993 [http-nio-8080-exec-8] DEBUG org.example.chat.security.JwtUtil - Extracted username from JWT token: nyxx
2026-05-04 15:16:19.999 [http-nio-8080-exec-8] DEBUG org.hibernate.SQL - 
    /* <criteria> */ select
        u1_0.id,
        u1_0.created_at,
        u1_0.display_name,
        u1_0.email,
        u1_0.last_seen,
        u1_0.online,
        u1_0.password_hash,
        u1_0.username 
    from
        users u1_0 
    where
        u1_0.username=?
2026-05-04 15:16:20.001 [http-nio-8080-exec-5] DEBUG org.example.chat.security.JwtUtil - JWT token validated successfully
2026-05-04 15:16:20.002 [http-nio-8080-exec-8] DEBUG o.e.c.s.JwtAuthenticationFilter - Set authentication for user: nyxx
2026-05-04 15:16:20.006 [http-nio-8080-exec-5] DEBUG org.example.chat.security.JwtUtil - Extracted username from JWT token: nyxx
2026-05-04 15:16:20.015 [http-nio-8080-exec-8] DEBUG o.e.chat.controller.FriendController - Listing friends for nyxx
2026-05-04 15:16:20.019 [http-nio-8080-exec-5] DEBUG org.hibernate.SQL - 
    /* <criteria> */ select
        u1_0.id,
        u1_0.created_at,
        u1_0.display_name,
        u1_0.email,
        u1_0.last_seen,
        u1_0.online,
        u1_0.password_hash,
        u1_0.username 
    from
        users u1_0 
    where
        u1_0.username=?
2026-05-04 15:16:20.022 [http-nio-8080-exec-5] DEBUG o.e.c.s.JwtAuthenticationFilter - Set authentication for user: nyxx
2026-05-04 15:16:20.022 [http-nio-8080-exec-8] DEBUG org.hibernate.SQL - 
    /* <criteria> */ select
        u1_0.id,
        u1_0.created_at,
        u1_0.display_name,
        u1_0.email,
        u1_0.last_seen,
        u1_0.online,
        u1_0.password_hash,
        u1_0.username 
    from
        users u1_0 
    where
        u1_0.username=?
2026-05-04 15:16:20.023 [http-nio-8080-exec-5] DEBUG o.e.chat.controller.FriendController - Listing friend requests for nyxx
2026-05-04 15:16:20.030 [http-nio-8080-exec-5] DEBUG org.hibernate.SQL - 
    /* <criteria> */ select
        u1_0.id,
        u1_0.created_at,
        u1_0.display_name,
        u1_0.email,
        u1_0.last_seen,
        u1_0.online,
        u1_0.password_hash,
        u1_0.username 
    from
        users u1_0 
    where
        u1_0.username=?
2026-05-04 15:16:20.051 [http-nio-8080-exec-5] DEBUG org.hibernate.SQL - 
    /* <criteria> */ select
        fr1_0.id,
        fr1_0.created_at,
        fr1_0.recipient_id,
        fr1_0.requester_id,
        fr1_0.responded_at,
        fr1_0.status 
    from
        friend_requests fr1_0 
    where
        fr1_0.recipient_id=? 
        and fr1_0.status=?
2026-05-04 15:16:20.051 [http-nio-8080-exec-8] DEBUG org.hibernate.SQL - 
    /* <criteria> */ select
        f1_0.id,
        f1_0.created_at,
        f1_0.user_a_id,
        f1_0.user_b_id 
    from
        friendships f1_0 
    where
        f1_0.user_a_id=? 
        or f1_0.user_b_id=?
2026-05-04 15:16:20.096 [http-nio-8080-exec-5] DEBUG org.hibernate.SQL - 
    select
        u1_0.id,
        u1_0.created_at,
        u1_0.display_name,
        u1_0.email,
        u1_0.last_seen,
        u1_0.online,
        u1_0.password_hash,
        u1_0.username 
    from
        users u1_0 
    where
        u1_0.id=?
2026-05-04 15:16:20.101 [http-nio-8080-exec-5] DEBUG org.hibernate.SQL - 
    select
        u1_0.id,
        u1_0.created_at,
        u1_0.display_name,
        u1_0.email,
        u1_0.last_seen,
        u1_0.online,
        u1_0.password_hash,
        u1_0.username 
    from
        users u1_0 
    where
        u1_0.id=?
2026-05-04 15:16:20.135 [http-nio-8080-exec-5] DEBUG org.hibernate.SQL - 
    /* <criteria> */ select
        fr1_0.id,
        fr1_0.created_at,
        fr1_0.recipient_id,
        fr1_0.requester_id,
        fr1_0.responded_at,
        fr1_0.status 
    from
        friend_requests fr1_0 
    where
        fr1_0.requester_id=? 
        and fr1_0.status=?
2026-05-04 15:16:20.204 [http-nio-8080-exec-9] DEBUG org.example.chat.security.JwtUtil - JWT token validated successfully
2026-05-04 15:16:20.212 [http-nio-8080-exec-9] DEBUG org.example.chat.security.JwtUtil - Extracted username from JWT token: nyxx
2026-05-04 15:16:20.219 [http-nio-8080-exec-9] DEBUG org.hibernate.SQL - 
    /* <criteria> */ select
        u1_0.id,
        u1_0.created_at,
        u1_0.display_name,
        u1_0.email,
        u1_0.last_seen,
        u1_0.online,
        u1_0.password_hash,
        u1_0.username 
    from
        users u1_0 
    where
        u1_0.username=?
2026-05-04 15:16:20.224 [http-nio-8080-exec-9] DEBUG o.e.c.s.JwtAuthenticationFilter - Set authentication for user: nyxx
2026-05-04 15:16:20.229 [http-nio-8080-exec-9] DEBUG o.e.chat.controller.FriendController - Listing friend requests for nyxx
2026-05-04 15:16:20.233 [http-nio-8080-exec-1] DEBUG org.example.chat.security.JwtUtil - JWT token validated successfully
2026-05-04 15:16:20.233 [http-nio-8080-exec-9] DEBUG org.hibernate.SQL - 
    /* <criteria> */ select
        u1_0.id,
        u1_0.created_at,
        u1_0.display_name,
        u1_0.email,
        u1_0.last_seen,
        u1_0.online,
        u1_0.password_hash,
        u1_0.username 
    from
        users u1_0 
    where
        u1_0.username=?
2026-05-04 15:16:20.234 [http-nio-8080-exec-1] DEBUG org.example.chat.security.JwtUtil - Extracted username from JWT token: nyxx
2026-05-04 15:16:20.236 [http-nio-8080-exec-1] DEBUG org.hibernate.SQL - 
    /* <criteria> */ select
        u1_0.id,
        u1_0.created_at,
        u1_0.display_name,
        u1_0.email,
        u1_0.last_seen,
        u1_0.online,
        u1_0.password_hash,
        u1_0.username 
    from
        users u1_0 
    where
        u1_0.username=?
2026-05-04 15:16:20.237 [http-nio-8080-exec-9] DEBUG org.hibernate.SQL - 
    /* <criteria> */ select
        fr1_0.id,
        fr1_0.created_at,
        fr1_0.recipient_id,
        fr1_0.requester_id,
        fr1_0.responded_at,
        fr1_0.status 
    from
        friend_requests fr1_0 
    where
        fr1_0.recipient_id=? 
        and fr1_0.status=?
2026-05-04 15:16:20.238 [http-nio-8080-exec-9] DEBUG org.hibernate.SQL - 
    select
        u1_0.id,
        u1_0.created_at,
        u1_0.display_name,
        u1_0.email,
        u1_0.last_seen,
        u1_0.online,
        u1_0.password_hash,
        u1_0.username 
    from
        users u1_0 
    where
        u1_0.id=?
2026-05-04 15:16:20.239 [http-nio-8080-exec-9] DEBUG org.hibernate.SQL - 
    select
        u1_0.id,
        u1_0.created_at,
        u1_0.display_name,
        u1_0.email,
        u1_0.last_seen,
        u1_0.online,
        u1_0.password_hash,
        u1_0.username 
    from
        users u1_0 
    where
        u1_0.id=?
2026-05-04 15:16:20.240 [http-nio-8080-exec-1] DEBUG o.e.c.s.JwtAuthenticationFilter - Set authentication for user: nyxx
2026-05-04 15:16:20.243 [http-nio-8080-exec-1] DEBUG o.e.chat.controller.FriendController - Listing friends for nyxx
2026-05-04 15:16:20.246 [http-nio-8080-exec-9] DEBUG org.hibernate.SQL - 
    /* <criteria> */ select
        fr1_0.id,
        fr1_0.created_at,
        fr1_0.recipient_id,
        fr1_0.requester_id,
        fr1_0.responded_at,
        fr1_0.status 
    from
        friend_requests fr1_0 
    where
        fr1_0.requester_id=? 
        and fr1_0.status=?
2026-05-04 15:16:20.247 [http-nio-8080-exec-1] DEBUG org.hibernate.SQL - 
    /* <criteria> */ select
        u1_0.id,
        u1_0.created_at,
        u1_0.display_name,
        u1_0.email,
        u1_0.last_seen,
        u1_0.online,
        u1_0.password_hash,
        u1_0.username 
    from
        users u1_0 
    where
        u1_0.username=?
2026-05-04 15:16:20.252 [http-nio-8080-exec-1] DEBUG org.hibernate.SQL - 
    /* <criteria> */ select
        f1_0.id,
        f1_0.created_at,
        f1_0.user_a_id,
        f1_0.user_b_id 
    from
        friendships f1_0 
    where
        f1_0.user_a_id=? 
        or f1_0.user_b_id=?
2026-05-04 15:16:50.581 [http-nio-8080-exec-10] DEBUG org.example.chat.security.JwtUtil - JWT token validated successfully
2026-05-04 15:16:50.603 [http-nio-8080-exec-10] DEBUG org.example.chat.security.JwtUtil - Extracted username from JWT token: nyxx
2026-05-04 15:16:50.870 [http-nio-8080-exec-10] DEBUG org.hibernate.SQL - 
    /* <criteria> */ select
        u1_0.id,
        u1_0.created_at,
        u1_0.display_name,
        u1_0.email,
        u1_0.last_seen,
        u1_0.online,
        u1_0.password_hash,
        u1_0.username 
    from
        users u1_0 
    where
        u1_0.username=?
2026-05-04 15:16:51.020 [http-nio-8080-exec-10] DEBUG o.e.c.s.JwtAuthenticationFilter - Set authentication for user: nyxx
2026-05-04 15:16:51.125 [http-nio-8080-exec-10] INFO  o.e.chat.controller.FriendController - Accepting friend request 1 for nyxx
2026-05-04 15:16:51.143 [http-nio-8080-exec-10] DEBUG org.hibernate.SQL - 
    /* <criteria> */ select
        u1_0.id,
        u1_0.created_at,
        u1_0.display_name,
        u1_0.email,
        u1_0.last_seen,
        u1_0.online,
        u1_0.password_hash,
        u1_0.username 
    from
        users u1_0 
    where
        u1_0.username=?
2026-05-04 15:16:51.249 [http-nio-8080-exec-10] DEBUG org.hibernate.SQL - 
    /* <criteria> */ select
        fr1_0.id,
        fr1_0.created_at,
        fr1_0.recipient_id,
        fr1_0.requester_id,
        fr1_0.responded_at,
        fr1_0.status 
    from
        friend_requests fr1_0 
    where
        fr1_0.id=? 
        and fr1_0.recipient_id=?
2026-05-04 15:16:51.290 [http-nio-8080-exec-10] DEBUG org.hibernate.SQL - 
    select
        u1_0.id,
        u1_0.created_at,
        u1_0.display_name,
        u1_0.email,
        u1_0.last_seen,
        u1_0.online,
        u1_0.password_hash,
        u1_0.username 
    from
        users u1_0 
    where
        u1_0.id=?
2026-05-04 15:16:51.427 [http-nio-8080-exec-10] DEBUG org.hibernate.SQL - 
    /* SELECT
        f 
    FROM
        Friendship f 
    WHERE
        (
            f.userA = :user1 
            AND f.userB = :user2
        ) 
        OR (
            f.userA = :user2 
            AND f.userB = :user1
        ) */ select
            f1_0.id,
            f1_0.created_at,
            f1_0.user_a_id,
            f1_0.user_b_id 
        from
            friendships f1_0 
        where
            (
                f1_0.user_a_id=? 
                and f1_0.user_b_id=?
            ) 
            or (
                f1_0.user_a_id=? 
                and f1_0.user_b_id=?
            )
2026-05-04 15:16:51.498 [http-nio-8080-exec-10] DEBUG org.hibernate.SQL - 
    /* insert for
        org.example.chat.entity.Friendship */insert 
    into
        friendships (created_at, user_a_id, user_b_id) 
    values
        (?, ?, ?)
2026-05-04 15:16:51.790 [http-nio-8080-exec-10] INFO  o.example.chat.service.FriendService - Friend request accepted by nyxx from nics1928
2026-05-04 15:16:51.820 [http-nio-8080-exec-10] DEBUG org.hibernate.SQL - 
    /* delete for org.example.chat.entity.FriendRequest */delete 
    from
        friend_requests 
    where
        id=?
2026-05-04 15:16:51.937 [http-nio-8080-exec-3] DEBUG org.example.chat.security.JwtUtil - JWT token validated successfully
2026-05-04 15:16:51.938 [http-nio-8080-exec-7] DEBUG org.example.chat.security.JwtUtil - JWT token validated successfully
2026-05-04 15:16:51.940 [http-nio-8080-exec-7] DEBUG org.example.chat.security.JwtUtil - Extracted username from JWT token: nyxx
2026-05-04 15:16:51.940 [http-nio-8080-exec-3] DEBUG org.example.chat.security.JwtUtil - Extracted username from JWT token: nyxx
2026-05-04 15:16:51.944 [http-nio-8080-exec-3] DEBUG org.hibernate.SQL - 
    /* <criteria> */ select
        u1_0.id,
        u1_0.created_at,
        u1_0.display_name,
        u1_0.email,
        u1_0.last_seen,
        u1_0.online,
        u1_0.password_hash,
        u1_0.username 
    from
        users u1_0 
    where
        u1_0.username=?
2026-05-04 15:16:51.944 [http-nio-8080-exec-7] DEBUG org.hibernate.SQL - 
    /* <criteria> */ select
        u1_0.id,
        u1_0.created_at,
        u1_0.display_name,
        u1_0.email,
        u1_0.last_seen,
        u1_0.online,
        u1_0.password_hash,
        u1_0.username 
    from
        users u1_0 
    where
        u1_0.username=?
2026-05-04 15:16:51.947 [http-nio-8080-exec-7] DEBUG o.e.c.s.JwtAuthenticationFilter - Set authentication for user: nyxx
2026-05-04 15:16:51.950 [http-nio-8080-exec-7] DEBUG o.e.chat.controller.FriendController - Listing friends for nyxx
2026-05-04 15:16:51.952 [http-nio-8080-exec-7] DEBUG org.hibernate.SQL - 
    /* <criteria> */ select
        u1_0.id,
        u1_0.created_at,
        u1_0.display_name,
        u1_0.email,
        u1_0.last_seen,
        u1_0.online,
        u1_0.password_hash,
        u1_0.username 
    from
        users u1_0 
    where
        u1_0.username=?
2026-05-04 15:16:51.957 [http-nio-8080-exec-7] DEBUG org.hibernate.SQL - 
    /* <criteria> */ select
        f1_0.id,
        f1_0.created_at,
        f1_0.user_a_id,
        f1_0.user_b_id 
    from
        friendships f1_0 
    where
        f1_0.user_a_id=? 
        or f1_0.user_b_id=?
2026-05-04 15:16:51.959 [http-nio-8080-exec-3] DEBUG o.e.c.s.JwtAuthenticationFilter - Set authentication for user: nyxx
2026-05-04 15:16:51.961 [http-nio-8080-exec-7] DEBUG org.hibernate.SQL - 
    select
        u1_0.id,
        u1_0.created_at,
        u1_0.display_name,
        u1_0.email,
        u1_0.last_seen,
        u1_0.online,
        u1_0.password_hash,
        u1_0.username 
    from
        users u1_0 
    where
        u1_0.id=?
2026-05-04 15:16:51.963 [http-nio-8080-exec-3] DEBUG o.e.chat.controller.FriendController - Listing friend requests for nyxx
2026-05-04 15:16:51.963 [http-nio-8080-exec-7] DEBUG org.hibernate.SQL - 
    select
        u1_0.id,
        u1_0.created_at,
        u1_0.display_name,
        u1_0.email,
        u1_0.last_seen,
        u1_0.online,
        u1_0.password_hash,
        u1_0.username 
    from
        users u1_0 
    where
        u1_0.id=?
2026-05-04 15:16:51.966 [http-nio-8080-exec-3] DEBUG org.hibernate.SQL - 
    /* <criteria> */ select
        u1_0.id,
        u1_0.created_at,
        u1_0.display_name,
        u1_0.email,
        u1_0.last_seen,
        u1_0.online,
        u1_0.password_hash,
        u1_0.username 
    from
        users u1_0 
    where
        u1_0.username=?
2026-05-04 15:16:51.972 [http-nio-8080-exec-3] DEBUG org.hibernate.SQL - 
    /* <criteria> */ select
        fr1_0.id,
        fr1_0.created_at,
        fr1_0.recipient_id,
        fr1_0.requester_id,
        fr1_0.responded_at,
        fr1_0.status 
    from
        friend_requests fr1_0 
    where
        fr1_0.recipient_id=? 
        and fr1_0.status=?
2026-05-04 15:16:51.980 [http-nio-8080-exec-3] DEBUG org.hibernate.SQL - 
    /* <criteria> */ select
        fr1_0.id,
        fr1_0.created_at,
        fr1_0.recipient_id,
        fr1_0.requester_id,
        fr1_0.responded_at,
        fr1_0.status 
    from
        friend_requests fr1_0 
    where
        fr1_0.requester_id=? 
        and fr1_0.status=?
2026-05-04 15:16:57.768 [http-nio-8080-exec-5] INFO  o.e.c.l.WebSocketEventListener - User disconnected: nyxx
2026-05-04 15:16:57.775 [http-nio-8080-exec-5] DEBUG org.hibernate.SQL - 
    /* <criteria> */ select
        u1_0.id,
        u1_0.created_at,
        u1_0.display_name,
        u1_0.email,
        u1_0.last_seen,
        u1_0.online,
        u1_0.password_hash,
        u1_0.username 
    from
        users u1_0 
    where
        u1_0.username=?
2026-05-04 15:16:57.805 [http-nio-8080-exec-5] INFO  o.e.chat.service.UserPresenceService - Marking user ID: 2 as offline
2026-05-04 15:16:57.821 [http-nio-8080-exec-5] DEBUG org.hibernate.SQL - 
    select
        u1_0.id,
        u1_0.created_at,
        u1_0.display_name,
        u1_0.email,
        u1_0.last_seen,
        u1_0.online,
        u1_0.password_hash,
        u1_0.username 
    from
        users u1_0 
    where
        u1_0.id=?
2026-05-04 15:16:57.843 [http-nio-8080-exec-5] INFO  o.e.chat.service.UserPresenceService - User ID: 2 marked as offline at 2026-05-04T15:16:57.839442700
2026-05-04 15:16:57.847 [http-nio-8080-exec-5] DEBUG o.e.chat.service.UserPresenceService - Publishing presence update for user ID: 2
2026-05-04 15:16:57.854 [http-nio-8080-exec-5] DEBUG org.hibernate.SQL - 
    /* <criteria> */ select
        rm1_0.id,
        rm1_0.chat_room_id,
        rm1_0.joined_at,
        rm1_0.role,
        rm1_0.user_id 
    from
        room_memberships rm1_0 
    where
        rm1_0.user_id=?
2026-05-04 15:16:57.880 [http-nio-8080-exec-5] INFO  o.e.chat.service.UserPresenceService - Presence updates published for user ID: 2 to 0 rooms
2026-05-04 15:16:57.886 [http-nio-8080-exec-5] DEBUG org.hibernate.SQL - 
    /* update
        for org.example.chat.entity.User */update users 
    set
        created_at=?,
        display_name=?,
        email=?,
        last_seen=?,
        online=?,
        password_hash=?,
        username=? 
    where
        id=?
2026-05-04 15:16:59.886 [http-nio-8080-exec-1] DEBUG org.example.chat.security.JwtUtil - JWT token validated successfully
2026-05-04 15:16:59.889 [http-nio-8080-exec-1] DEBUG org.example.chat.security.JwtUtil - Extracted username from JWT token: nyxx
2026-05-04 15:16:59.891 [http-nio-8080-exec-1] DEBUG org.hibernate.SQL - 
    /* <criteria> */ select
        u1_0.id,
        u1_0.created_at,
        u1_0.display_name,
        u1_0.email,
        u1_0.last_seen,
        u1_0.online,
        u1_0.password_hash,
        u1_0.username 
    from
        users u1_0 
    where
        u1_0.username=?
2026-05-04 15:16:59.910 [http-nio-8080-exec-1] DEBUG o.e.c.s.JwtAuthenticationFilter - Set authentication for user: nyxx
2026-05-04 15:16:59.916 [http-nio-8080-exec-1] DEBUG o.e.c.controller.ChatRoomController - Retrieving all chat rooms
2026-05-04 15:16:59.919 [http-nio-8080-exec-1] DEBUG o.e.chat.service.ChatRoomService - Retrieving all chat rooms
2026-05-04 15:16:59.938 [http-nio-8080-exec-1] DEBUG org.hibernate.SQL - 
    /* <criteria> */ select
        cr1_0.id,
        cr1_0.created_at,
        cr1_0.created_by_id,
        cr1_0.description,
        cr1_0.name 
    from
        chat_rooms cr1_0
2026-05-04 15:16:59.964 [http-nio-8080-exec-10] DEBUG o.e.c.s.WebSocketAuthenticationInterceptor - Processing STOMP CONNECT frame
2026-05-04 15:16:59.967 [http-nio-8080-exec-10] DEBUG org.example.chat.security.JwtUtil - JWT token validated successfully
2026-05-04 15:16:59.968 [http-nio-8080-exec-10] DEBUG org.example.chat.security.JwtUtil - Extracted username from JWT token: nyxx
2026-05-04 15:16:59.968 [http-nio-8080-exec-10] DEBUG o.e.c.s.WebSocketAuthenticationInterceptor - Extracted username from JWT: nyxx
2026-05-04 15:16:59.969 [http-nio-8080-exec-1] DEBUG org.hibernate.SQL - 
    select
        u1_0.id,
        u1_0.created_at,
        u1_0.display_name,
        u1_0.email,
        u1_0.last_seen,
        u1_0.online,
        u1_0.password_hash,
        u1_0.username 
    from
        users u1_0 
    where
        u1_0.id=?
2026-05-04 15:16:59.969 [http-nio-8080-exec-10] DEBUG org.hibernate.SQL - 
    /* <criteria> */ select
        u1_0.id,
        u1_0.created_at,
        u1_0.display_name,
        u1_0.email,
        u1_0.last_seen,
        u1_0.online,
        u1_0.password_hash,
        u1_0.username 
    from
        users u1_0 
    where
        u1_0.username=?
2026-05-04 15:16:59.972 [http-nio-8080-exec-10] INFO  o.e.c.s.WebSocketAuthenticationInterceptor - WebSocket connection authenticated for user: nyxx
2026-05-04 15:16:59.974 [http-nio-8080-exec-1] DEBUG o.e.c.controller.ChatRoomController - Retrieved 1 chat rooms
2026-05-04 15:16:59.974 [http-nio-8080-exec-10] INFO  o.e.c.l.WebSocketEventListener - User connected: nyxx
2026-05-04 15:16:59.975 [http-nio-8080-exec-10] DEBUG org.hibernate.SQL - 
    /* <criteria> */ select
        u1_0.id,
        u1_0.created_at,
        u1_0.display_name,
        u1_0.email,
        u1_0.last_seen,
        u1_0.online,
        u1_0.password_hash,
        u1_0.username 
    from
        users u1_0 
    where
        u1_0.username=?
2026-05-04 15:16:59.978 [http-nio-8080-exec-10] INFO  o.e.chat.service.UserPresenceService - Marking user ID: 2 as online
2026-05-04 15:16:59.979 [http-nio-8080-exec-10] DEBUG org.hibernate.SQL - 
    select
        u1_0.id,
        u1_0.created_at,
        u1_0.display_name,
        u1_0.email,
        u1_0.last_seen,
        u1_0.online,
        u1_0.password_hash,
        u1_0.username 
    from
        users u1_0 
    where
        u1_0.id=?
2026-05-04 15:16:59.982 [http-nio-8080-exec-10] INFO  o.e.chat.service.UserPresenceService - User ID: 2 marked as online at 2026-05-04T15:16:59.980843700
2026-05-04 15:16:59.982 [http-nio-8080-exec-10] DEBUG o.e.chat.service.UserPresenceService - Publishing presence update for user ID: 2
2026-05-04 15:16:59.984 [http-nio-8080-exec-2] DEBUG org.example.chat.security.JwtUtil - JWT token validated successfully
2026-05-04 15:16:59.985 [http-nio-8080-exec-10] DEBUG org.hibernate.SQL - 
    /* <criteria> */ select
        rm1_0.id,
        rm1_0.chat_room_id,
        rm1_0.joined_at,
        rm1_0.role,
        rm1_0.user_id 
    from
        room_memberships rm1_0 
    where
        rm1_0.user_id=?
2026-05-04 15:16:59.986 [http-nio-8080-exec-2] DEBUG org.example.chat.security.JwtUtil - Extracted username from JWT token: nyxx
2026-05-04 15:16:59.986 [http-nio-8080-exec-10] INFO  o.e.chat.service.UserPresenceService - Presence updates published for user ID: 2 to 0 rooms
2026-05-04 15:16:59.987 [http-nio-8080-exec-10] DEBUG org.hibernate.SQL - 
    /* update
        for org.example.chat.entity.User */update users 
    set
        created_at=?,
        display_name=?,
        email=?,
        last_seen=?,
        online=?,
        password_hash=?,
        username=? 
    where
        id=?
2026-05-04 15:16:59.987 [http-nio-8080-exec-2] DEBUG org.hibernate.SQL - 
    /* <criteria> */ select
        u1_0.id,
        u1_0.created_at,
        u1_0.display_name,
        u1_0.email,
        u1_0.last_seen,
        u1_0.online,
        u1_0.password_hash,
        u1_0.username 
    from
        users u1_0 
    where
        u1_0.username=?
2026-05-04 15:16:59.989 [http-nio-8080-exec-2] DEBUG o.e.c.s.JwtAuthenticationFilter - Set authentication for user: nyxx
2026-05-04 15:16:59.994 [http-nio-8080-exec-2] DEBUG o.e.c.controller.ChatRoomController - Retrieving all chat rooms
2026-05-04 15:16:59.994 [http-nio-8080-exec-2] DEBUG o.e.chat.service.ChatRoomService - Retrieving all chat rooms
2026-05-04 15:16:59.998 [http-nio-8080-exec-2] DEBUG org.hibernate.SQL - 
    /* <criteria> */ select
        cr1_0.id,
        cr1_0.created_at,
        cr1_0.created_by_id,
        cr1_0.description,
        cr1_0.name 
    from
        chat_rooms cr1_0
2026-05-04 15:17:00.001 [http-nio-8080-exec-2] DEBUG org.hibernate.SQL - 
    select
        u1_0.id,
        u1_0.created_at,
        u1_0.display_name,
        u1_0.email,
        u1_0.last_seen,
        u1_0.online,
        u1_0.password_hash,
        u1_0.username 
    from
        users u1_0 
    where
        u1_0.id=?
2026-05-04 15:17:00.004 [http-nio-8080-exec-2] DEBUG o.e.c.controller.ChatRoomController - Retrieved 1 chat rooms
2026-05-04 15:17:00.069 [http-nio-8080-exec-6] DEBUG org.example.chat.security.JwtUtil - JWT token validated successfully
2026-05-04 15:17:00.072 [http-nio-8080-exec-6] DEBUG org.example.chat.security.JwtUtil - Extracted username from JWT token: nyxx
2026-05-04 15:17:00.075 [http-nio-8080-exec-6] DEBUG org.hibernate.SQL - 
    /* <criteria> */ select
        u1_0.id,
        u1_0.created_at,
        u1_0.display_name,
        u1_0.email,
        u1_0.last_seen,
        u1_0.online,
        u1_0.password_hash,
        u1_0.username 
    from
        users u1_0 
    where
        u1_0.username=?
2026-05-04 15:17:00.077 [http-nio-8080-exec-1] DEBUG org.example.chat.security.JwtUtil - JWT token validated successfully
2026-05-04 15:17:00.078 [http-nio-8080-exec-6] DEBUG o.e.c.s.JwtAuthenticationFilter - Set authentication for user: nyxx
2026-05-04 15:17:00.078 [http-nio-8080-exec-1] DEBUG org.example.chat.security.JwtUtil - Extracted username from JWT token: nyxx
2026-05-04 15:17:00.079 [http-nio-8080-exec-1] DEBUG org.hibernate.SQL - 
    /* <criteria> */ select
        u1_0.id,
        u1_0.created_at,
        u1_0.display_name,
        u1_0.email,
        u1_0.last_seen,
        u1_0.online,
        u1_0.password_hash,
        u1_0.username 
    from
        users u1_0 
    where
        u1_0.username=?
2026-05-04 15:17:00.080 [http-nio-8080-exec-6] DEBUG o.e.chat.controller.FriendController - Listing friends for nyxx
2026-05-04 15:17:00.081 [http-nio-8080-exec-1] DEBUG o.e.c.s.JwtAuthenticationFilter - Set authentication for user: nyxx
2026-05-04 15:17:00.083 [http-nio-8080-exec-1] DEBUG o.e.chat.controller.FriendController - Listing friend requests for nyxx
2026-05-04 15:17:00.084 [http-nio-8080-exec-6] DEBUG org.hibernate.SQL - 
    /* <criteria> */ select
        u1_0.id,
        u1_0.created_at,
        u1_0.display_name,
        u1_0.email,
        u1_0.last_seen,
        u1_0.online,
        u1_0.password_hash,
        u1_0.username 
    from
        users u1_0 
    where
        u1_0.username=?
2026-05-04 15:17:00.088 [http-nio-8080-exec-1] DEBUG org.hibernate.SQL - 
    /* <criteria> */ select
        u1_0.id,
        u1_0.created_at,
        u1_0.display_name,
        u1_0.email,
        u1_0.last_seen,
        u1_0.online,
        u1_0.password_hash,
        u1_0.username 
    from
        users u1_0 
    where
        u1_0.username=?
2026-05-04 15:17:00.089 [http-nio-8080-exec-6] DEBUG org.hibernate.SQL - 
    /* <criteria> */ select
        f1_0.id,
        f1_0.created_at,
        f1_0.user_a_id,
        f1_0.user_b_id 
    from
        friendships f1_0 
    where
        f1_0.user_a_id=? 
        or f1_0.user_b_id=?
2026-05-04 15:17:00.092 [http-nio-8080-exec-6] DEBUG org.hibernate.SQL - 
    select
        u1_0.id,
        u1_0.created_at,
        u1_0.display_name,
        u1_0.email,
        u1_0.last_seen,
        u1_0.online,
        u1_0.password_hash,
        u1_0.username 
    from
        users u1_0 
    where
        u1_0.id=?
2026-05-04 15:17:00.091 [http-nio-8080-exec-8] DEBUG org.example.chat.security.JwtUtil - JWT token validated successfully
2026-05-04 15:17:00.093 [http-nio-8080-exec-6] DEBUG org.hibernate.SQL - 
    select
        u1_0.id,
        u1_0.created_at,
        u1_0.display_name,
        u1_0.email,
        u1_0.last_seen,
        u1_0.online,
        u1_0.password_hash,
        u1_0.username 
    from
        users u1_0 
    where
        u1_0.id=?
2026-05-04 15:17:00.093 [http-nio-8080-exec-1] DEBUG org.hibernate.SQL - 
    /* <criteria> */ select
        fr1_0.id,
        fr1_0.created_at,
        fr1_0.recipient_id,
        fr1_0.requester_id,
        fr1_0.responded_at,
        fr1_0.status 
    from
        friend_requests fr1_0 
    where
        fr1_0.recipient_id=? 
        and fr1_0.status=?
2026-05-04 15:17:00.094 [http-nio-8080-exec-8] DEBUG org.example.chat.security.JwtUtil - Extracted username from JWT token: nyxx
2026-05-04 15:17:00.094 [http-nio-8080-exec-9] DEBUG org.example.chat.security.JwtUtil - JWT token validated successfully
2026-05-04 15:17:00.094 [http-nio-8080-exec-8] DEBUG org.hibernate.SQL - 
    /* <criteria> */ select
        u1_0.id,
        u1_0.created_at,
        u1_0.display_name,
        u1_0.email,
        u1_0.last_seen,
        u1_0.online,
        u1_0.password_hash,
        u1_0.username 
    from
        users u1_0 
    where
        u1_0.username=?
2026-05-04 15:17:00.100 [http-nio-8080-exec-9] DEBUG org.example.chat.security.JwtUtil - Extracted username from JWT token: nyxx
2026-05-04 15:17:00.107 [http-nio-8080-exec-1] DEBUG org.hibernate.SQL - 
    /* <criteria> */ select
        fr1_0.id,
        fr1_0.created_at,
        fr1_0.recipient_id,
        fr1_0.requester_id,
        fr1_0.responded_at,
        fr1_0.status 
    from
        friend_requests fr1_0 
    where
        fr1_0.requester_id=? 
        and fr1_0.status=?
2026-05-04 15:17:00.108 [http-nio-8080-exec-9] DEBUG org.hibernate.SQL - 
    /* <criteria> */ select
        u1_0.id,
        u1_0.created_at,
        u1_0.display_name,
        u1_0.email,
        u1_0.last_seen,
        u1_0.online,
        u1_0.password_hash,
        u1_0.username 
    from
        users u1_0 
    where
        u1_0.username=?
2026-05-04 15:17:00.110 [http-nio-8080-exec-9] DEBUG o.e.c.s.JwtAuthenticationFilter - Set authentication for user: nyxx
2026-05-04 15:17:00.115 [http-nio-8080-exec-9] DEBUG o.e.chat.controller.FriendController - Listing friend requests for nyxx
2026-05-04 15:17:00.117 [http-nio-8080-exec-9] DEBUG org.hibernate.SQL - 
    /* <criteria> */ select
        u1_0.id,
        u1_0.created_at,
        u1_0.display_name,
        u1_0.email,
        u1_0.last_seen,
        u1_0.online,
        u1_0.password_hash,
        u1_0.username 
    from
        users u1_0 
    where
        u1_0.username=?
2026-05-04 15:17:00.126 [http-nio-8080-exec-9] DEBUG org.hibernate.SQL - 
    /* <criteria> */ select
        fr1_0.id,
        fr1_0.created_at,
        fr1_0.recipient_id,
        fr1_0.requester_id,
        fr1_0.responded_at,
        fr1_0.status 
    from
        friend_requests fr1_0 
    where
        fr1_0.recipient_id=? 
        and fr1_0.status=?
2026-05-04 15:17:00.135 [http-nio-8080-exec-9] DEBUG org.hibernate.SQL - 
    /* <criteria> */ select
        fr1_0.id,
        fr1_0.created_at,
        fr1_0.recipient_id,
        fr1_0.requester_id,
        fr1_0.responded_at,
        fr1_0.status 
    from
        friend_requests fr1_0 
    where
        fr1_0.requester_id=? 
        and fr1_0.status=?
2026-05-04 15:17:00.182 [http-nio-8080-exec-8] DEBUG o.e.c.s.JwtAuthenticationFilter - Set authentication for user: nyxx
2026-05-04 15:17:00.184 [http-nio-8080-exec-8] DEBUG o.e.chat.controller.FriendController - Listing friends for nyxx
2026-05-04 15:17:00.185 [http-nio-8080-exec-8] DEBUG org.hibernate.SQL - 
    /* <criteria> */ select
        u1_0.id,
        u1_0.created_at,
        u1_0.display_name,
        u1_0.email,
        u1_0.last_seen,
        u1_0.online,
        u1_0.password_hash,
        u1_0.username 
    from
        users u1_0 
    where
        u1_0.username=?
2026-05-04 15:17:00.192 [http-nio-8080-exec-8] DEBUG org.hibernate.SQL - 
    /* <criteria> */ select
        f1_0.id,
        f1_0.created_at,
        f1_0.user_a_id,
        f1_0.user_b_id 
    from
        friendships f1_0 
    where
        f1_0.user_a_id=? 
        or f1_0.user_b_id=?
2026-05-04 15:17:00.196 [http-nio-8080-exec-8] DEBUG org.hibernate.SQL - 
    select
        u1_0.id,
        u1_0.created_at,
        u1_0.display_name,
        u1_0.email,
        u1_0.last_seen,
        u1_0.online,
        u1_0.password_hash,
        u1_0.username 
    from
        users u1_0 
    where
        u1_0.id=?
2026-05-04 15:17:00.199 [http-nio-8080-exec-8] DEBUG org.hibernate.SQL - 
    select
        u1_0.id,
        u1_0.created_at,
        u1_0.display_name,
        u1_0.email,
        u1_0.last_seen,
        u1_0.online,
        u1_0.password_hash,
        u1_0.username 
    from
        users u1_0 
    where
        u1_0.id=?
2026-05-04 15:17:27.630 [http-nio-8080-exec-2] DEBUG org.example.chat.security.JwtUtil - JWT token validated successfully
2026-05-04 15:17:27.654 [http-nio-8080-exec-2] DEBUG org.example.chat.security.JwtUtil - Extracted username from JWT token: nyxx
2026-05-04 15:17:28.018 [http-nio-8080-exec-2] DEBUG org.hibernate.SQL - 
    /* <criteria> */ select
        u1_0.id,
        u1_0.created_at,
        u1_0.display_name,
        u1_0.email,
        u1_0.last_seen,
        u1_0.online,
        u1_0.password_hash,
        u1_0.username 
    from
        users u1_0 
    where
        u1_0.username=?
2026-05-04 15:17:28.296 [http-nio-8080-exec-2] DEBUG o.e.c.s.JwtAuthenticationFilter - Set authentication for user: nyxx
2026-05-04 15:17:28.887 [http-nio-8080-exec-2] INFO  o.e.c.controller.ChatRoomController - Room creation request received: room for the dummy by user: nyxx
2026-05-04 15:17:28.899 [http-nio-8080-exec-2] DEBUG org.hibernate.SQL - 
    /* <criteria> */ select
        u1_0.id,
        u1_0.created_at,
        u1_0.display_name,
        u1_0.email,
        u1_0.last_seen,
        u1_0.online,
        u1_0.password_hash,
        u1_0.username 
    from
        users u1_0 
    where
        u1_0.username=?
2026-05-04 15:17:29.232 [http-nio-8080-exec-2] INFO  o.e.chat.service.ChatRoomService - Attempting to create chat room: room for the dummy by user ID: 2
2026-05-04 15:17:29.446 [http-nio-8080-exec-2] DEBUG org.hibernate.SQL - 
    /* <criteria> */ select
        cr1_0.id,
        cr1_0.created_at,
        cr1_0.created_by_id,
        cr1_0.description,
        cr1_0.name 
    from
        chat_rooms cr1_0 
    where
        cr1_0.name=?
2026-05-04 15:17:29.591 [http-nio-8080-exec-2] DEBUG org.hibernate.SQL - 
    select
        u1_0.id,
        u1_0.created_at,
        u1_0.display_name,
        u1_0.email,
        u1_0.last_seen,
        u1_0.online,
        u1_0.password_hash,
        u1_0.username 
    from
        users u1_0 
    where
        u1_0.id=?
2026-05-04 15:17:29.736 [http-nio-8080-exec-2] DEBUG org.hibernate.SQL - 
    /* insert for
        org.example.chat.entity.ChatRoom */insert 
    into
        chat_rooms (created_at, created_by_id, description, name) 
    values
        (?, ?, ?, ?)
2026-05-04 15:17:29.861 [http-nio-8080-exec-2] INFO  o.e.chat.service.ChatRoomService - Successfully created chat room: room for the dummy with ID: 2
2026-05-04 15:17:29.863 [http-nio-8080-exec-2] INFO  o.e.chat.service.ChatRoomService - Adding user ID: 2 to chat room ID: 2 with role: OWNER
2026-05-04 15:17:29.869 [http-nio-8080-exec-2] DEBUG o.e.chat.service.ChatRoomService - Retrieving chat room by ID: 2
2026-05-04 15:17:30.266 [http-nio-8080-exec-2] DEBUG org.hibernate.SQL - 
    /* <criteria> */ select
        rm1_0.id,
        rm1_0.chat_room_id,
        rm1_0.joined_at,
        rm1_0.role,
        rm1_0.user_id 
    from
        room_memberships rm1_0 
    where
        rm1_0.user_id=? 
        and rm1_0.chat_room_id=?
2026-05-04 15:17:30.293 [http-nio-8080-exec-2] DEBUG org.hibernate.SQL - 
    /* insert for
        org.example.chat.entity.RoomMembership */insert 
    into
        room_memberships (chat_room_id, joined_at, role, user_id) 
    values
        (?, ?, ?, ?)
2026-05-04 15:17:30.313 [http-nio-8080-exec-2] INFO  o.e.chat.service.ChatRoomService - Successfully added user ID: 2 to chat room ID: 2
2026-05-04 15:17:30.335 [http-nio-8080-exec-2] INFO  o.e.c.controller.ChatRoomController - Room created successfully: room for the dummy with ID: 2
2026-05-04 15:17:30.582 [http-nio-8080-exec-7] DEBUG org.example.chat.security.JwtUtil - JWT token validated successfully
2026-05-04 15:17:30.585 [http-nio-8080-exec-7] DEBUG org.example.chat.security.JwtUtil - Extracted username from JWT token: nyxx
2026-05-04 15:17:30.592 [http-nio-8080-exec-7] DEBUG org.hibernate.SQL - 
    /* <criteria> */ select
        u1_0.id,
        u1_0.created_at,
        u1_0.display_name,
        u1_0.email,
        u1_0.last_seen,
        u1_0.online,
        u1_0.password_hash,
        u1_0.username 
    from
        users u1_0 
    where
        u1_0.username=?
2026-05-04 15:17:30.623 [http-nio-8080-exec-7] DEBUG o.e.c.s.JwtAuthenticationFilter - Set authentication for user: nyxx
2026-05-04 15:17:30.630 [http-nio-8080-exec-7] DEBUG o.e.c.controller.ChatRoomController - Retrieving all chat rooms
2026-05-04 15:17:30.630 [http-nio-8080-exec-7] DEBUG o.e.chat.service.ChatRoomService - Retrieving all chat rooms
2026-05-04 15:17:30.648 [http-nio-8080-exec-7] DEBUG org.hibernate.SQL - 
    /* <criteria> */ select
        cr1_0.id,
        cr1_0.created_at,
        cr1_0.created_by_id,
        cr1_0.description,
        cr1_0.name 
    from
        chat_rooms cr1_0
2026-05-04 15:17:30.658 [http-nio-8080-exec-7] DEBUG org.hibernate.SQL - 
    select
        u1_0.id,
        u1_0.created_at,
        u1_0.display_name,
        u1_0.email,
        u1_0.last_seen,
        u1_0.online,
        u1_0.password_hash,
        u1_0.username 
    from
        users u1_0 
    where
        u1_0.id=?
2026-05-04 15:17:30.662 [http-nio-8080-exec-7] DEBUG org.hibernate.SQL - 
    select
        u1_0.id,
        u1_0.created_at,
        u1_0.display_name,
        u1_0.email,
        u1_0.last_seen,
        u1_0.online,
        u1_0.password_hash,
        u1_0.username 
    from
        users u1_0 
    where
        u1_0.id=?
2026-05-04 15:17:30.691 [http-nio-8080-exec-7] DEBUG o.e.c.controller.ChatRoomController - Retrieved 2 chat rooms
2026-05-04 15:17:30.848 [http-nio-8080-exec-5] DEBUG org.example.chat.security.JwtUtil - JWT token validated successfully
2026-05-04 15:17:30.849 [http-nio-8080-exec-5] DEBUG org.example.chat.security.JwtUtil - Extracted username from JWT token: nyxx
2026-05-04 15:17:30.854 [http-nio-8080-exec-5] DEBUG org.hibernate.SQL - 
    /* <criteria> */ select
        u1_0.id,
        u1_0.created_at,
        u1_0.display_name,
        u1_0.email,
        u1_0.last_seen,
        u1_0.online,
        u1_0.password_hash,
        u1_0.username 
    from
        users u1_0 
    where
        u1_0.username=?
2026-05-04 15:17:30.855 [http-nio-8080-exec-6] DEBUG org.example.chat.security.JwtUtil - JWT token validated successfully
2026-05-04 15:17:30.857 [http-nio-8080-exec-5] DEBUG o.e.c.s.JwtAuthenticationFilter - Set authentication for user: nyxx
2026-05-04 15:17:30.862 [http-nio-8080-exec-6] DEBUG org.example.chat.security.JwtUtil - Extracted username from JWT token: nyxx
2026-05-04 15:17:30.863 [http-nio-8080-exec-5] DEBUG o.e.chat.controller.FriendController - Listing friends for nyxx
2026-05-04 15:17:30.866 [http-nio-8080-exec-6] DEBUG org.hibernate.SQL - 
    /* <criteria> */ select
        u1_0.id,
        u1_0.created_at,
        u1_0.display_name,
        u1_0.email,
        u1_0.last_seen,
        u1_0.online,
        u1_0.password_hash,
        u1_0.username 
    from
        users u1_0 
    where
        u1_0.username=?
2026-05-04 15:17:30.868 [http-nio-8080-exec-6] DEBUG o.e.c.s.JwtAuthenticationFilter - Set authentication for user: nyxx
2026-05-04 15:17:30.872 [http-nio-8080-exec-6] DEBUG o.e.chat.controller.FriendController - Listing friend requests for nyxx
2026-05-04 15:17:30.872 [http-nio-8080-exec-5] DEBUG org.hibernate.SQL - 
    /* <criteria> */ select
        u1_0.id,
        u1_0.created_at,
        u1_0.display_name,
        u1_0.email,
        u1_0.last_seen,
        u1_0.online,
        u1_0.password_hash,
        u1_0.username 
    from
        users u1_0 
    where
        u1_0.username=?
2026-05-04 15:17:30.876 [http-nio-8080-exec-6] DEBUG org.hibernate.SQL - 
    /* <criteria> */ select
        u1_0.id,
        u1_0.created_at,
        u1_0.display_name,
        u1_0.email,
        u1_0.last_seen,
        u1_0.online,
        u1_0.password_hash,
        u1_0.username 
    from
        users u1_0 
    where
        u1_0.username=?
2026-05-04 15:17:30.897 [http-nio-8080-exec-6] DEBUG org.hibernate.SQL - 
    /* <criteria> */ select
        fr1_0.id,
        fr1_0.created_at,
        fr1_0.recipient_id,
        fr1_0.requester_id,
        fr1_0.responded_at,
        fr1_0.status 
    from
        friend_requests fr1_0 
    where
        fr1_0.recipient_id=? 
        and fr1_0.status=?
2026-05-04 15:17:30.901 [http-nio-8080-exec-5] DEBUG org.hibernate.SQL - 
    /* <criteria> */ select
        f1_0.id,
        f1_0.created_at,
        f1_0.user_a_id,
        f1_0.user_b_id 
    from
        friendships f1_0 
    where
        f1_0.user_a_id=? 
        or f1_0.user_b_id=?
2026-05-04 15:17:30.906 [http-nio-8080-exec-5] DEBUG org.hibernate.SQL - 
    select
        u1_0.id,
        u1_0.created_at,
        u1_0.display_name,
        u1_0.email,
        u1_0.last_seen,
        u1_0.online,
        u1_0.password_hash,
        u1_0.username 
    from
        users u1_0 
    where
        u1_0.id=?
2026-05-04 15:17:30.909 [http-nio-8080-exec-6] DEBUG org.hibernate.SQL - 
    /* <criteria> */ select
        fr1_0.id,
        fr1_0.created_at,
        fr1_0.recipient_id,
        fr1_0.requester_id,
        fr1_0.responded_at,
        fr1_0.status 
    from
        friend_requests fr1_0 
    where
        fr1_0.requester_id=? 
        and fr1_0.status=?
2026-05-04 15:17:30.911 [http-nio-8080-exec-5] DEBUG org.hibernate.SQL - 
    select
        u1_0.id,
        u1_0.created_at,
        u1_0.display_name,
        u1_0.email,
        u1_0.last_seen,
        u1_0.online,
        u1_0.password_hash,
        u1_0.username 
    from
        users u1_0 
    where
        u1_0.id=?
2026-05-04 15:17:30.926 [http-nio-8080-exec-5] DEBUG org.example.chat.security.JwtUtil - JWT token validated successfully
2026-05-04 15:17:30.931 [http-nio-8080-exec-5] DEBUG org.example.chat.security.JwtUtil - Extracted username from JWT token: nyxx
2026-05-04 15:17:30.935 [http-nio-8080-exec-5] DEBUG org.hibernate.SQL - 
    /* <criteria> */ select
        u1_0.id,
        u1_0.created_at,
        u1_0.display_name,
        u1_0.email,
        u1_0.last_seen,
        u1_0.online,
        u1_0.password_hash,
        u1_0.username 
    from
        users u1_0 
    where
        u1_0.username=?
2026-05-04 15:17:30.939 [http-nio-8080-exec-9] DEBUG org.example.chat.security.JwtUtil - JWT token validated successfully
2026-05-04 15:17:30.944 [http-nio-8080-exec-5] DEBUG o.e.c.s.JwtAuthenticationFilter - Set authentication for user: nyxx
2026-05-04 15:17:30.947 [http-nio-8080-exec-9] DEBUG org.example.chat.security.JwtUtil - Extracted username from JWT token: nyxx
2026-05-04 15:17:30.947 [http-nio-8080-exec-5] DEBUG o.e.chat.controller.FriendController - Listing friend requests for nyxx
2026-05-04 15:17:30.949 [http-nio-8080-exec-5] DEBUG org.hibernate.SQL - 
    /* <criteria> */ select
        u1_0.id,
        u1_0.created_at,
        u1_0.display_name,
        u1_0.email,
        u1_0.last_seen,
        u1_0.online,
        u1_0.password_hash,
        u1_0.username 
    from
        users u1_0 
    where
        u1_0.username=?
2026-05-04 15:17:30.949 [http-nio-8080-exec-9] DEBUG org.hibernate.SQL - 
    /* <criteria> */ select
        u1_0.id,
        u1_0.created_at,
        u1_0.display_name,
        u1_0.email,
        u1_0.last_seen,
        u1_0.online,
        u1_0.password_hash,
        u1_0.username 
    from
        users u1_0 
    where
        u1_0.username=?
2026-05-04 15:17:30.954 [http-nio-8080-exec-9] DEBUG o.e.c.s.JwtAuthenticationFilter - Set authentication for user: nyxx
2026-05-04 15:17:30.954 [http-nio-8080-exec-5] DEBUG org.hibernate.SQL - 
    /* <criteria> */ select
        fr1_0.id,
        fr1_0.created_at,
        fr1_0.recipient_id,
        fr1_0.requester_id,
        fr1_0.responded_at,
        fr1_0.status 
    from
        friend_requests fr1_0 
    where
        fr1_0.recipient_id=? 
        and fr1_0.status=?
2026-05-04 15:17:30.955 [http-nio-8080-exec-9] DEBUG o.e.chat.controller.FriendController - Listing friends for nyxx
2026-05-04 15:17:30.962 [http-nio-8080-exec-9] DEBUG org.hibernate.SQL - 
    /* <criteria> */ select
        u1_0.id,
        u1_0.created_at,
        u1_0.display_name,
        u1_0.email,
        u1_0.last_seen,
        u1_0.online,
        u1_0.password_hash,
        u1_0.username 
    from
        users u1_0 
    where
        u1_0.username=?
2026-05-04 15:17:30.963 [http-nio-8080-exec-5] DEBUG org.hibernate.SQL - 
    /* <criteria> */ select
        fr1_0.id,
        fr1_0.created_at,
        fr1_0.recipient_id,
        fr1_0.requester_id,
        fr1_0.responded_at,
        fr1_0.status 
    from
        friend_requests fr1_0 
    where
        fr1_0.requester_id=? 
        and fr1_0.status=?
2026-05-04 15:17:30.970 [http-nio-8080-exec-9] DEBUG org.hibernate.SQL - 
    /* <criteria> */ select
        f1_0.id,
        f1_0.created_at,
        f1_0.user_a_id,
        f1_0.user_b_id 
    from
        friendships f1_0 
    where
        f1_0.user_a_id=? 
        or f1_0.user_b_id=?
2026-05-04 15:17:30.974 [http-nio-8080-exec-9] DEBUG org.hibernate.SQL - 
    select
        u1_0.id,
        u1_0.created_at,
        u1_0.display_name,
        u1_0.email,
        u1_0.last_seen,
        u1_0.online,
        u1_0.password_hash,
        u1_0.username 
    from
        users u1_0 
    where
        u1_0.id=?
2026-05-04 15:17:30.975 [http-nio-8080-exec-9] DEBUG org.hibernate.SQL - 
    select
        u1_0.id,
        u1_0.created_at,
        u1_0.display_name,
        u1_0.email,
        u1_0.last_seen,
        u1_0.online,
        u1_0.password_hash,
        u1_0.username 
    from
        users u1_0 
    where
        u1_0.id=?
2026-05-04 15:17:35.319 [http-nio-8080-exec-3] DEBUG org.example.chat.security.JwtUtil - JWT token validated successfully
2026-05-04 15:17:35.319 [http-nio-8080-exec-6] DEBUG org.example.chat.security.JwtUtil - JWT token validated successfully
2026-05-04 15:17:35.320 [http-nio-8080-exec-4] DEBUG org.example.chat.security.JwtUtil - JWT token validated successfully
2026-05-04 15:17:35.320 [http-nio-8080-exec-3] DEBUG org.example.chat.security.JwtUtil - Extracted username from JWT token: nyxx
2026-05-04 15:17:35.320 [http-nio-8080-exec-6] DEBUG org.example.chat.security.JwtUtil - Extracted username from JWT token: nyxx
2026-05-04 15:17:35.320 [http-nio-8080-exec-4] DEBUG org.example.chat.security.JwtUtil - Extracted username from JWT token: nyxx
2026-05-04 15:17:35.323 [http-nio-8080-exec-6] DEBUG org.hibernate.SQL - 
    /* <criteria> */ select
        u1_0.id,
        u1_0.created_at,
        u1_0.display_name,
        u1_0.email,
        u1_0.last_seen,
        u1_0.online,
        u1_0.password_hash,
        u1_0.username 
    from
        users u1_0 
    where
        u1_0.username=?
2026-05-04 15:17:35.323 [http-nio-8080-exec-3] DEBUG org.hibernate.SQL - 
    /* <criteria> */ select
        u1_0.id,
        u1_0.created_at,
        u1_0.display_name,
        u1_0.email,
        u1_0.last_seen,
        u1_0.online,
        u1_0.password_hash,
        u1_0.username 
    from
        users u1_0 
    where
        u1_0.username=?
2026-05-04 15:17:35.325 [http-nio-8080-exec-4] DEBUG org.hibernate.SQL - 
    /* <criteria> */ select
        u1_0.id,
        u1_0.created_at,
        u1_0.display_name,
        u1_0.email,
        u1_0.last_seen,
        u1_0.online,
        u1_0.password_hash,
        u1_0.username 
    from
        users u1_0 
    where
        u1_0.username=?
2026-05-04 15:17:35.328 [http-nio-8080-exec-6] DEBUG o.e.c.s.JwtAuthenticationFilter - Set authentication for user: nyxx
2026-05-04 15:17:35.331 [http-nio-8080-exec-4] DEBUG o.e.c.s.JwtAuthenticationFilter - Set authentication for user: nyxx
2026-05-04 15:17:35.338 [http-nio-8080-exec-3] DEBUG o.e.c.s.JwtAuthenticationFilter - Set authentication for user: nyxx
2026-05-04 15:17:35.342 [http-nio-8080-exec-3] DEBUG o.e.c.controller.ChatRoomController - Retrieving chat room with ID: 2
2026-05-04 15:17:35.342 [http-nio-8080-exec-6] DEBUG o.e.c.controller.ChatRoomController - Retrieving members for chat room ID: 2
2026-05-04 15:17:35.342 [http-nio-8080-exec-6] DEBUG o.e.chat.service.ChatRoomService - Retrieving members for chat room ID: 2
2026-05-04 15:17:35.344 [http-nio-8080-exec-6] DEBUG o.e.chat.service.ChatRoomService - Retrieving chat room by ID: 2
2026-05-04 15:17:35.346 [http-nio-8080-exec-3] DEBUG org.hibernate.SQL - 
    /* <criteria> */ select
        u1_0.id,
        u1_0.created_at,
        u1_0.display_name,
        u1_0.email,
        u1_0.last_seen,
        u1_0.online,
        u1_0.password_hash,
        u1_0.username 
    from
        users u1_0 
    where
        u1_0.username=?
2026-05-04 15:17:35.349 [http-nio-8080-exec-3] DEBUG o.e.chat.service.ChatRoomService - Retrieving chat room by ID: 2
2026-05-04 15:17:35.374 [http-nio-8080-exec-3] DEBUG org.hibernate.SQL - 
    select
        cr1_0.id,
        cr1_0.created_at,
        cb1_0.id,
        cb1_0.created_at,
        cb1_0.display_name,
        cb1_0.email,
        cb1_0.last_seen,
        cb1_0.online,
        cb1_0.password_hash,
        cb1_0.username,
        cr1_0.description,
        cr1_0.name 
    from
        chat_rooms cr1_0 
    left join
        users cb1_0 
            on cb1_0.id=cr1_0.created_by_id 
    where
        cr1_0.id=?
2026-05-04 15:17:35.374 [http-nio-8080-exec-6] DEBUG org.hibernate.SQL - 
    select
        cr1_0.id,
        cr1_0.created_at,
        cb1_0.id,
        cb1_0.created_at,
        cb1_0.display_name,
        cb1_0.email,
        cb1_0.last_seen,
        cb1_0.online,
        cb1_0.password_hash,
        cb1_0.username,
        cr1_0.description,
        cr1_0.name 
    from
        chat_rooms cr1_0 
    left join
        users cb1_0 
            on cb1_0.id=cr1_0.created_by_id 
    where
        cr1_0.id=?
2026-05-04 15:17:35.403 [http-nio-8080-exec-3] DEBUG org.hibernate.SQL - 
    /* <criteria> */ select
        rm1_0.id,
        rm1_0.chat_room_id,
        rm1_0.joined_at,
        rm1_0.role,
        rm1_0.user_id 
    from
        room_memberships rm1_0 
    where
        rm1_0.user_id=? 
        and rm1_0.chat_room_id=?
2026-05-04 15:17:35.406 [http-nio-8080-exec-6] DEBUG org.hibernate.SQL - 
    /* <criteria> */ select
        rm1_0.id,
        rm1_0.chat_room_id,
        rm1_0.joined_at,
        rm1_0.role,
        rm1_0.user_id 
    from
        room_memberships rm1_0 
    where
        rm1_0.chat_room_id=?
2026-05-04 15:17:35.408 [http-nio-8080-exec-3] DEBUG org.hibernate.SQL - 
    select
        cr1_0.id,
        cr1_0.created_at,
        cb1_0.id,
        cb1_0.created_at,
        cb1_0.display_name,
        cb1_0.email,
        cb1_0.last_seen,
        cb1_0.online,
        cb1_0.password_hash,
        cb1_0.username,
        cr1_0.description,
        cr1_0.name 
    from
        chat_rooms cr1_0 
    left join
        users cb1_0 
            on cb1_0.id=cr1_0.created_by_id 
    where
        cr1_0.id=?
2026-05-04 15:17:35.409 [http-nio-8080-exec-6] DEBUG org.hibernate.SQL - 
    select
        cr1_0.id,
        cr1_0.created_at,
        cb1_0.id,
        cb1_0.created_at,
        cb1_0.display_name,
        cb1_0.email,
        cb1_0.last_seen,
        cb1_0.online,
        cb1_0.password_hash,
        cb1_0.username,
        cr1_0.description,
        cr1_0.name 
    from
        chat_rooms cr1_0 
    left join
        users cb1_0 
            on cb1_0.id=cr1_0.created_by_id 
    where
        cr1_0.id=?
2026-05-04 15:17:35.419 [http-nio-8080-exec-6] DEBUG o.e.chat.service.ChatRoomService - Found 1 members for chat room ID: 2
2026-05-04 15:17:35.422 [http-nio-8080-exec-6] DEBUG o.e.c.controller.ChatRoomController - Retrieved 1 members for chat room ID: 2
2026-05-04 15:17:35.428 [http-nio-8080-exec-3] DEBUG o.e.c.controller.ChatRoomController - Retrieved chat room: room for the dummy
2026-05-04 15:17:35.441 [http-nio-8080-exec-5] DEBUG org.example.chat.security.JwtUtil - JWT token validated successfully
2026-05-04 15:17:35.441 [http-nio-8080-exec-1] DEBUG org.example.chat.security.JwtUtil - JWT token validated successfully
2026-05-04 15:17:35.444 [http-nio-8080-exec-5] DEBUG org.example.chat.security.JwtUtil - Extracted username from JWT token: nyxx
2026-05-04 15:17:35.445 [http-nio-8080-exec-1] DEBUG org.example.chat.security.JwtUtil - Extracted username from JWT token: nyxx
2026-05-04 15:17:35.447 [http-nio-8080-exec-5] DEBUG org.hibernate.SQL - 
    /* <criteria> */ select
        u1_0.id,
        u1_0.created_at,
        u1_0.display_name,
        u1_0.email,
        u1_0.last_seen,
        u1_0.online,
        u1_0.password_hash,
        u1_0.username 
    from
        users u1_0 
    where
        u1_0.username=?
2026-05-04 15:17:35.452 [http-nio-8080-exec-5] DEBUG o.e.c.s.JwtAuthenticationFilter - Set authentication for user: nyxx
2026-05-04 15:17:35.452 [http-nio-8080-exec-1] DEBUG org.hibernate.SQL - 
    /* <criteria> */ select
        u1_0.id,
        u1_0.created_at,
        u1_0.display_name,
        u1_0.email,
        u1_0.last_seen,
        u1_0.online,
        u1_0.password_hash,
        u1_0.username 
    from
        users u1_0 
    where
        u1_0.username=?
2026-05-04 15:17:35.456 [http-nio-8080-exec-5] DEBUG o.e.c.controller.ChatRoomController - Retrieving chat room with ID: 2
2026-05-04 15:17:35.456 [http-nio-8080-exec-1] DEBUG o.e.c.s.JwtAuthenticationFilter - Set authentication for user: nyxx
2026-05-04 15:17:35.458 [http-nio-8080-exec-5] DEBUG org.hibernate.SQL - 
    /* <criteria> */ select
        u1_0.id,
        u1_0.created_at,
        u1_0.display_name,
        u1_0.email,
        u1_0.last_seen,
        u1_0.online,
        u1_0.password_hash,
        u1_0.username 
    from
        users u1_0 
    where
        u1_0.username=?
2026-05-04 15:17:35.462 [http-nio-8080-exec-5] DEBUG o.e.chat.service.ChatRoomService - Retrieving chat room by ID: 2
2026-05-04 15:17:35.459 [http-nio-8080-exec-1] DEBUG o.e.c.controller.ChatRoomController - Retrieving members for chat room ID: 2
2026-05-04 15:17:35.463 [http-nio-8080-exec-1] DEBUG o.e.chat.service.ChatRoomService - Retrieving members for chat room ID: 2
2026-05-04 15:17:35.463 [http-nio-8080-exec-1] DEBUG o.e.chat.service.ChatRoomService - Retrieving chat room by ID: 2
2026-05-04 15:17:35.465 [http-nio-8080-exec-5] DEBUG org.hibernate.SQL - 
    select
        cr1_0.id,
        cr1_0.created_at,
        cb1_0.id,
        cb1_0.created_at,
        cb1_0.display_name,
        cb1_0.email,
        cb1_0.last_seen,
        cb1_0.online,
        cb1_0.password_hash,
        cb1_0.username,
        cr1_0.description,
        cr1_0.name 
    from
        chat_rooms cr1_0 
    left join
        users cb1_0 
            on cb1_0.id=cr1_0.created_by_id 
    where
        cr1_0.id=?
2026-05-04 15:17:35.465 [http-nio-8080-exec-1] DEBUG org.hibernate.SQL - 
    select
        cr1_0.id,
        cr1_0.created_at,
        cb1_0.id,
        cb1_0.created_at,
        cb1_0.display_name,
        cb1_0.email,
        cb1_0.last_seen,
        cb1_0.online,
        cb1_0.password_hash,
        cb1_0.username,
        cr1_0.description,
        cr1_0.name 
    from
        chat_rooms cr1_0 
    left join
        users cb1_0 
            on cb1_0.id=cr1_0.created_by_id 
    where
        cr1_0.id=?
2026-05-04 15:17:35.470 [http-nio-8080-exec-5] DEBUG org.hibernate.SQL - 
    /* <criteria> */ select
        rm1_0.id,
        rm1_0.chat_room_id,
        rm1_0.joined_at,
        rm1_0.role,
        rm1_0.user_id 
    from
        room_memberships rm1_0 
    where
        rm1_0.user_id=? 
        and rm1_0.chat_room_id=?
2026-05-04 15:17:35.470 [http-nio-8080-exec-1] DEBUG org.hibernate.SQL - 
    /* <criteria> */ select
        rm1_0.id,
        rm1_0.chat_room_id,
        rm1_0.joined_at,
        rm1_0.role,
        rm1_0.user_id 
    from
        room_memberships rm1_0 
    where
        rm1_0.chat_room_id=?
2026-05-04 15:17:35.472 [http-nio-8080-exec-5] DEBUG org.hibernate.SQL - 
    select
        cr1_0.id,
        cr1_0.created_at,
        cb1_0.id,
        cb1_0.created_at,
        cb1_0.display_name,
        cb1_0.email,
        cb1_0.last_seen,
        cb1_0.online,
        cb1_0.password_hash,
        cb1_0.username,
        cr1_0.description,
        cr1_0.name 
    from
        chat_rooms cr1_0 
    left join
        users cb1_0 
            on cb1_0.id=cr1_0.created_by_id 
    where
        cr1_0.id=?
2026-05-04 15:17:35.472 [http-nio-8080-exec-1] DEBUG org.hibernate.SQL - 
    select
        cr1_0.id,
        cr1_0.created_at,
        cb1_0.id,
        cb1_0.created_at,
        cb1_0.display_name,
        cb1_0.email,
        cb1_0.last_seen,
        cb1_0.online,
        cb1_0.password_hash,
        cb1_0.username,
        cr1_0.description,
        cr1_0.name 
    from
        chat_rooms cr1_0 
    left join
        users cb1_0 
            on cb1_0.id=cr1_0.created_by_id 
    where
        cr1_0.id=?
2026-05-04 15:17:35.474 [http-nio-8080-exec-4] INFO  o.e.c.c.MessageHistoryController - Message history request for room ID: 2 by user: nyxx
2026-05-04 15:17:35.475 [http-nio-8080-exec-1] DEBUG o.e.chat.service.ChatRoomService - Found 1 members for chat room ID: 2
2026-05-04 15:17:35.475 [http-nio-8080-exec-5] DEBUG o.e.c.controller.ChatRoomController - Retrieved chat room: room for the dummy
2026-05-04 15:17:35.476 [http-nio-8080-exec-1] DEBUG o.e.c.controller.ChatRoomController - Retrieved 1 members for chat room ID: 2
2026-05-04 15:17:35.478 [http-nio-8080-exec-4] DEBUG org.hibernate.SQL - 
    /* <criteria> */ select
        u1_0.id,
        u1_0.created_at,
        u1_0.display_name,
        u1_0.email,
        u1_0.last_seen,
        u1_0.online,
        u1_0.password_hash,
        u1_0.username 
    from
        users u1_0 
    where
        u1_0.username=?
2026-05-04 15:17:35.483 [http-nio-8080-exec-4] DEBUG org.hibernate.SQL - 
    select
        cr1_0.id,
        cr1_0.created_at,
        cb1_0.id,
        cb1_0.created_at,
        cb1_0.display_name,
        cb1_0.email,
        cb1_0.last_seen,
        cb1_0.online,
        cb1_0.password_hash,
        cb1_0.username,
        cr1_0.description,
        cr1_0.name 
    from
        chat_rooms cr1_0 
    left join
        users cb1_0 
            on cb1_0.id=cr1_0.created_by_id 
    where
        cr1_0.id=?
2026-05-04 15:17:35.498 [http-nio-8080-exec-4] DEBUG org.hibernate.SQL - 
    /* <criteria> */ select
        rm1_0.id,
        rm1_0.chat_room_id,
        rm1_0.joined_at,
        rm1_0.role,
        rm1_0.user_id 
    from
        room_memberships rm1_0 
    where
        rm1_0.user_id=? 
        and rm1_0.chat_room_id=?
2026-05-04 15:17:35.503 [http-nio-8080-exec-4] DEBUG org.hibernate.SQL - 
    select
        cr1_0.id,
        cr1_0.created_at,
        cb1_0.id,
        cb1_0.created_at,
        cb1_0.display_name,
        cb1_0.email,
        cb1_0.last_seen,
        cb1_0.online,
        cb1_0.password_hash,
        cb1_0.username,
        cr1_0.description,
        cr1_0.name 
    from
        chat_rooms cr1_0 
    left join
        users cb1_0 
            on cb1_0.id=cr1_0.created_by_id 
    where
        cr1_0.id=?
2026-05-04 15:17:35.508 [http-nio-8080-exec-4] DEBUG o.e.c.c.MessageHistoryController - Membership validated for user ID: 2 in room ID: 2
2026-05-04 15:17:35.514 [clientInboundChannel-22] INFO  o.e.c.c.ChatMessageController - User: nyxx joining room: 2
2026-05-04 15:17:35.517 [clientInboundChannel-22] DEBUG org.hibernate.SQL - 
    /* <criteria> */ select
        u1_0.id,
        u1_0.created_at,
        u1_0.display_name,
        u1_0.email,
        u1_0.last_seen,
        u1_0.online,
        u1_0.password_hash,
        u1_0.username 
    from
        users u1_0 
    where
        u1_0.username=?
2026-05-04 15:17:35.517 [clientInboundChannel-21] INFO  o.e.c.c.ChatMessageController - User: nyxx joining room: 2
2026-05-04 15:17:35.519 [clientInboundChannel-21] DEBUG org.hibernate.SQL - 
    /* <criteria> */ select
        u1_0.id,
        u1_0.created_at,
        u1_0.display_name,
        u1_0.email,
        u1_0.last_seen,
        u1_0.online,
        u1_0.password_hash,
        u1_0.username 
    from
        users u1_0 
    where
        u1_0.username=?
2026-05-04 15:17:35.508 [http-nio-8080-exec-4] DEBUG o.e.chat.service.ChatMessageService - Retrieving message history for room ID: 2 with pagination: Page request [number: 0, size 50, sort: UNSORTED]
2026-05-04 15:17:35.521 [clientInboundChannel-14] INFO  o.e.c.c.ChatMessageController - User: nyxx leaving room: 2
2026-05-04 15:17:35.522 [http-nio-8080-exec-4] DEBUG org.hibernate.SQL - 
    select
        cr1_0.id,
        cr1_0.created_at,
        cb1_0.id,
        cb1_0.created_at,
        cb1_0.display_name,
        cb1_0.email,
        cb1_0.last_seen,
        cb1_0.online,
        cb1_0.password_hash,
        cb1_0.username,
        cr1_0.description,
        cr1_0.name 
    from
        chat_rooms cr1_0 
    left join
        users cb1_0 
            on cb1_0.id=cr1_0.created_by_id 
    where
        cr1_0.id=?
2026-05-04 15:17:35.525 [clientInboundChannel-21] INFO  o.e.chat.service.ChatRoomService - Adding user ID: 2 to chat room ID: 2 with role: null
2026-05-04 15:17:35.526 [clientInboundChannel-21] DEBUG o.e.chat.service.ChatRoomService - Retrieving chat room by ID: 2
2026-05-04 15:17:35.526 [clientInboundChannel-14] DEBUG org.hibernate.SQL - 
    /* <criteria> */ select
        u1_0.id,
        u1_0.created_at,
        u1_0.display_name,
        u1_0.email,
        u1_0.last_seen,
        u1_0.online,
        u1_0.password_hash,
        u1_0.username 
    from
        users u1_0 
    where
        u1_0.username=?
2026-05-04 15:17:35.527 [clientInboundChannel-21] DEBUG org.hibernate.SQL - 
    select
        cr1_0.id,
        cr1_0.created_at,
        cb1_0.id,
        cb1_0.created_at,
        cb1_0.display_name,
        cb1_0.email,
        cb1_0.last_seen,
        cb1_0.online,
        cb1_0.password_hash,
        cb1_0.username,
        cr1_0.description,
        cr1_0.name 
    from
        chat_rooms cr1_0 
    left join
        users cb1_0 
            on cb1_0.id=cr1_0.created_by_id 
    where
        cr1_0.id=?
2026-05-04 15:17:35.533 [clientInboundChannel-14] INFO  o.e.chat.service.ChatRoomService - Removing user ID: 2 from chat room ID: 2
2026-05-04 15:17:35.533 [clientInboundChannel-14] DEBUG o.e.chat.service.ChatRoomService - Retrieving chat room by ID: 2
2026-05-04 15:17:35.534 [clientInboundChannel-14] DEBUG org.hibernate.SQL - 
    select
        cr1_0.id,
        cr1_0.created_at,
        cb1_0.id,
        cb1_0.created_at,
        cb1_0.display_name,
        cb1_0.email,
        cb1_0.last_seen,
        cb1_0.online,
        cb1_0.password_hash,
        cb1_0.username,
        cr1_0.description,
        cr1_0.name 
    from
        chat_rooms cr1_0 
    left join
        users cb1_0 
            on cb1_0.id=cr1_0.created_by_id 
    where
        cr1_0.id=?
2026-05-04 15:17:35.539 [clientInboundChannel-21] DEBUG org.hibernate.SQL - 
    /* <criteria> */ select
        rm1_0.id,
        rm1_0.chat_room_id,
        rm1_0.joined_at,
        rm1_0.role,
        rm1_0.user_id 
    from
        room_memberships rm1_0 
    where
        rm1_0.user_id=? 
        and rm1_0.chat_room_id=?
2026-05-04 15:17:35.542 [clientInboundChannel-21] DEBUG o.e.chat.service.ChatRoomService - User 2 is already a member of room 2, returning existing membership
2026-05-04 15:17:35.544 [clientInboundChannel-22] INFO  o.e.chat.service.ChatRoomService - Adding user ID: 2 to chat room ID: 2 with role: null
2026-05-04 15:17:35.544 [clientInboundChannel-22] DEBUG o.e.chat.service.ChatRoomService - Retrieving chat room by ID: 2
2026-05-04 15:17:35.544 [clientInboundChannel-14] DEBUG org.hibernate.SQL - 
    /* <criteria> */ select
        rm1_0.id,
        rm1_0.chat_room_id,
        rm1_0.joined_at,
        rm1_0.role,
        rm1_0.user_id 
    from
        room_memberships rm1_0 
    where
        rm1_0.user_id=? 
        and rm1_0.chat_room_id=?
2026-05-04 15:17:35.546 [clientInboundChannel-22] DEBUG org.hibernate.SQL - 
    select
        cr1_0.id,
        cr1_0.created_at,
        cb1_0.id,
        cb1_0.created_at,
        cb1_0.display_name,
        cb1_0.email,
        cb1_0.last_seen,
        cb1_0.online,
        cb1_0.password_hash,
        cb1_0.username,
        cr1_0.description,
        cr1_0.name 
    from
        chat_rooms cr1_0 
    left join
        users cb1_0 
            on cb1_0.id=cr1_0.created_by_id 
    where
        cr1_0.id=?
2026-05-04 15:17:35.546 [clientInboundChannel-21] DEBUG o.e.chat.service.ChatRoomService - Retrieving chat room by ID: 2
2026-05-04 15:17:35.547 [clientInboundChannel-21] DEBUG org.hibernate.SQL - 
    select
        cr1_0.id,
        cr1_0.created_at,
        cb1_0.id,
        cb1_0.created_at,
        cb1_0.display_name,
        cb1_0.email,
        cb1_0.last_seen,
        cb1_0.online,
        cb1_0.password_hash,
        cb1_0.username,
        cr1_0.description,
        cr1_0.name 
    from
        chat_rooms cr1_0 
    left join
        users cb1_0 
            on cb1_0.id=cr1_0.created_by_id 
    where
        cr1_0.id=?
2026-05-04 15:17:35.553 [clientInboundChannel-14] DEBUG org.hibernate.SQL - 
    /* <criteria> */ select
        rm1_0.id,
        rm1_0.chat_room_id,
        rm1_0.joined_at,
        rm1_0.role,
        rm1_0.user_id 
    from
        room_memberships rm1_0 
    where
        rm1_0.user_id=? 
        and rm1_0.chat_room_id=?
2026-05-04 15:17:35.561 [clientInboundChannel-14] INFO  o.e.chat.service.ChatRoomService - Successfully removed user ID: 2 from chat room ID: 2
2026-05-04 15:17:35.566 [clientInboundChannel-14] DEBUG org.hibernate.SQL - 
    /* delete for org.example.chat.entity.RoomMembership */delete 
    from
        room_memberships 
    where
        id=?
2026-05-04 15:17:35.573 [clientInboundChannel-14] DEBUG o.e.chat.service.ChatRoomService - Retrieving chat room by ID: 2
2026-05-04 15:17:35.574 [clientInboundChannel-14] DEBUG org.hibernate.SQL - 
    select
        cr1_0.id,
        cr1_0.created_at,
        cb1_0.id,
        cb1_0.created_at,
        cb1_0.display_name,
        cb1_0.email,
        cb1_0.last_seen,
        cb1_0.online,
        cb1_0.password_hash,
        cb1_0.username,
        cr1_0.description,
        cr1_0.name 
    from
        chat_rooms cr1_0 
    left join
        users cb1_0 
            on cb1_0.id=cr1_0.created_by_id 
    where
        cr1_0.id=?
2026-05-04 15:17:35.585 [clientInboundChannel-22] DEBUG org.hibernate.SQL - 
    /* <criteria> */ select
        rm1_0.id,
        rm1_0.chat_room_id,
        rm1_0.joined_at,
        rm1_0.role,
        rm1_0.user_id 
    from
        room_memberships rm1_0 
    where
        rm1_0.user_id=? 
        and rm1_0.chat_room_id=?
2026-05-04 15:17:35.595 [clientInboundChannel-22] DEBUG org.hibernate.SQL - 
    /* insert for
        org.example.chat.entity.RoomMembership */insert 
    into
        room_memberships (chat_room_id, joined_at, role, user_id) 
    values
        (?, ?, ?, ?)
2026-05-04 15:17:35.609 [clientInboundChannel-22] INFO  o.e.chat.service.ChatRoomService - Successfully added user ID: 2 to chat room ID: 2
2026-05-04 15:17:35.614 [clientInboundChannel-14] INFO  o.e.c.c.ChatMessageController - User: nyxx successfully left room: 2
2026-05-04 15:17:35.614 [clientInboundChannel-21] INFO  o.e.c.c.ChatMessageController - User: nyxx successfully joined room: 2
2026-05-04 15:17:35.618 [clientInboundChannel-22] DEBUG o.e.chat.service.ChatRoomService - Retrieving chat room by ID: 2
2026-05-04 15:17:35.619 [http-nio-8080-exec-4] DEBUG org.hibernate.SQL - 
    /* <criteria> */ select
        m1_0.id,
        m1_0.chat_room_id,
        m1_0.content,
        m1_0.message_type,
        m1_0.sender_id,
        m1_0.timestamp 
    from
        messages m1_0 
    where
        m1_0.chat_room_id=? 
    order by
        m1_0.timestamp 
    fetch
        first ? rows only
2026-05-04 15:17:35.619 [clientInboundChannel-22] DEBUG org.hibernate.SQL - 
    select
        cr1_0.id,
        cr1_0.created_at,
        cb1_0.id,
        cb1_0.created_at,
        cb1_0.display_name,
        cb1_0.email,
        cb1_0.last_seen,
        cb1_0.online,
        cb1_0.password_hash,
        cb1_0.username,
        cr1_0.description,
        cr1_0.name 
    from
        chat_rooms cr1_0 
    left join
        users cb1_0 
            on cb1_0.id=cr1_0.created_by_id 
    where
        cr1_0.id=?
2026-05-04 15:17:35.627 [clientInboundChannel-22] INFO  o.e.c.c.ChatMessageController - User: nyxx successfully joined room: 2
2026-05-04 15:17:35.678 [http-nio-8080-exec-4] DEBUG o.e.chat.service.ChatMessageService - Retrieved 0 messages for room ID: 2
2026-05-04 15:17:35.680 [http-nio-8080-exec-4] INFO  o.e.c.c.MessageHistoryController - Retrieved 0 messages for room ID: 2
2026-05-04 15:17:35.795 [http-nio-8080-exec-9] DEBUG org.example.chat.security.JwtUtil - JWT token validated successfully
2026-05-04 15:17:35.798 [http-nio-8080-exec-9] DEBUG org.example.chat.security.JwtUtil - Extracted username from JWT token: nyxx
2026-05-04 15:17:35.801 [http-nio-8080-exec-9] DEBUG org.hibernate.SQL - 
    /* <criteria> */ select
        u1_0.id,
        u1_0.created_at,
        u1_0.display_name,
        u1_0.email,
        u1_0.last_seen,
        u1_0.online,
        u1_0.password_hash,
        u1_0.username 
    from
        users u1_0 
    where
        u1_0.username=?
2026-05-04 15:17:35.804 [http-nio-8080-exec-9] DEBUG o.e.c.s.JwtAuthenticationFilter - Set authentication for user: nyxx
2026-05-04 15:17:35.807 [http-nio-8080-exec-9] INFO  o.e.c.c.MessageHistoryController - Message history request for room ID: 2 by user: nyxx
2026-05-04 15:17:35.811 [http-nio-8080-exec-9] DEBUG org.hibernate.SQL - 
    /* <criteria> */ select
        u1_0.id,
        u1_0.created_at,
        u1_0.display_name,
        u1_0.email,
        u1_0.last_seen,
        u1_0.online,
        u1_0.password_hash,
        u1_0.username 
    from
        users u1_0 
    where
        u1_0.username=?
2026-05-04 15:17:35.814 [http-nio-8080-exec-9] DEBUG org.hibernate.SQL - 
    select
        cr1_0.id,
        cr1_0.created_at,
        cb1_0.id,
        cb1_0.created_at,
        cb1_0.display_name,
        cb1_0.email,
        cb1_0.last_seen,
        cb1_0.online,
        cb1_0.password_hash,
        cb1_0.username,
        cr1_0.description,
        cr1_0.name 
    from
        chat_rooms cr1_0 
    left join
        users cb1_0 
            on cb1_0.id=cr1_0.created_by_id 
    where
        cr1_0.id=?
2026-05-04 15:17:35.822 [http-nio-8080-exec-9] DEBUG org.hibernate.SQL - 
    /* <criteria> */ select
        rm1_0.id,
        rm1_0.chat_room_id,
        rm1_0.joined_at,
        rm1_0.role,
        rm1_0.user_id 
    from
        room_memberships rm1_0 
    where
        rm1_0.user_id=? 
        and rm1_0.chat_room_id=?
2026-05-04 15:17:35.825 [http-nio-8080-exec-9] DEBUG org.hibernate.SQL - 
    select
        cr1_0.id,
        cr1_0.created_at,
        cb1_0.id,
        cb1_0.created_at,
        cb1_0.display_name,
        cb1_0.email,
        cb1_0.last_seen,
        cb1_0.online,
        cb1_0.password_hash,
        cb1_0.username,
        cr1_0.description,
        cr1_0.name 
    from
        chat_rooms cr1_0 
    left join
        users cb1_0 
            on cb1_0.id=cr1_0.created_by_id 
    where
        cr1_0.id=?
2026-05-04 15:17:35.829 [http-nio-8080-exec-9] DEBUG o.e.c.c.MessageHistoryController - Membership validated for user ID: 2 in room ID: 2
2026-05-04 15:17:35.829 [http-nio-8080-exec-9] DEBUG o.e.chat.service.ChatMessageService - Retrieving message history for room ID: 2 with pagination: Page request [number: 0, size 50, sort: UNSORTED]
2026-05-04 15:17:35.830 [http-nio-8080-exec-9] DEBUG org.hibernate.SQL - 
    select
        cr1_0.id,
        cr1_0.created_at,
        cb1_0.id,
        cb1_0.created_at,
        cb1_0.display_name,
        cb1_0.email,
        cb1_0.last_seen,
        cb1_0.online,
        cb1_0.password_hash,
        cb1_0.username,
        cr1_0.description,
        cr1_0.name 
    from
        chat_rooms cr1_0 
    left join
        users cb1_0 
            on cb1_0.id=cr1_0.created_by_id 
    where
        cr1_0.id=?
2026-05-04 15:17:35.838 [http-nio-8080-exec-9] DEBUG org.hibernate.SQL - 
    /* <criteria> */ select
        m1_0.id,
        m1_0.chat_room_id,
        m1_0.content,
        m1_0.message_type,
        m1_0.sender_id,
        m1_0.timestamp 
    from
        messages m1_0 
    where
        m1_0.chat_room_id=? 
    order by
        m1_0.timestamp 
    fetch
        first ? rows only
2026-05-04 15:17:35.840 [http-nio-8080-exec-9] DEBUG o.e.chat.service.ChatMessageService - Retrieved 0 messages for room ID: 2
2026-05-04 15:17:35.841 [http-nio-8080-exec-9] INFO  o.e.c.c.MessageHistoryController - Retrieved 0 messages for room ID: 2
2026-05-04 15:17:40.903 [clientInboundChannel-26] INFO  o.e.c.c.ChatMessageController - Received message from user: nyxx for room: 2
2026-05-04 15:17:40.906 [clientInboundChannel-26] DEBUG org.hibernate.SQL - 
    /* <criteria> */ select
        u1_0.id,
        u1_0.created_at,
        u1_0.display_name,
        u1_0.email,
        u1_0.last_seen,
        u1_0.online,
        u1_0.password_hash,
        u1_0.username 
    from
        users u1_0 
    where
        u1_0.username=?
2026-05-04 15:17:40.910 [clientInboundChannel-26] INFO  o.e.chat.service.ChatMessageService - User ID: 2 attempting to send message to room ID: 2
2026-05-04 15:17:40.910 [clientInboundChannel-26] DEBUG org.hibernate.SQL - 
    select
        u1_0.id,
        u1_0.created_at,
        u1_0.display_name,
        u1_0.email,
        u1_0.last_seen,
        u1_0.online,
        u1_0.password_hash,
        u1_0.username 
    from
        users u1_0 
    where
        u1_0.id=?
2026-05-04 15:17:40.913 [clientInboundChannel-26] DEBUG org.hibernate.SQL - 
    select
        cr1_0.id,
        cr1_0.created_at,
        cb1_0.id,
        cb1_0.created_at,
        cb1_0.display_name,
        cb1_0.email,
        cb1_0.last_seen,
        cb1_0.online,
        cb1_0.password_hash,
        cb1_0.username,
        cr1_0.description,
        cr1_0.name 
    from
        chat_rooms cr1_0 
    left join
        users cb1_0 
            on cb1_0.id=cr1_0.created_by_id 
    where
        cr1_0.id=?
2026-05-04 15:17:40.917 [clientInboundChannel-26] DEBUG org.hibernate.SQL - 
    /* <criteria> */ select
        rm1_0.id,
        rm1_0.chat_room_id,
        rm1_0.joined_at,
        rm1_0.role,
        rm1_0.user_id 
    from
        room_memberships rm1_0 
    where
        rm1_0.user_id=? 
        and rm1_0.chat_room_id=?
2026-05-04 15:17:40.920 [clientInboundChannel-26] DEBUG o.e.chat.service.ChatMessageService - Membership validated for user ID: 2 in room ID: 2
2026-05-04 15:17:40.923 [clientInboundChannel-26] DEBUG org.hibernate.SQL - 
    /* insert for
        org.example.chat.entity.Message */insert 
    into
        messages (chat_room_id, content, message_type, sender_id, timestamp) 
    values
        (?, ?, ?, ?, ?)
2026-05-04 15:17:40.928 [clientInboundChannel-26] INFO  o.e.chat.service.ChatMessageService - Message persisted with ID: 6 in room ID: 2
2026-05-04 15:17:40.929 [clientInboundChannel-26] DEBUG o.e.chat.service.ChatMessageService - Broadcasting message ID: 6 to topic: /topic/room/2
2026-05-04 15:17:40.930 [clientInboundChannel-26] INFO  o.e.chat.service.ChatMessageService - Message ID: 6 successfully broadcast to topic: /topic/room/2
2026-05-04 15:17:40.931 [clientInboundChannel-26] INFO  o.e.c.c.ChatMessageController - Message sent successfully by user: nyxx to room: 2
2026-05-04 15:17:52.139 [http-nio-8080-exec-2] INFO  o.e.c.l.WebSocketEventListener - User disconnected: nics1928
2026-05-04 15:17:52.152 [http-nio-8080-exec-2] DEBUG org.hibernate.SQL - 
    /* <criteria> */ select
        u1_0.id,
        u1_0.created_at,
        u1_0.display_name,
        u1_0.email,
        u1_0.last_seen,
        u1_0.online,
        u1_0.password_hash,
        u1_0.username 
    from
        users u1_0 
    where
        u1_0.username=?
2026-05-04 15:17:52.190 [http-nio-8080-exec-2] INFO  o.e.chat.service.UserPresenceService - Marking user ID: 3 as offline
2026-05-04 15:17:52.201 [http-nio-8080-exec-2] DEBUG org.hibernate.SQL - 
    select
        u1_0.id,
        u1_0.created_at,
        u1_0.display_name,
        u1_0.email,
        u1_0.last_seen,
        u1_0.online,
        u1_0.password_hash,
        u1_0.username 
    from
        users u1_0 
    where
        u1_0.id=?
2026-05-04 15:17:52.220 [http-nio-8080-exec-2] INFO  o.e.chat.service.UserPresenceService - User ID: 3 marked as offline at 2026-05-04T15:17:52.212504900
2026-05-04 15:17:52.250 [http-nio-8080-exec-2] DEBUG o.e.chat.service.UserPresenceService - Publishing presence update for user ID: 3
2026-05-04 15:17:52.280 [http-nio-8080-exec-2] DEBUG org.hibernate.SQL - 
    /* <criteria> */ select
        rm1_0.id,
        rm1_0.chat_room_id,
        rm1_0.joined_at,
        rm1_0.role,
        rm1_0.user_id 
    from
        room_memberships rm1_0 
    where
        rm1_0.user_id=?
2026-05-04 15:17:52.292 [http-nio-8080-exec-2] INFO  o.e.chat.service.UserPresenceService - Presence updates published for user ID: 3 to 0 rooms
2026-05-04 15:17:52.318 [http-nio-8080-exec-2] DEBUG org.hibernate.SQL - 
    /* update
        for org.example.chat.entity.User */update users 
    set
        created_at=?,
        display_name=?,
        email=?,
        last_seen=?,
        online=?,
        password_hash=?,
        username=? 
    where
        id=?
2026-05-04 15:17:59.901 [http-nio-8080-exec-6] DEBUG org.example.chat.security.JwtUtil - JWT token validated successfully
2026-05-04 15:17:59.909 [http-nio-8080-exec-6] DEBUG org.example.chat.security.JwtUtil - Extracted username from JWT token: nics1928
2026-05-04 15:17:59.916 [http-nio-8080-exec-6] DEBUG org.hibernate.SQL - 
    /* <criteria> */ select
        u1_0.id,
        u1_0.created_at,
        u1_0.display_name,
        u1_0.email,
        u1_0.last_seen,
        u1_0.online,
        u1_0.password_hash,
        u1_0.username 
    from
        users u1_0 
    where
        u1_0.username=?
2026-05-04 15:17:59.932 [http-nio-8080-exec-6] DEBUG o.e.c.s.JwtAuthenticationFilter - Set authentication for user: nics1928
2026-05-04 15:17:59.955 [http-nio-8080-exec-6] DEBUG o.e.c.controller.ChatRoomController - Retrieving all chat rooms
2026-05-04 15:17:59.956 [http-nio-8080-exec-6] DEBUG o.e.chat.service.ChatRoomService - Retrieving all chat rooms
2026-05-04 15:17:59.971 [http-nio-8080-exec-3] DEBUG o.e.c.s.WebSocketAuthenticationInterceptor - Processing STOMP CONNECT frame
2026-05-04 15:17:59.978 [http-nio-8080-exec-6] DEBUG org.hibernate.SQL - 
    /* <criteria> */ select
        cr1_0.id,
        cr1_0.created_at,
        cr1_0.created_by_id,
        cr1_0.description,
        cr1_0.name 
    from
        chat_rooms cr1_0
2026-05-04 15:17:59.979 [http-nio-8080-exec-3] DEBUG org.example.chat.security.JwtUtil - JWT token validated successfully
2026-05-04 15:17:59.981 [http-nio-8080-exec-3] DEBUG org.example.chat.security.JwtUtil - Extracted username from JWT token: nics1928
2026-05-04 15:17:59.982 [http-nio-8080-exec-3] DEBUG o.e.c.s.WebSocketAuthenticationInterceptor - Extracted username from JWT: nics1928
2026-05-04 15:17:59.985 [http-nio-8080-exec-3] DEBUG org.hibernate.SQL - 
    /* <criteria> */ select
        u1_0.id,
        u1_0.created_at,
        u1_0.display_name,
        u1_0.email,
        u1_0.last_seen,
        u1_0.online,
        u1_0.password_hash,
        u1_0.username 
    from
        users u1_0 
    where
        u1_0.username=?
2026-05-04 15:17:59.990 [http-nio-8080-exec-3] INFO  o.e.c.s.WebSocketAuthenticationInterceptor - WebSocket connection authenticated for user: nics1928
2026-05-04 15:17:59.990 [http-nio-8080-exec-6] DEBUG org.hibernate.SQL - 
    select
        u1_0.id,
        u1_0.created_at,
        u1_0.display_name,
        u1_0.email,
        u1_0.last_seen,
        u1_0.online,
        u1_0.password_hash,
        u1_0.username 
    from
        users u1_0 
    where
        u1_0.id=?
2026-05-04 15:17:59.991 [http-nio-8080-exec-3] INFO  o.e.c.l.WebSocketEventListener - User connected: nics1928
2026-05-04 15:17:59.993 [http-nio-8080-exec-6] DEBUG org.hibernate.SQL - 
    select
        u1_0.id,
        u1_0.created_at,
        u1_0.display_name,
        u1_0.email,
        u1_0.last_seen,
        u1_0.online,
        u1_0.password_hash,
        u1_0.username 
    from
        users u1_0 
    where
        u1_0.id=?
2026-05-04 15:17:59.994 [http-nio-8080-exec-3] DEBUG org.hibernate.SQL - 
    /* <criteria> */ select
        u1_0.id,
        u1_0.created_at,
        u1_0.display_name,
        u1_0.email,
        u1_0.last_seen,
        u1_0.online,
        u1_0.password_hash,
        u1_0.username 
    from
        users u1_0 
    where
        u1_0.username=?
2026-05-04 15:17:59.996 [http-nio-8080-exec-3] INFO  o.e.chat.service.UserPresenceService - Marking user ID: 3 as online
2026-05-04 15:17:59.998 [http-nio-8080-exec-3] DEBUG org.hibernate.SQL - 
    select
        u1_0.id,
        u1_0.created_at,
        u1_0.display_name,
        u1_0.email,
        u1_0.last_seen,
        u1_0.online,
        u1_0.password_hash,
        u1_0.username 
    from
        users u1_0 
    where
        u1_0.id=?
2026-05-04 15:18:00.000 [http-nio-8080-exec-3] INFO  o.e.chat.service.UserPresenceService - User ID: 3 marked as online at 2026-05-04T15:17:59.999328300
2026-05-04 15:18:00.000 [http-nio-8080-exec-3] DEBUG o.e.chat.service.UserPresenceService - Publishing presence update for user ID: 3
2026-05-04 15:18:00.003 [http-nio-8080-exec-3] DEBUG org.hibernate.SQL - 
    /* <criteria> */ select
        rm1_0.id,
        rm1_0.chat_room_id,
        rm1_0.joined_at,
        rm1_0.role,
        rm1_0.user_id 
    from
        room_memberships rm1_0 
    where
        rm1_0.user_id=?
2026-05-04 15:18:00.003 [http-nio-8080-exec-6] DEBUG o.e.c.controller.ChatRoomController - Retrieved 2 chat rooms
2026-05-04 15:18:00.006 [http-nio-8080-exec-3] INFO  o.e.chat.service.UserPresenceService - Presence updates published for user ID: 3 to 0 rooms
2026-05-04 15:18:00.009 [http-nio-8080-exec-3] DEBUG org.hibernate.SQL - 
    /* update
        for org.example.chat.entity.User */update users 
    set
        created_at=?,
        display_name=?,
        email=?,
        last_seen=?,
        online=?,
        password_hash=?,
        username=? 
    where
        id=?
2026-05-04 15:18:00.205 [http-nio-8080-exec-5] DEBUG org.example.chat.security.JwtUtil - JWT token validated successfully
2026-05-04 15:18:00.211 [http-nio-8080-exec-5] DEBUG org.example.chat.security.JwtUtil - Extracted username from JWT token: nics1928
2026-05-04 15:18:00.214 [http-nio-8080-exec-5] DEBUG org.hibernate.SQL - 
    /* <criteria> */ select
        u1_0.id,
        u1_0.created_at,
        u1_0.display_name,
        u1_0.email,
        u1_0.last_seen,
        u1_0.online,
        u1_0.password_hash,
        u1_0.username 
    from
        users u1_0 
    where
        u1_0.username=?
2026-05-04 15:18:00.217 [http-nio-8080-exec-5] DEBUG o.e.c.s.JwtAuthenticationFilter - Set authentication for user: nics1928
2026-05-04 15:18:00.220 [http-nio-8080-exec-5] DEBUG o.e.c.controller.ChatRoomController - Retrieving all chat rooms
2026-05-04 15:18:00.220 [http-nio-8080-exec-5] DEBUG o.e.chat.service.ChatRoomService - Retrieving all chat rooms
2026-05-04 15:18:00.224 [http-nio-8080-exec-5] DEBUG org.hibernate.SQL - 
    /* <criteria> */ select
        cr1_0.id,
        cr1_0.created_at,
        cr1_0.created_by_id,
        cr1_0.description,
        cr1_0.name 
    from
        chat_rooms cr1_0
2026-05-04 15:18:00.229 [http-nio-8080-exec-5] DEBUG org.hibernate.SQL - 
    select
        u1_0.id,
        u1_0.created_at,
        u1_0.display_name,
        u1_0.email,
        u1_0.last_seen,
        u1_0.online,
        u1_0.password_hash,
        u1_0.username 
    from
        users u1_0 
    where
        u1_0.id=?
2026-05-04 15:18:00.233 [http-nio-8080-exec-5] DEBUG org.hibernate.SQL - 
    select
        u1_0.id,
        u1_0.created_at,
        u1_0.display_name,
        u1_0.email,
        u1_0.last_seen,
        u1_0.online,
        u1_0.password_hash,
        u1_0.username 
    from
        users u1_0 
    where
        u1_0.id=?
2026-05-04 15:18:00.235 [http-nio-8080-exec-5] DEBUG o.e.c.controller.ChatRoomController - Retrieved 2 chat rooms
2026-05-04 15:18:00.473 [http-nio-8080-exec-2] DEBUG org.example.chat.security.JwtUtil - JWT token validated successfully
2026-05-04 15:18:00.473 [http-nio-8080-exec-10] DEBUG org.example.chat.security.JwtUtil - JWT token validated successfully
2026-05-04 15:18:00.474 [http-nio-8080-exec-2] DEBUG org.example.chat.security.JwtUtil - Extracted username from JWT token: nics1928
2026-05-04 15:18:00.475 [http-nio-8080-exec-10] DEBUG org.example.chat.security.JwtUtil - Extracted username from JWT token: nics1928
2026-05-04 15:18:00.488 [http-nio-8080-exec-2] DEBUG org.hibernate.SQL - 
    /* <criteria> */ select
        u1_0.id,
        u1_0.created_at,
        u1_0.display_name,
        u1_0.email,
        u1_0.last_seen,
        u1_0.online,
        u1_0.password_hash,
        u1_0.username 
    from
        users u1_0 
    where
        u1_0.username=?
2026-05-04 15:18:00.490 [http-nio-8080-exec-2] DEBUG o.e.c.s.JwtAuthenticationFilter - Set authentication for user: nics1928
2026-05-04 15:18:00.495 [http-nio-8080-exec-10] DEBUG org.hibernate.SQL - 
    /* <criteria> */ select
        u1_0.id,
        u1_0.created_at,
        u1_0.display_name,
        u1_0.email,
        u1_0.last_seen,
        u1_0.online,
        u1_0.password_hash,
        u1_0.username 
    from
        users u1_0 
    where
        u1_0.username=?
2026-05-04 15:18:00.497 [http-nio-8080-exec-10] DEBUG o.e.c.s.JwtAuthenticationFilter - Set authentication for user: nics1928
2026-05-04 15:18:00.506 [http-nio-8080-exec-10] DEBUG o.e.chat.controller.FriendController - Listing friend requests for nics1928
2026-05-04 15:18:00.506 [http-nio-8080-exec-2] DEBUG o.e.chat.controller.FriendController - Listing friends for nics1928
2026-05-04 15:18:00.518 [http-nio-8080-exec-2] DEBUG org.hibernate.SQL - 
    /* <criteria> */ select
        u1_0.id,
        u1_0.created_at,
        u1_0.display_name,
        u1_0.email,
        u1_0.last_seen,
        u1_0.online,
        u1_0.password_hash,
        u1_0.username 
    from
        users u1_0 
    where
        u1_0.username=?
2026-05-04 15:18:00.518 [http-nio-8080-exec-10] DEBUG org.hibernate.SQL - 
    /* <criteria> */ select
        u1_0.id,
        u1_0.created_at,
        u1_0.display_name,
        u1_0.email,
        u1_0.last_seen,
        u1_0.online,
        u1_0.password_hash,
        u1_0.username 
    from
        users u1_0 
    where
        u1_0.username=?
2026-05-04 15:18:00.561 [http-nio-8080-exec-2] DEBUG org.hibernate.SQL - 
    /* <criteria> */ select
        f1_0.id,
        f1_0.created_at,
        f1_0.user_a_id,
        f1_0.user_b_id 
    from
        friendships f1_0 
    where
        f1_0.user_a_id=? 
        or f1_0.user_b_id=?
2026-05-04 15:18:00.568 [http-nio-8080-exec-10] DEBUG org.hibernate.SQL - 
    /* <criteria> */ select
        fr1_0.id,
        fr1_0.created_at,
        fr1_0.recipient_id,
        fr1_0.requester_id,
        fr1_0.responded_at,
        fr1_0.status 
    from
        friend_requests fr1_0 
    where
        fr1_0.recipient_id=? 
        and fr1_0.status=?
2026-05-04 15:18:00.579 [http-nio-8080-exec-2] DEBUG org.hibernate.SQL - 
    select
        u1_0.id,
        u1_0.created_at,
        u1_0.display_name,
        u1_0.email,
        u1_0.last_seen,
        u1_0.online,
        u1_0.password_hash,
        u1_0.username 
    from
        users u1_0 
    where
        u1_0.id=?
2026-05-04 15:18:00.583 [http-nio-8080-exec-10] DEBUG org.hibernate.SQL - 
    /* <criteria> */ select
        fr1_0.id,
        fr1_0.created_at,
        fr1_0.recipient_id,
        fr1_0.requester_id,
        fr1_0.responded_at,
        fr1_0.status 
    from
        friend_requests fr1_0 
    where
        fr1_0.requester_id=? 
        and fr1_0.status=?
2026-05-04 15:18:00.594 [http-nio-8080-exec-2] DEBUG org.hibernate.SQL - 
    select
        u1_0.id,
        u1_0.created_at,
        u1_0.display_name,
        u1_0.email,
        u1_0.last_seen,
        u1_0.online,
        u1_0.password_hash,
        u1_0.username 
    from
        users u1_0 
    where
        u1_0.id=?
2026-05-04 15:18:00.695 [http-nio-8080-exec-8] DEBUG org.example.chat.security.JwtUtil - JWT token validated successfully
2026-05-04 15:18:00.702 [http-nio-8080-exec-8] DEBUG org.example.chat.security.JwtUtil - Extracted username from JWT token: nics1928
2026-05-04 15:18:00.711 [http-nio-8080-exec-8] DEBUG org.hibernate.SQL - 
    /* <criteria> */ select
        u1_0.id,
        u1_0.created_at,
        u1_0.display_name,
        u1_0.email,
        u1_0.last_seen,
        u1_0.online,
        u1_0.password_hash,
        u1_0.username 
    from
        users u1_0 
    where
        u1_0.username=?
2026-05-04 15:18:00.795 [http-nio-8080-exec-8] DEBUG o.e.c.s.JwtAuthenticationFilter - Set authentication for user: nics1928
2026-05-04 15:18:00.800 [http-nio-8080-exec-8] DEBUG o.e.chat.controller.FriendController - Listing friend requests for nics1928
2026-05-04 15:18:00.815 [http-nio-8080-exec-8] DEBUG org.hibernate.SQL - 
    /* <criteria> */ select
        u1_0.id,
        u1_0.created_at,
        u1_0.display_name,
        u1_0.email,
        u1_0.last_seen,
        u1_0.online,
        u1_0.password_hash,
        u1_0.username 
    from
        users u1_0 
    where
        u1_0.username=?
2026-05-04 15:18:00.826 [http-nio-8080-exec-8] DEBUG org.hibernate.SQL - 
    /* <criteria> */ select
        fr1_0.id,
        fr1_0.created_at,
        fr1_0.recipient_id,
        fr1_0.requester_id,
        fr1_0.responded_at,
        fr1_0.status 
    from
        friend_requests fr1_0 
    where
        fr1_0.recipient_id=? 
        and fr1_0.status=?
2026-05-04 15:18:00.915 [http-nio-8080-exec-7] DEBUG org.example.chat.security.JwtUtil - JWT token validated successfully
2026-05-04 15:18:00.926 [http-nio-8080-exec-7] DEBUG org.example.chat.security.JwtUtil - Extracted username from JWT token: nics1928
2026-05-04 15:18:00.928 [http-nio-8080-exec-7] DEBUG org.hibernate.SQL - 
    /* <criteria> */ select
        u1_0.id,
        u1_0.created_at,
        u1_0.display_name,
        u1_0.email,
        u1_0.last_seen,
        u1_0.online,
        u1_0.password_hash,
        u1_0.username 
    from
        users u1_0 
    where
        u1_0.username=?
2026-05-04 15:18:00.930 [http-nio-8080-exec-7] DEBUG o.e.c.s.JwtAuthenticationFilter - Set authentication for user: nics1928
2026-05-04 15:18:00.934 [http-nio-8080-exec-7] DEBUG o.e.chat.controller.FriendController - Listing friends for nics1928
2026-05-04 15:18:00.937 [http-nio-8080-exec-7] DEBUG org.hibernate.SQL - 
    /* <criteria> */ select
        u1_0.id,
        u1_0.created_at,
        u1_0.display_name,
        u1_0.email,
        u1_0.last_seen,
        u1_0.online,
        u1_0.password_hash,
        u1_0.username 
    from
        users u1_0 
    where
        u1_0.username=?
2026-05-04 15:18:00.945 [http-nio-8080-exec-7] DEBUG org.hibernate.SQL - 
    /* <criteria> */ select
        f1_0.id,
        f1_0.created_at,
        f1_0.user_a_id,
        f1_0.user_b_id 
    from
        friendships f1_0 
    where
        f1_0.user_a_id=? 
        or f1_0.user_b_id=?
2026-05-04 15:18:00.968 [http-nio-8080-exec-7] DEBUG org.hibernate.SQL - 
    select
        u1_0.id,
        u1_0.created_at,
        u1_0.display_name,
        u1_0.email,
        u1_0.last_seen,
        u1_0.online,
        u1_0.password_hash,
        u1_0.username 
    from
        users u1_0 
    where
        u1_0.id=?
2026-05-04 15:18:00.971 [http-nio-8080-exec-7] DEBUG org.hibernate.SQL - 
    select
        u1_0.id,
        u1_0.created_at,
        u1_0.display_name,
        u1_0.email,
        u1_0.last_seen,
        u1_0.online,
        u1_0.password_hash,
        u1_0.username 
    from
        users u1_0 
    where
        u1_0.id=?
2026-05-04 15:18:01.013 [http-nio-8080-exec-8] DEBUG org.hibernate.SQL - 
    /* <criteria> */ select
        fr1_0.id,
        fr1_0.created_at,
        fr1_0.recipient_id,
        fr1_0.requester_id,
        fr1_0.responded_at,
        fr1_0.status 
    from
        friend_requests fr1_0 
    where
        fr1_0.requester_id=? 
        and fr1_0.status=?
2026-05-04 15:18:09.209 [clientInboundChannel-19] INFO  o.e.c.c.ChatMessageController - User: nics1928 joining room: 2
2026-05-04 15:18:09.209 [clientInboundChannel-25] INFO  o.e.c.c.ChatMessageController - User: nics1928 leaving room: 2
2026-05-04 15:18:09.209 [clientInboundChannel-14] INFO  o.e.c.c.ChatMessageController - User: nics1928 joining room: 2
2026-05-04 15:18:09.406 [clientInboundChannel-14] DEBUG org.hibernate.SQL - 
    /* <criteria> */ select
        u1_0.id,
        u1_0.created_at,
        u1_0.display_name,
        u1_0.email,
        u1_0.last_seen,
        u1_0.online,
        u1_0.password_hash,
        u1_0.username 
    from
        users u1_0 
    where
        u1_0.username=?
2026-05-04 15:18:09.407 [clientInboundChannel-19] DEBUG org.hibernate.SQL - 
    /* <criteria> */ select
        u1_0.id,
        u1_0.created_at,
        u1_0.display_name,
        u1_0.email,
        u1_0.last_seen,
        u1_0.online,
        u1_0.password_hash,
        u1_0.username 
    from
        users u1_0 
    where
        u1_0.username=?
2026-05-04 15:18:09.407 [clientInboundChannel-25] DEBUG org.hibernate.SQL - 
    /* <criteria> */ select
        u1_0.id,
        u1_0.created_at,
        u1_0.display_name,
        u1_0.email,
        u1_0.last_seen,
        u1_0.online,
        u1_0.password_hash,
        u1_0.username 
    from
        users u1_0 
    where
        u1_0.username=?
2026-05-04 15:18:09.524 [clientInboundChannel-25] INFO  o.e.chat.service.ChatRoomService - Removing user ID: 3 from chat room ID: 2
2026-05-04 15:18:09.524 [clientInboundChannel-14] INFO  o.e.chat.service.ChatRoomService - Adding user ID: 3 to chat room ID: 2 with role: null
2026-05-04 15:18:09.525 [clientInboundChannel-19] INFO  o.e.chat.service.ChatRoomService - Adding user ID: 3 to chat room ID: 2 with role: null
2026-05-04 15:18:09.527 [clientInboundChannel-14] DEBUG o.e.chat.service.ChatRoomService - Retrieving chat room by ID: 2
2026-05-04 15:18:09.527 [clientInboundChannel-19] DEBUG o.e.chat.service.ChatRoomService - Retrieving chat room by ID: 2
2026-05-04 15:18:09.527 [clientInboundChannel-25] DEBUG o.e.chat.service.ChatRoomService - Retrieving chat room by ID: 2
2026-05-04 15:18:09.583 [clientInboundChannel-19] DEBUG org.hibernate.SQL - 
    select
        cr1_0.id,
        cr1_0.created_at,
        cb1_0.id,
        cb1_0.created_at,
        cb1_0.display_name,
        cb1_0.email,
        cb1_0.last_seen,
        cb1_0.online,
        cb1_0.password_hash,
        cb1_0.username,
        cr1_0.description,
        cr1_0.name 
    from
        chat_rooms cr1_0 
    left join
        users cb1_0 
            on cb1_0.id=cr1_0.created_by_id 
    where
        cr1_0.id=?
2026-05-04 15:18:09.584 [clientInboundChannel-25] DEBUG org.hibernate.SQL - 
    select
        cr1_0.id,
        cr1_0.created_at,
        cb1_0.id,
        cb1_0.created_at,
        cb1_0.display_name,
        cb1_0.email,
        cb1_0.last_seen,
        cb1_0.online,
        cb1_0.password_hash,
        cb1_0.username,
        cr1_0.description,
        cr1_0.name 
    from
        chat_rooms cr1_0 
    left join
        users cb1_0 
            on cb1_0.id=cr1_0.created_by_id 
    where
        cr1_0.id=?
2026-05-04 15:18:09.583 [clientInboundChannel-14] DEBUG org.hibernate.SQL - 
    select
        cr1_0.id,
        cr1_0.created_at,
        cb1_0.id,
        cb1_0.created_at,
        cb1_0.display_name,
        cb1_0.email,
        cb1_0.last_seen,
        cb1_0.online,
        cb1_0.password_hash,
        cb1_0.username,
        cr1_0.description,
        cr1_0.name 
    from
        chat_rooms cr1_0 
    left join
        users cb1_0 
            on cb1_0.id=cr1_0.created_by_id 
    where
        cr1_0.id=?
2026-05-04 15:18:09.610 [clientInboundChannel-14] DEBUG org.hibernate.SQL - 
    select
        u1_0.id,
        u1_0.created_at,
        u1_0.display_name,
        u1_0.email,
        u1_0.last_seen,
        u1_0.online,
        u1_0.password_hash,
        u1_0.username 
    from
        users u1_0 
    where
        u1_0.id=?
2026-05-04 15:18:09.618 [clientInboundChannel-19] DEBUG org.hibernate.SQL - 
    select
        u1_0.id,
        u1_0.created_at,
        u1_0.display_name,
        u1_0.email,
        u1_0.last_seen,
        u1_0.online,
        u1_0.password_hash,
        u1_0.username 
    from
        users u1_0 
    where
        u1_0.id=?
2026-05-04 15:18:09.625 [clientInboundChannel-25] DEBUG org.hibernate.SQL - 
    select
        u1_0.id,
        u1_0.created_at,
        u1_0.display_name,
        u1_0.email,
        u1_0.last_seen,
        u1_0.online,
        u1_0.password_hash,
        u1_0.username 
    from
        users u1_0 
    where
        u1_0.id=?
2026-05-04 15:18:09.692 [clientInboundChannel-14] DEBUG org.hibernate.SQL - 
    /* <criteria> */ select
        rm1_0.id,
        rm1_0.chat_room_id,
        rm1_0.joined_at,
        rm1_0.role,
        rm1_0.user_id 
    from
        room_memberships rm1_0 
    where
        rm1_0.user_id=? 
        and rm1_0.chat_room_id=?
2026-05-04 15:18:09.692 [clientInboundChannel-25] DEBUG org.hibernate.SQL - 
    /* <criteria> */ select
        rm1_0.id,
        rm1_0.chat_room_id,
        rm1_0.joined_at,
        rm1_0.role,
        rm1_0.user_id 
    from
        room_memberships rm1_0 
    where
        rm1_0.user_id=? 
        and rm1_0.chat_room_id=?
2026-05-04 15:18:09.692 [clientInboundChannel-19] DEBUG org.hibernate.SQL - 
    /* <criteria> */ select
        rm1_0.id,
        rm1_0.chat_room_id,
        rm1_0.joined_at,
        rm1_0.role,
        rm1_0.user_id 
    from
        room_memberships rm1_0 
    where
        rm1_0.user_id=? 
        and rm1_0.chat_room_id=?
2026-05-04 15:18:09.715 [clientInboundChannel-25] WARN  o.e.chat.service.ChatRoomService - Remove member failed: user 3 is not a member of room 2
2026-05-04 15:18:09.759 [clientInboundChannel-19] DEBUG org.hibernate.SQL - 
    /* insert for
        org.example.chat.entity.RoomMembership */insert 
    into
        room_memberships (chat_room_id, joined_at, role, user_id) 
    values
        (?, ?, ?, ?)
2026-05-04 15:18:09.759 [clientInboundChannel-14] DEBUG org.hibernate.SQL - 
    /* insert for
        org.example.chat.entity.RoomMembership */insert 
    into
        room_memberships (chat_room_id, joined_at, role, user_id) 
    values
        (?, ?, ?, ?)
2026-05-04 15:18:09.829 [clientInboundChannel-19] INFO  o.e.chat.service.ChatRoomService - Successfully added user ID: 3 to chat room ID: 2
2026-05-04 15:18:09.835 [clientInboundChannel-19] DEBUG o.e.chat.service.ChatRoomService - Retrieving chat room by ID: 2
2026-05-04 15:18:09.838 [clientInboundChannel-19] DEBUG org.hibernate.SQL - 
    select
        cr1_0.id,
        cr1_0.created_at,
        cb1_0.id,
        cb1_0.created_at,
        cb1_0.display_name,
        cb1_0.email,
        cb1_0.last_seen,
        cb1_0.online,
        cb1_0.password_hash,
        cb1_0.username,
        cr1_0.description,
        cr1_0.name 
    from
        chat_rooms cr1_0 
    left join
        users cb1_0 
            on cb1_0.id=cr1_0.created_by_id 
    where
        cr1_0.id=?
2026-05-04 15:18:09.867 [clientInboundChannel-19] INFO  o.e.c.c.ChatMessageController - User: nics1928 successfully joined room: 2
2026-05-04 15:18:10.418 [http-nio-8080-exec-4] DEBUG org.example.chat.security.JwtUtil - JWT token validated successfully
2026-05-04 15:18:10.418 [http-nio-8080-exec-10] DEBUG org.example.chat.security.JwtUtil - JWT token validated successfully
2026-05-04 15:18:10.418 [http-nio-8080-exec-9] DEBUG org.example.chat.security.JwtUtil - JWT token validated successfully
2026-05-04 15:18:10.420 [http-nio-8080-exec-4] DEBUG org.example.chat.security.JwtUtil - Extracted username from JWT token: nics1928
2026-05-04 15:18:10.420 [http-nio-8080-exec-10] DEBUG org.example.chat.security.JwtUtil - Extracted username from JWT token: nics1928
2026-05-04 15:18:10.421 [http-nio-8080-exec-9] DEBUG org.example.chat.security.JwtUtil - Extracted username from JWT token: nics1928
2026-05-04 15:18:10.426 [http-nio-8080-exec-4] DEBUG org.hibernate.SQL - 
    /* <criteria> */ select
        u1_0.id,
        u1_0.created_at,
        u1_0.display_name,
        u1_0.email,
        u1_0.last_seen,
        u1_0.online,
        u1_0.password_hash,
        u1_0.username 
    from
        users u1_0 
    where
        u1_0.username=?
2026-05-04 15:18:10.426 [http-nio-8080-exec-9] DEBUG org.hibernate.SQL - 
    /* <criteria> */ select
        u1_0.id,
        u1_0.created_at,
        u1_0.display_name,
        u1_0.email,
        u1_0.last_seen,
        u1_0.online,
        u1_0.password_hash,
        u1_0.username 
    from
        users u1_0 
    where
        u1_0.username=?
2026-05-04 15:18:10.432 [http-nio-8080-exec-4] DEBUG o.e.c.s.JwtAuthenticationFilter - Set authentication for user: nics1928
2026-05-04 15:18:10.432 [http-nio-8080-exec-10] DEBUG org.hibernate.SQL - 
    /* <criteria> */ select
        u1_0.id,
        u1_0.created_at,
        u1_0.display_name,
        u1_0.email,
        u1_0.last_seen,
        u1_0.online,
        u1_0.password_hash,
        u1_0.username 
    from
        users u1_0 
    where
        u1_0.username=?
2026-05-04 15:18:10.435 [http-nio-8080-exec-9] DEBUG o.e.c.s.JwtAuthenticationFilter - Set authentication for user: nics1928
2026-05-04 15:18:10.435 [http-nio-8080-exec-10] DEBUG o.e.c.s.JwtAuthenticationFilter - Set authentication for user: nics1928
2026-05-04 15:18:09.988 [clientInboundChannel-25] ERROR o.e.c.c.ChatMessageController - Error processing STOMP message for user: nics1928
java.lang.IllegalArgumentException: User is not a member of this room
	at org.example.chat.service.ChatRoomService.removeMember(ChatRoomService.java:208)
	at java.base/jdk.internal.reflect.NativeMethodAccessorImpl.invoke0(Native Method)
	at java.base/jdk.internal.reflect.NativeMethodAccessorImpl.invoke(NativeMethodAccessorImpl.java:77)
	at java.base/jdk.internal.reflect.DelegatingMethodAccessorImpl.invoke(DelegatingMethodAccessorImpl.java:43)
	at java.base/java.lang.reflect.Method.invoke(Method.java:569)
	at org.springframework.aop.support.AopUtils.invokeJoinpointUsingReflection(AopUtils.java:360)
	at org.springframework.aop.framework.ReflectiveMethodInvocation.invokeJoinpoint(ReflectiveMethodInvocation.java:196)
	at org.springframework.aop.framework.ReflectiveMethodInvocation.proceed(ReflectiveMethodInvocation.java:163)
	at org.springframework.transaction.interceptor.TransactionAspectSupport.invokeWithinTransaction(TransactionAspectSupport.java:380)
	at org.springframework.transaction.interceptor.TransactionInterceptor.invoke(TransactionInterceptor.java:119)
	at org.springframework.aop.framework.ReflectiveMethodInvocation.proceed(ReflectiveMethodInvocation.java:184)
	at org.springframework.aop.framework.CglibAopProxy$DynamicAdvisedInterceptor.intercept(CglibAopProxy.java:728)
	at org.example.chat.service.ChatRoomService$$SpringCGLIB$$0.removeMember(<generated>)
	at org.example.chat.controller.ChatMessageController.leaveRoom(ChatMessageController.java:134)
	at java.base/jdk.internal.reflect.NativeMethodAccessorImpl.invoke0(Native Method)
	at java.base/jdk.internal.reflect.NativeMethodAccessorImpl.invoke(NativeMethodAccessorImpl.java:77)
	at java.base/jdk.internal.reflect.DelegatingMethodAccessorImpl.invoke(DelegatingMethodAccessorImpl.java:43)
	at java.base/java.lang.reflect.Method.invoke(Method.java:569)
	at org.springframework.messaging.handler.invocation.InvocableHandlerMethod.doInvoke(InvocableHandlerMethod.java:169)
	at org.springframework.messaging.handler.invocation.InvocableHandlerMethod.invoke(InvocableHandlerMethod.java:119)
	at org.springframework.messaging.handler.invocation.AbstractMethodMessageHandler.handleMatch(AbstractMethodMessageHandler.java:568)
	at org.springframework.messaging.simp.annotation.support.SimpAnnotationMethodMessageHandler.handleMatch(SimpAnnotationMethodMessageHandler.java:530)
	at org.springframework.messaging.simp.annotation.support.SimpAnnotationMethodMessageHandler.handleMatch(SimpAnnotationMethodMessageHandler.java:93)
	at org.springframework.messaging.handler.invocation.AbstractMethodMessageHandler.handleMessageInternal(AbstractMethodMessageHandler.java:522)
	at org.springframework.messaging.handler.invocation.AbstractMethodMessageHandler.handleMessage(AbstractMethodMessageHandler.java:457)
	at org.springframework.messaging.support.ExecutorSubscribableChannel$SendTask.run(ExecutorSubscribableChannel.java:152)
	at java.base/java.util.concurrent.ThreadPoolExecutor.runWorker(ThreadPoolExecutor.java:1136)
	at java.base/java.util.concurrent.ThreadPoolExecutor$Worker.run(ThreadPoolExecutor.java:635)
	at java.base/java.lang.Thread.run(Thread.java:840)
2026-05-04 15:18:10.479 [http-nio-8080-exec-10] DEBUG o.e.c.controller.ChatRoomController - Retrieving members for chat room ID: 2
2026-05-04 15:18:10.479 [http-nio-8080-exec-10] DEBUG o.e.chat.service.ChatRoomService - Retrieving members for chat room ID: 2
2026-05-04 15:18:10.479 [http-nio-8080-exec-10] DEBUG o.e.chat.service.ChatRoomService - Retrieving chat room by ID: 2
2026-05-04 15:18:10.479 [http-nio-8080-exec-9] DEBUG o.e.c.controller.ChatRoomController - Retrieving chat room with ID: 2
2026-05-04 15:18:10.481 [http-nio-8080-exec-10] DEBUG org.hibernate.SQL - 
    select
        cr1_0.id,
        cr1_0.created_at,
        cb1_0.id,
        cb1_0.created_at,
        cb1_0.display_name,
        cb1_0.email,
        cb1_0.last_seen,
        cb1_0.online,
        cb1_0.password_hash,
        cb1_0.username,
        cr1_0.description,
        cr1_0.name 
    from
        chat_rooms cr1_0 
    left join
        users cb1_0 
            on cb1_0.id=cr1_0.created_by_id 
    where
        cr1_0.id=?
2026-05-04 15:18:10.484 [http-nio-8080-exec-9] DEBUG org.hibernate.SQL - 
    /* <criteria> */ select
        u1_0.id,
        u1_0.created_at,
        u1_0.display_name,
        u1_0.email,
        u1_0.last_seen,
        u1_0.online,
        u1_0.password_hash,
        u1_0.username 
    from
        users u1_0 
    where
        u1_0.username=?
2026-05-04 15:18:10.487 [http-nio-8080-exec-9] DEBUG o.e.chat.service.ChatRoomService - Retrieving chat room by ID: 2
2026-05-04 15:18:10.488 [http-nio-8080-exec-9] DEBUG org.hibernate.SQL - 
    select
        cr1_0.id,
        cr1_0.created_at,
        cb1_0.id,
        cb1_0.created_at,
        cb1_0.display_name,
        cb1_0.email,
        cb1_0.last_seen,
        cb1_0.online,
        cb1_0.password_hash,
        cb1_0.username,
        cr1_0.description,
        cr1_0.name 
    from
        chat_rooms cr1_0 
    left join
        users cb1_0 
            on cb1_0.id=cr1_0.created_by_id 
    where
        cr1_0.id=?
2026-05-04 15:18:10.489 [http-nio-8080-exec-4] INFO  o.e.c.c.MessageHistoryController - Message history request for room ID: 2 by user: nics1928
2026-05-04 15:18:10.499 [http-nio-8080-exec-9] DEBUG org.hibernate.SQL - 
    /* <criteria> */ select
        rm1_0.id,
        rm1_0.chat_room_id,
        rm1_0.joined_at,
        rm1_0.role,
        rm1_0.user_id 
    from
        room_memberships rm1_0 
    where
        rm1_0.user_id=? 
        and rm1_0.chat_room_id=?
2026-05-04 15:18:10.502 [http-nio-8080-exec-4] DEBUG org.hibernate.SQL - 
    /* <criteria> */ select
        u1_0.id,
        u1_0.created_at,
        u1_0.display_name,
        u1_0.email,
        u1_0.last_seen,
        u1_0.online,
        u1_0.password_hash,
        u1_0.username 
    from
        users u1_0 
    where
        u1_0.username=?
2026-05-04 15:18:10.502 [http-nio-8080-exec-10] DEBUG org.hibernate.SQL - 
    /* <criteria> */ select
        rm1_0.id,
        rm1_0.chat_room_id,
        rm1_0.joined_at,
        rm1_0.role,
        rm1_0.user_id 
    from
        room_memberships rm1_0 
    where
        rm1_0.chat_room_id=?
2026-05-04 15:18:10.502 [http-nio-8080-exec-9] DEBUG org.hibernate.SQL - 
    select
        cr1_0.id,
        cr1_0.created_at,
        cb1_0.id,
        cb1_0.created_at,
        cb1_0.display_name,
        cb1_0.email,
        cb1_0.last_seen,
        cb1_0.online,
        cb1_0.password_hash,
        cb1_0.username,
        cr1_0.description,
        cr1_0.name 
    from
        chat_rooms cr1_0 
    left join
        users cb1_0 
            on cb1_0.id=cr1_0.created_by_id 
    where
        cr1_0.id=?
2026-05-04 15:18:10.504 [http-nio-8080-exec-9] DEBUG org.hibernate.SQL - 
    select
        u1_0.id,
        u1_0.created_at,
        u1_0.display_name,
        u1_0.email,
        u1_0.last_seen,
        u1_0.online,
        u1_0.password_hash,
        u1_0.username 
    from
        users u1_0 
    where
        u1_0.id=?
2026-05-04 15:18:10.504 [http-nio-8080-exec-4] DEBUG org.hibernate.SQL - 
    select
        cr1_0.id,
        cr1_0.created_at,
        cb1_0.id,
        cb1_0.created_at,
        cb1_0.display_name,
        cb1_0.email,
        cb1_0.last_seen,
        cb1_0.online,
        cb1_0.password_hash,
        cb1_0.username,
        cr1_0.description,
        cr1_0.name 
    from
        chat_rooms cr1_0 
    left join
        users cb1_0 
            on cb1_0.id=cr1_0.created_by_id 
    where
        cr1_0.id=?
2026-05-04 15:18:10.507 [clientInboundChannel-14] WARN  o.h.e.jdbc.spi.SqlExceptionHelper - SQL Error: 0, SQLState: 23505
2026-05-04 15:18:10.509 [clientInboundChannel-14] ERROR o.h.e.jdbc.spi.SqlExceptionHelper - ERROR: duplicate key value violates unique constraint "room_memberships_user_id_chat_room_id_key"
  Detail: Key (user_id, chat_room_id)=(3, 2) already exists.
2026-05-04 15:18:10.511 [http-nio-8080-exec-9] DEBUG o.e.c.controller.ChatRoomController - Retrieved chat room: room for the dummy
2026-05-04 15:18:10.512 [http-nio-8080-exec-4] DEBUG org.hibernate.SQL - 
    /* <criteria> */ select
        rm1_0.id,
        rm1_0.chat_room_id,
        rm1_0.joined_at,
        rm1_0.role,
        rm1_0.user_id 
    from
        room_memberships rm1_0 
    where
        rm1_0.user_id=? 
        and rm1_0.chat_room_id=?
2026-05-04 15:18:10.514 [http-nio-8080-exec-4] DEBUG org.hibernate.SQL - 
    select
        cr1_0.id,
        cr1_0.created_at,
        cb1_0.id,
        cb1_0.created_at,
        cb1_0.display_name,
        cb1_0.email,
        cb1_0.last_seen,
        cb1_0.online,
        cb1_0.password_hash,
        cb1_0.username,
        cr1_0.description,
        cr1_0.name 
    from
        chat_rooms cr1_0 
    left join
        users cb1_0 
            on cb1_0.id=cr1_0.created_by_id 
    where
        cr1_0.id=?
2026-05-04 15:18:10.517 [http-nio-8080-exec-4] DEBUG org.hibernate.SQL - 
    select
        u1_0.id,
        u1_0.created_at,
        u1_0.display_name,
        u1_0.email,
        u1_0.last_seen,
        u1_0.online,
        u1_0.password_hash,
        u1_0.username 
    from
        users u1_0 
    where
        u1_0.id=?
2026-05-04 15:18:10.524 [http-nio-8080-exec-4] DEBUG o.e.c.c.MessageHistoryController - Membership validated for user ID: 3 in room ID: 2
2026-05-04 15:18:10.526 [http-nio-8080-exec-4] DEBUG o.e.chat.service.ChatMessageService - Retrieving message history for room ID: 2 with pagination: Page request [number: 0, size 50, sort: UNSORTED]
2026-05-04 15:18:10.530 [http-nio-8080-exec-4] DEBUG org.hibernate.SQL - 
    select
        cr1_0.id,
        cr1_0.created_at,
        cb1_0.id,
        cb1_0.created_at,
        cb1_0.display_name,
        cb1_0.email,
        cb1_0.last_seen,
        cb1_0.online,
        cb1_0.password_hash,
        cb1_0.username,
        cr1_0.description,
        cr1_0.name 
    from
        chat_rooms cr1_0 
    left join
        users cb1_0 
            on cb1_0.id=cr1_0.created_by_id 
    where
        cr1_0.id=?
2026-05-04 15:18:10.588 [http-nio-8080-exec-4] DEBUG org.hibernate.SQL - 
    /* <criteria> */ select
        m1_0.id,
        m1_0.chat_room_id,
        m1_0.content,
        m1_0.message_type,
        m1_0.sender_id,
        m1_0.timestamp 
    from
        messages m1_0 
    where
        m1_0.chat_room_id=? 
    order by
        m1_0.timestamp 
    fetch
        first ? rows only
2026-05-04 15:18:10.588 [http-nio-8080-exec-2] DEBUG org.example.chat.security.JwtUtil - JWT token validated successfully
2026-05-04 15:18:10.592 [http-nio-8080-exec-2] DEBUG org.example.chat.security.JwtUtil - Extracted username from JWT token: nics1928
2026-05-04 15:18:10.596 [http-nio-8080-exec-2] DEBUG org.hibernate.SQL - 
    /* <criteria> */ select
        u1_0.id,
        u1_0.created_at,
        u1_0.display_name,
        u1_0.email,
        u1_0.last_seen,
        u1_0.online,
        u1_0.password_hash,
        u1_0.username 
    from
        users u1_0 
    where
        u1_0.username=?
2026-05-04 15:18:10.598 [http-nio-8080-exec-2] DEBUG o.e.c.s.JwtAuthenticationFilter - Set authentication for user: nics1928
2026-05-04 15:18:10.599 [http-nio-8080-exec-10] DEBUG org.hibernate.SQL - 
    select
        cr1_0.id,
        cr1_0.created_at,
        cb1_0.id,
        cb1_0.created_at,
        cb1_0.display_name,
        cb1_0.email,
        cb1_0.last_seen,
        cb1_0.online,
        cb1_0.password_hash,
        cb1_0.username,
        cr1_0.description,
        cr1_0.name 
    from
        chat_rooms cr1_0 
    left join
        users cb1_0 
            on cb1_0.id=cr1_0.created_by_id 
    where
        cr1_0.id=?
2026-05-04 15:18:10.600 [http-nio-8080-exec-2] DEBUG o.e.c.controller.ChatRoomController - Retrieving chat room with ID: 2
2026-05-04 15:18:10.605 [http-nio-8080-exec-2] DEBUG org.hibernate.SQL - 
    /* <criteria> */ select
        u1_0.id,
        u1_0.created_at,
        u1_0.display_name,
        u1_0.email,
        u1_0.last_seen,
        u1_0.online,
        u1_0.password_hash,
        u1_0.username 
    from
        users u1_0 
    where
        u1_0.username=?
2026-05-04 15:18:10.609 [http-nio-8080-exec-2] DEBUG o.e.chat.service.ChatRoomService - Retrieving chat room by ID: 2
2026-05-04 15:18:10.611 [http-nio-8080-exec-2] DEBUG org.hibernate.SQL - 
    select
        cr1_0.id,
        cr1_0.created_at,
        cb1_0.id,
        cb1_0.created_at,
        cb1_0.display_name,
        cb1_0.email,
        cb1_0.last_seen,
        cb1_0.online,
        cb1_0.password_hash,
        cb1_0.username,
        cr1_0.description,
        cr1_0.name 
    from
        chat_rooms cr1_0 
    left join
        users cb1_0 
            on cb1_0.id=cr1_0.created_by_id 
    where
        cr1_0.id=?
2026-05-04 15:18:10.618 [http-nio-8080-exec-2] DEBUG org.hibernate.SQL - 
    /* <criteria> */ select
        rm1_0.id,
        rm1_0.chat_room_id,
        rm1_0.joined_at,
        rm1_0.role,
        rm1_0.user_id 
    from
        room_memberships rm1_0 
    where
        rm1_0.user_id=? 
        and rm1_0.chat_room_id=?
2026-05-04 15:18:10.622 [http-nio-8080-exec-2] DEBUG org.hibernate.SQL - 
    select
        cr1_0.id,
        cr1_0.created_at,
        cb1_0.id,
        cb1_0.created_at,
        cb1_0.display_name,
        cb1_0.email,
        cb1_0.last_seen,
        cb1_0.online,
        cb1_0.password_hash,
        cb1_0.username,
        cr1_0.description,
        cr1_0.name 
    from
        chat_rooms cr1_0 
    left join
        users cb1_0 
            on cb1_0.id=cr1_0.created_by_id 
    where
        cr1_0.id=?
2026-05-04 15:18:10.626 [http-nio-8080-exec-2] DEBUG org.hibernate.SQL - 
    select
        u1_0.id,
        u1_0.created_at,
        u1_0.display_name,
        u1_0.email,
        u1_0.last_seen,
        u1_0.online,
        u1_0.password_hash,
        u1_0.username 
    from
        users u1_0 
    where
        u1_0.id=?
2026-05-04 15:18:10.629 [http-nio-8080-exec-10] DEBUG org.hibernate.SQL - 
    select
        u1_0.id,
        u1_0.created_at,
        u1_0.display_name,
        u1_0.email,
        u1_0.last_seen,
        u1_0.online,
        u1_0.password_hash,
        u1_0.username 
    from
        users u1_0 
    where
        u1_0.id=?
2026-05-04 15:18:10.629 [http-nio-8080-exec-4] DEBUG org.hibernate.SQL - 
    select
        cr1_0.id,
        cr1_0.created_at,
        cb1_0.id,
        cb1_0.created_at,
        cb1_0.display_name,
        cb1_0.email,
        cb1_0.last_seen,
        cb1_0.online,
        cb1_0.password_hash,
        cb1_0.username,
        cr1_0.description,
        cr1_0.name 
    from
        chat_rooms cr1_0 
    left join
        users cb1_0 
            on cb1_0.id=cr1_0.created_by_id 
    where
        cr1_0.id=?
2026-05-04 15:18:10.630 [http-nio-8080-exec-2] DEBUG o.e.c.controller.ChatRoomController - Retrieved chat room: room for the dummy
2026-05-04 15:18:10.636 [http-nio-8080-exec-10] DEBUG o.e.chat.service.ChatRoomService - Found 2 members for chat room ID: 2
2026-05-04 15:18:10.637 [http-nio-8080-exec-4] DEBUG o.e.chat.service.ChatMessageService - Retrieved 1 messages for room ID: 2
2026-05-04 15:18:10.637 [http-nio-8080-exec-10] DEBUG o.e.c.controller.ChatRoomController - Retrieved 2 members for chat room ID: 2
2026-05-04 15:18:10.638 [http-nio-8080-exec-4] INFO  o.e.c.c.MessageHistoryController - Retrieved 1 messages for room ID: 2
2026-05-04 15:18:10.669 [http-nio-8080-exec-8] DEBUG org.example.chat.security.JwtUtil - JWT token validated successfully
2026-05-04 15:18:10.672 [http-nio-8080-exec-7] DEBUG org.example.chat.security.JwtUtil - JWT token validated successfully
2026-05-04 15:18:10.672 [http-nio-8080-exec-8] DEBUG org.example.chat.security.JwtUtil - Extracted username from JWT token: nics1928
2026-05-04 15:18:10.675 [http-nio-8080-exec-7] DEBUG org.example.chat.security.JwtUtil - Extracted username from JWT token: nics1928
2026-05-04 15:18:10.676 [http-nio-8080-exec-8] DEBUG org.hibernate.SQL - 
    /* <criteria> */ select
        u1_0.id,
        u1_0.created_at,
        u1_0.display_name,
        u1_0.email,
        u1_0.last_seen,
        u1_0.online,
        u1_0.password_hash,
        u1_0.username 
    from
        users u1_0 
    where
        u1_0.username=?
2026-05-04 15:18:10.679 [http-nio-8080-exec-7] DEBUG org.hibernate.SQL - 
    /* <criteria> */ select
        u1_0.id,
        u1_0.created_at,
        u1_0.display_name,
        u1_0.email,
        u1_0.last_seen,
        u1_0.online,
        u1_0.password_hash,
        u1_0.username 
    from
        users u1_0 
    where
        u1_0.username=?
2026-05-04 15:18:10.679 [http-nio-8080-exec-8] DEBUG o.e.c.s.JwtAuthenticationFilter - Set authentication for user: nics1928
2026-05-04 15:18:10.680 [http-nio-8080-exec-7] DEBUG o.e.c.s.JwtAuthenticationFilter - Set authentication for user: nics1928
2026-05-04 15:18:10.688 [http-nio-8080-exec-8] INFO  o.e.c.c.MessageHistoryController - Message history request for room ID: 2 by user: nics1928
2026-05-04 15:18:10.687 [http-nio-8080-exec-7] DEBUG o.e.c.controller.ChatRoomController - Retrieving members for chat room ID: 2
2026-05-04 15:18:10.688 [http-nio-8080-exec-7] DEBUG o.e.chat.service.ChatRoomService - Retrieving members for chat room ID: 2
2026-05-04 15:18:10.688 [http-nio-8080-exec-7] DEBUG o.e.chat.service.ChatRoomService - Retrieving chat room by ID: 2
2026-05-04 15:18:10.690 [http-nio-8080-exec-7] DEBUG org.hibernate.SQL - 
    select
        cr1_0.id,
        cr1_0.created_at,
        cb1_0.id,
        cb1_0.created_at,
        cb1_0.display_name,
        cb1_0.email,
        cb1_0.last_seen,
        cb1_0.online,
        cb1_0.password_hash,
        cb1_0.username,
        cr1_0.description,
        cr1_0.name 
    from
        chat_rooms cr1_0 
    left join
        users cb1_0 
            on cb1_0.id=cr1_0.created_by_id 
    where
        cr1_0.id=?
2026-05-04 15:18:10.692 [http-nio-8080-exec-8] DEBUG org.hibernate.SQL - 
    /* <criteria> */ select
        u1_0.id,
        u1_0.created_at,
        u1_0.display_name,
        u1_0.email,
        u1_0.last_seen,
        u1_0.online,
        u1_0.password_hash,
        u1_0.username 
    from
        users u1_0 
    where
        u1_0.username=?
2026-05-04 15:18:10.698 [http-nio-8080-exec-8] DEBUG org.hibernate.SQL - 
    select
        cr1_0.id,
        cr1_0.created_at,
        cb1_0.id,
        cb1_0.created_at,
        cb1_0.display_name,
        cb1_0.email,
        cb1_0.last_seen,
        cb1_0.online,
        cb1_0.password_hash,
        cb1_0.username,
        cr1_0.description,
        cr1_0.name 
    from
        chat_rooms cr1_0 
    left join
        users cb1_0 
            on cb1_0.id=cr1_0.created_by_id 
    where
        cr1_0.id=?
2026-05-04 15:18:10.698 [http-nio-8080-exec-7] DEBUG org.hibernate.SQL - 
    /* <criteria> */ select
        rm1_0.id,
        rm1_0.chat_room_id,
        rm1_0.joined_at,
        rm1_0.role,
        rm1_0.user_id 
    from
        room_memberships rm1_0 
    where
        rm1_0.chat_room_id=?
2026-05-04 15:18:10.704 [http-nio-8080-exec-8] DEBUG org.hibernate.SQL - 
    /* <criteria> */ select
        rm1_0.id,
        rm1_0.chat_room_id,
        rm1_0.joined_at,
        rm1_0.role,
        rm1_0.user_id 
    from
        room_memberships rm1_0 
    where
        rm1_0.user_id=? 
        and rm1_0.chat_room_id=?
2026-05-04 15:18:10.704 [http-nio-8080-exec-7] DEBUG org.hibernate.SQL - 
    select
        cr1_0.id,
        cr1_0.created_at,
        cb1_0.id,
        cb1_0.created_at,
        cb1_0.display_name,
        cb1_0.email,
        cb1_0.last_seen,
        cb1_0.online,
        cb1_0.password_hash,
        cb1_0.username,
        cr1_0.description,
        cr1_0.name 
    from
        chat_rooms cr1_0 
    left join
        users cb1_0 
            on cb1_0.id=cr1_0.created_by_id 
    where
        cr1_0.id=?
2026-05-04 15:18:10.708 [http-nio-8080-exec-7] DEBUG org.hibernate.SQL - 
    select
        u1_0.id,
        u1_0.created_at,
        u1_0.display_name,
        u1_0.email,
        u1_0.last_seen,
        u1_0.online,
        u1_0.password_hash,
        u1_0.username 
    from
        users u1_0 
    where
        u1_0.id=?
2026-05-04 15:18:10.708 [http-nio-8080-exec-8] DEBUG org.hibernate.SQL - 
    select
        cr1_0.id,
        cr1_0.created_at,
        cb1_0.id,
        cb1_0.created_at,
        cb1_0.display_name,
        cb1_0.email,
        cb1_0.last_seen,
        cb1_0.online,
        cb1_0.password_hash,
        cb1_0.username,
        cr1_0.description,
        cr1_0.name 
    from
        chat_rooms cr1_0 
    left join
        users cb1_0 
            on cb1_0.id=cr1_0.created_by_id 
    where
        cr1_0.id=?
2026-05-04 15:18:10.711 [http-nio-8080-exec-7] DEBUG o.e.chat.service.ChatRoomService - Found 2 members for chat room ID: 2
2026-05-04 15:18:10.712 [http-nio-8080-exec-7] DEBUG o.e.c.controller.ChatRoomController - Retrieved 2 members for chat room ID: 2
2026-05-04 15:18:10.712 [http-nio-8080-exec-8] DEBUG org.hibernate.SQL - 
    select
        u1_0.id,
        u1_0.created_at,
        u1_0.display_name,
        u1_0.email,
        u1_0.last_seen,
        u1_0.online,
        u1_0.password_hash,
        u1_0.username 
    from
        users u1_0 
    where
        u1_0.id=?
2026-05-04 15:18:10.715 [http-nio-8080-exec-8] DEBUG o.e.c.c.MessageHistoryController - Membership validated for user ID: 3 in room ID: 2
2026-05-04 15:18:10.715 [http-nio-8080-exec-8] DEBUG o.e.chat.service.ChatMessageService - Retrieving message history for room ID: 2 with pagination: Page request [number: 0, size 50, sort: UNSORTED]
2026-05-04 15:18:10.716 [http-nio-8080-exec-8] DEBUG org.hibernate.SQL - 
    select
        cr1_0.id,
        cr1_0.created_at,
        cb1_0.id,
        cb1_0.created_at,
        cb1_0.display_name,
        cb1_0.email,
        cb1_0.last_seen,
        cb1_0.online,
        cb1_0.password_hash,
        cb1_0.username,
        cr1_0.description,
        cr1_0.name 
    from
        chat_rooms cr1_0 
    left join
        users cb1_0 
            on cb1_0.id=cr1_0.created_by_id 
    where
        cr1_0.id=?
2026-05-04 15:18:10.726 [http-nio-8080-exec-8] DEBUG org.hibernate.SQL - 
    /* <criteria> */ select
        m1_0.id,
        m1_0.chat_room_id,
        m1_0.content,
        m1_0.message_type,
        m1_0.sender_id,
        m1_0.timestamp 
    from
        messages m1_0 
    where
        m1_0.chat_room_id=? 
    order by
        m1_0.timestamp 
    fetch
        first ? rows only
2026-05-04 15:18:10.741 [http-nio-8080-exec-8] DEBUG org.hibernate.SQL - 
    select
        cr1_0.id,
        cr1_0.created_at,
        cb1_0.id,
        cb1_0.created_at,
        cb1_0.display_name,
        cb1_0.email,
        cb1_0.last_seen,
        cb1_0.online,
        cb1_0.password_hash,
        cb1_0.username,
        cr1_0.description,
        cr1_0.name 
    from
        chat_rooms cr1_0 
    left join
        users cb1_0 
            on cb1_0.id=cr1_0.created_by_id 
    where
        cr1_0.id=?
2026-05-04 15:18:10.746 [http-nio-8080-exec-8] DEBUG o.e.chat.service.ChatMessageService - Retrieved 1 messages for room ID: 2
2026-05-04 15:18:10.749 [http-nio-8080-exec-8] INFO  o.e.c.c.MessageHistoryController - Retrieved 1 messages for room ID: 2
2026-05-04 15:18:10.892 [clientInboundChannel-14] ERROR o.e.c.c.ChatMessageController - Error processing STOMP message for user: nics1928
org.springframework.dao.DataIntegrityViolationException: could not execute statement [ERROR: duplicate key value violates unique constraint "room_memberships_user_id_chat_room_id_key"
  Detail: Key (user_id, chat_room_id)=(3, 2) already exists.] [/* insert for org.example.chat.entity.RoomMembership */insert into room_memberships (chat_room_id,joined_at,role,user_id) values (?,?,?,?)]; SQL [/* insert for org.example.chat.entity.RoomMembership */insert into room_memberships (chat_room_id,joined_at,role,user_id) values (?,?,?,?)]; constraint [room_memberships_user_id_chat_room_id_key]
	at org.springframework.orm.jpa.vendor.HibernateJpaDialect.convertHibernateAccessException(HibernateJpaDialect.java:294)
	at org.springframework.orm.jpa.vendor.HibernateJpaDialect.convertHibernateAccessException(HibernateJpaDialect.java:256)
	at org.springframework.orm.jpa.vendor.HibernateJpaDialect.translateExceptionIfPossible(HibernateJpaDialect.java:241)
	at org.springframework.orm.jpa.AbstractEntityManagerFactoryBean.translateExceptionIfPossible(AbstractEntityManagerFactoryBean.java:560)
	at org.springframework.dao.support.ChainedPersistenceExceptionTranslator.translateExceptionIfPossible(ChainedPersistenceExceptionTranslator.java:61)
	at org.springframework.dao.support.DataAccessUtils.translateIfNecessary(DataAccessUtils.java:343)
	at org.springframework.dao.support.PersistenceExceptionTranslationInterceptor.invoke(PersistenceExceptionTranslationInterceptor.java:160)
	at org.springframework.aop.framework.ReflectiveMethodInvocation.proceed(ReflectiveMethodInvocation.java:184)
	at org.springframework.data.jpa.repository.support.CrudMethodMetadataPostProcessor$CrudMethodMetadataPopulatingMethodInterceptor.invoke(CrudMethodMetadataPostProcessor.java:165)
	at org.springframework.aop.framework.ReflectiveMethodInvocation.proceed(ReflectiveMethodInvocation.java:184)
	at org.springframework.aop.framework.JdkDynamicAopProxy.invoke(JdkDynamicAopProxy.java:223)
	at jdk.proxy2/jdk.proxy2.$Proxy158.save(Unknown Source)
	at org.example.chat.service.ChatRoomService.addMember(ChatRoomService.java:179)
	at java.base/jdk.internal.reflect.NativeMethodAccessorImpl.invoke0(Native Method)
	at java.base/jdk.internal.reflect.NativeMethodAccessorImpl.invoke(NativeMethodAccessorImpl.java:77)
	at java.base/jdk.internal.reflect.DelegatingMethodAccessorImpl.invoke(DelegatingMethodAccessorImpl.java:43)
	at java.base/java.lang.reflect.Method.invoke(Method.java:569)
	at org.springframework.aop.support.AopUtils.invokeJoinpointUsingReflection(AopUtils.java:360)
	at org.springframework.aop.framework.ReflectiveMethodInvocation.invokeJoinpoint(ReflectiveMethodInvocation.java:196)
	at org.springframework.aop.framework.ReflectiveMethodInvocation.proceed(ReflectiveMethodInvocation.java:163)
	at org.springframework.transaction.interceptor.TransactionAspectSupport.invokeWithinTransaction(TransactionAspectSupport.java:380)
	at org.springframework.transaction.interceptor.TransactionInterceptor.invoke(TransactionInterceptor.java:119)
	at org.springframework.aop.framework.ReflectiveMethodInvocation.proceed(ReflectiveMethodInvocation.java:184)
	at org.springframework.aop.framework.CglibAopProxy$DynamicAdvisedInterceptor.intercept(CglibAopProxy.java:728)
	at org.example.chat.service.ChatRoomService$$SpringCGLIB$$0.addMember(<generated>)
	at org.example.chat.controller.ChatMessageController.joinRoom(ChatMessageController.java:98)
	at java.base/jdk.internal.reflect.NativeMethodAccessorImpl.invoke0(Native Method)
	at java.base/jdk.internal.reflect.NativeMethodAccessorImpl.invoke(NativeMethodAccessorImpl.java:77)
	at java.base/jdk.internal.reflect.DelegatingMethodAccessorImpl.invoke(DelegatingMethodAccessorImpl.java:43)
	at java.base/java.lang.reflect.Method.invoke(Method.java:569)
	at org.springframework.messaging.handler.invocation.InvocableHandlerMethod.doInvoke(InvocableHandlerMethod.java:169)
	at org.springframework.messaging.handler.invocation.InvocableHandlerMethod.invoke(InvocableHandlerMethod.java:119)
	at org.springframework.messaging.handler.invocation.AbstractMethodMessageHandler.handleMatch(AbstractMethodMessageHandler.java:568)
	at org.springframework.messaging.simp.annotation.support.SimpAnnotationMethodMessageHandler.handleMatch(SimpAnnotationMethodMessageHandler.java:530)
	at org.springframework.messaging.simp.annotation.support.SimpAnnotationMethodMessageHandler.handleMatch(SimpAnnotationMethodMessageHandler.java:93)
	at org.springframework.messaging.handler.invocation.AbstractMethodMessageHandler.handleMessageInternal(AbstractMethodMessageHandler.java:522)
	at org.springframework.messaging.handler.invocation.AbstractMethodMessageHandler.handleMessage(AbstractMethodMessageHandler.java:457)
	at org.springframework.messaging.support.ExecutorSubscribableChannel$SendTask.run(ExecutorSubscribableChannel.java:152)
	at java.base/java.util.concurrent.ThreadPoolExecutor.runWorker(ThreadPoolExecutor.java:1136)
	at java.base/java.util.concurrent.ThreadPoolExecutor$Worker.run(ThreadPoolExecutor.java:635)
	at java.base/java.lang.Thread.run(Thread.java:840)
Caused by: org.hibernate.exception.ConstraintViolationException: could not execute statement [ERROR: duplicate key value violates unique constraint "room_memberships_user_id_chat_room_id_key"
  Detail: Key (user_id, chat_room_id)=(3, 2) already exists.] [/* insert for org.example.chat.entity.RoomMembership */insert into room_memberships (chat_room_id,joined_at,role,user_id) values (?,?,?,?)]
	at org.hibernate.exception.internal.SQLStateConversionDelegate.convert(SQLStateConversionDelegate.java:97)
	at org.hibernate.exception.internal.StandardSQLExceptionConverter.convert(StandardSQLExceptionConverter.java:58)
	at org.hibernate.engine.jdbc.spi.SqlExceptionHelper.convert(SqlExceptionHelper.java:108)
	at org.hibernate.engine.jdbc.internal.ResultSetReturnImpl.executeUpdate(ResultSetReturnImpl.java:197)
	at org.hibernate.id.insert.GetGeneratedKeysDelegate.performMutation(GetGeneratedKeysDelegate.java:116)
	at org.hibernate.engine.jdbc.mutation.internal.MutationExecutorSingleNonBatched.performNonBatchedOperations(MutationExecutorSingleNonBatched.java:47)
	at org.hibernate.engine.jdbc.mutation.internal.AbstractMutationExecutor.execute(AbstractMutationExecutor.java:55)
	at org.hibernate.persister.entity.mutation.InsertCoordinatorStandard.doStaticInserts(InsertCoordinatorStandard.java:194)
	at org.hibernate.persister.entity.mutation.InsertCoordinatorStandard.coordinateInsert(InsertCoordinatorStandard.java:132)
	at org.hibernate.persister.entity.mutation.InsertCoordinatorStandard.insert(InsertCoordinatorStandard.java:95)
	at org.hibernate.action.internal.EntityIdentityInsertAction.execute(EntityIdentityInsertAction.java:85)
	at org.hibernate.engine.spi.ActionQueue.execute(ActionQueue.java:682)
	at org.hibernate.engine.spi.ActionQueue.addResolvedEntityInsertAction(ActionQueue.java:293)
	at org.hibernate.engine.spi.ActionQueue.addInsertAction(ActionQueue.java:274)
	at org.hibernate.engine.spi.ActionQueue.addAction(ActionQueue.java:324)
	at org.hibernate.event.internal.AbstractSaveEventListener.addInsertAction(AbstractSaveEventListener.java:394)
	at org.hibernate.event.internal.AbstractSaveEventListener.performSaveOrReplicate(AbstractSaveEventListener.java:308)
	at org.hibernate.event.internal.AbstractSaveEventListener.performSave(AbstractSaveEventListener.java:224)
	at org.hibernate.event.internal.AbstractSaveEventListener.saveWithGeneratedId(AbstractSaveEventListener.java:136)
	at org.hibernate.event.internal.DefaultPersistEventListener.entityIsTransient(DefaultPersistEventListener.java:177)
	at org.hibernate.event.internal.DefaultPersistEventListener.persist(DefaultPersistEventListener.java:95)
	at org.hibernate.event.internal.DefaultPersistEventListener.onPersist(DefaultPersistEventListener.java:79)
	at org.hibernate.event.internal.DefaultPersistEventListener.onPersist(DefaultPersistEventListener.java:55)
	at org.hibernate.event.service.internal.EventListenerGroupImpl.fireEventOnEachListener(EventListenerGroupImpl.java:127)
	at org.hibernate.internal.SessionImpl.firePersist(SessionImpl.java:761)
	at org.hibernate.internal.SessionImpl.persist(SessionImpl.java:745)
	at java.base/jdk.internal.reflect.NativeMethodAccessorImpl.invoke0(Native Method)
	at java.base/jdk.internal.reflect.NativeMethodAccessorImpl.invoke(NativeMethodAccessorImpl.java:77)
	at java.base/jdk.internal.reflect.DelegatingMethodAccessorImpl.invoke(DelegatingMethodAccessorImpl.java:43)
	at java.base/java.lang.reflect.Method.invoke(Method.java:569)
	at org.springframework.orm.jpa.SharedEntityManagerCreator$SharedEntityManagerInvocationHandler.invoke(SharedEntityManagerCreator.java:320)
	at jdk.proxy2/jdk.proxy2.$Proxy144.persist(Unknown Source)
	at org.springframework.data.jpa.repository.support.SimpleJpaRepository.save(SimpleJpaRepository.java:636)
	at java.base/jdk.internal.reflect.NativeMethodAccessorImpl.invoke0(Native Method)
	at java.base/jdk.internal.reflect.NativeMethodAccessorImpl.invoke(NativeMethodAccessorImpl.java:77)
	at java.base/jdk.internal.reflect.DelegatingMethodAccessorImpl.invoke(DelegatingMethodAccessorImpl.java:43)
	at java.base/java.lang.reflect.Method.invoke(Method.java:569)
	at org.springframework.aop.support.AopUtils.invokeJoinpointUsingReflection(AopUtils.java:360)
	at org.springframework.data.repository.core.support.RepositoryMethodInvoker$RepositoryFragmentMethodInvoker.lambda$new$0(RepositoryMethodInvoker.java:277)
	at org.springframework.data.repository.core.support.RepositoryMethodInvoker.doInvoke(RepositoryMethodInvoker.java:170)
	at org.springframework.data.repository.core.support.RepositoryMethodInvoker.invoke(RepositoryMethodInvoker.java:158)
	at org.springframework.data.repository.core.support.RepositoryComposition$RepositoryFragments.invoke(RepositoryComposition.java:515)
	at org.springframework.data.repository.core.support.RepositoryComposition.invoke(RepositoryComposition.java:284)
	at org.springframework.data.repository.core.support.RepositoryFactorySupport$ImplementationMethodExecutionInterceptor.invoke(RepositoryFactorySupport.java:731)
	at org.springframework.aop.framework.ReflectiveMethodInvocation.proceed(ReflectiveMethodInvocation.java:184)
	at org.springframework.data.repository.core.support.QueryExecutorMethodInterceptor.doInvoke(QueryExecutorMethodInterceptor.java:174)
	at org.springframework.data.repository.core.support.QueryExecutorMethodInterceptor.invoke(QueryExecutorMethodInterceptor.java:149)
	at org.springframework.aop.framework.ReflectiveMethodInvocation.proceed(ReflectiveMethodInvocation.java:184)
	at org.springframework.data.projection.DefaultMethodInvokingMethodInterceptor.invoke(DefaultMethodInvokingMethodInterceptor.java:69)
	at org.springframework.aop.framework.ReflectiveMethodInvocation.proceed(ReflectiveMethodInvocation.java:184)
	at org.springframework.transaction.interceptor.TransactionAspectSupport.invokeWithinTransaction(TransactionAspectSupport.java:380)
	at org.springframework.transaction.interceptor.TransactionInterceptor.invoke(TransactionInterceptor.java:119)
	at org.springframework.aop.framework.ReflectiveMethodInvocation.proceed(ReflectiveMethodInvocation.java:184)
	at org.springframework.dao.support.PersistenceExceptionTranslationInterceptor.invoke(PersistenceExceptionTranslationInterceptor.java:138)
	... 34 common frames omitted
Caused by: org.postgresql.util.PSQLException: ERROR: duplicate key value violates unique constraint "room_memberships_user_id_chat_room_id_key"
  Detail: Key (user_id, chat_room_id)=(3, 2) already exists.
	at org.postgresql.core.v3.QueryExecutorImpl.receiveErrorResponse(QueryExecutorImpl.java:2725)
	at org.postgresql.core.v3.QueryExecutorImpl.processResults(QueryExecutorImpl.java:2412)
	at org.postgresql.core.v3.QueryExecutorImpl.execute(QueryExecutorImpl.java:371)
	at org.postgresql.jdbc.PgStatement.executeInternal(PgStatement.java:502)
	at org.postgresql.jdbc.PgStatement.execute(PgStatement.java:419)
	at org.postgresql.jdbc.PgPreparedStatement.executeWithFlags(PgPreparedStatement.java:194)
	at org.postgresql.jdbc.PgPreparedStatement.executeUpdate(PgPreparedStatement.java:155)
	at com.zaxxer.hikari.pool.ProxyPreparedStatement.executeUpdate(ProxyPreparedStatement.java:61)
	at com.zaxxer.hikari.pool.HikariProxyPreparedStatement.executeUpdate(HikariProxyPreparedStatement.java)
	at org.hibernate.engine.jdbc.internal.ResultSetReturnImpl.executeUpdate(ResultSetReturnImpl.java:194)
	... 84 common frames omitted
2026-05-04 15:18:22.982 [http-nio-8080-exec-3] INFO  o.e.c.l.WebSocketEventListener - User disconnected: nics1928
2026-05-04 15:18:23.038 [http-nio-8080-exec-3] DEBUG org.hibernate.SQL - 
    /* <criteria> */ select
        u1_0.id,
        u1_0.created_at,
        u1_0.display_name,
        u1_0.email,
        u1_0.last_seen,
        u1_0.online,
        u1_0.password_hash,
        u1_0.username 
    from
        users u1_0 
    where
        u1_0.username=?
2026-05-04 15:18:23.049 [http-nio-8080-exec-3] INFO  o.e.chat.service.UserPresenceService - Marking user ID: 3 as offline
2026-05-04 15:18:23.051 [http-nio-8080-exec-3] DEBUG org.hibernate.SQL - 
    select
        u1_0.id,
        u1_0.created_at,
        u1_0.display_name,
        u1_0.email,
        u1_0.last_seen,
        u1_0.online,
        u1_0.password_hash,
        u1_0.username 
    from
        users u1_0 
    where
        u1_0.id=?
2026-05-04 15:18:23.060 [http-nio-8080-exec-3] INFO  o.e.chat.service.UserPresenceService - User ID: 3 marked as offline at 2026-05-04T15:18:23.054007300
2026-05-04 15:18:23.062 [http-nio-8080-exec-3] DEBUG o.e.chat.service.UserPresenceService - Publishing presence update for user ID: 3
2026-05-04 15:18:23.071 [http-nio-8080-exec-3] DEBUG org.hibernate.SQL - 
    /* <criteria> */ select
        rm1_0.id,
        rm1_0.chat_room_id,
        rm1_0.joined_at,
        rm1_0.role,
        rm1_0.user_id 
    from
        room_memberships rm1_0 
    where
        rm1_0.user_id=?
2026-05-04 15:18:23.074 [http-nio-8080-exec-3] DEBUG org.hibernate.SQL - 
    select
        cr1_0.id,
        cr1_0.created_at,
        cb1_0.id,
        cb1_0.created_at,
        cb1_0.display_name,
        cb1_0.email,
        cb1_0.last_seen,
        cb1_0.online,
        cb1_0.password_hash,
        cb1_0.username,
        cr1_0.description,
        cr1_0.name 
    from
        chat_rooms cr1_0 
    left join
        users cb1_0 
            on cb1_0.id=cr1_0.created_by_id 
    where
        cr1_0.id=?
2026-05-04 15:18:23.078 [http-nio-8080-exec-3] DEBUG o.e.chat.service.UserPresenceService - Sending presence update to topic: /topic/presence/2 for user: nics1928
2026-05-04 15:18:23.118 [http-nio-8080-exec-3] INFO  o.e.chat.service.UserPresenceService - Presence updates published for user ID: 3 to 1 rooms
2026-05-04 15:18:23.131 [http-nio-8080-exec-3] DEBUG org.hibernate.SQL - 
    /* update
        for org.example.chat.entity.User */update users 
    set
        created_at=?,
        display_name=?,
        email=?,
        last_seen=?,
        online=?,
        password_hash=?,
        username=? 
    where
        id=?
2026-05-04 15:18:26.130 [http-nio-8080-exec-4] DEBUG org.example.chat.security.JwtUtil - JWT token validated successfully
2026-05-04 15:18:26.130 [http-nio-8080-exec-10] DEBUG org.example.chat.security.JwtUtil - JWT token validated successfully
2026-05-04 15:18:26.130 [http-nio-8080-exec-7] DEBUG org.example.chat.security.JwtUtil - JWT token validated successfully
2026-05-04 15:18:26.131 [http-nio-8080-exec-4] DEBUG org.example.chat.security.JwtUtil - Extracted username from JWT token: nics1928
2026-05-04 15:18:26.131 [http-nio-8080-exec-7] DEBUG org.example.chat.security.JwtUtil - Extracted username from JWT token: nics1928
2026-05-04 15:18:26.132 [http-nio-8080-exec-10] DEBUG org.example.chat.security.JwtUtil - Extracted username from JWT token: nics1928
2026-05-04 15:18:26.135 [http-nio-8080-exec-10] DEBUG org.hibernate.SQL - 
    /* <criteria> */ select
        u1_0.id,
        u1_0.created_at,
        u1_0.display_name,
        u1_0.email,
        u1_0.last_seen,
        u1_0.online,
        u1_0.password_hash,
        u1_0.username 
    from
        users u1_0 
    where
        u1_0.username=?
2026-05-04 15:18:26.135 [http-nio-8080-exec-4] DEBUG org.hibernate.SQL - 
    /* <criteria> */ select
        u1_0.id,
        u1_0.created_at,
        u1_0.display_name,
        u1_0.email,
        u1_0.last_seen,
        u1_0.online,
        u1_0.password_hash,
        u1_0.username 
    from
        users u1_0 
    where
        u1_0.username=?
2026-05-04 15:18:26.135 [http-nio-8080-exec-7] DEBUG org.hibernate.SQL - 
    /* <criteria> */ select
        u1_0.id,
        u1_0.created_at,
        u1_0.display_name,
        u1_0.email,
        u1_0.last_seen,
        u1_0.online,
        u1_0.password_hash,
        u1_0.username 
    from
        users u1_0 
    where
        u1_0.username=?
2026-05-04 15:18:26.138 [http-nio-8080-exec-7] DEBUG o.e.c.s.JwtAuthenticationFilter - Set authentication for user: nics1928
2026-05-04 15:18:26.138 [http-nio-8080-exec-4] DEBUG o.e.c.s.JwtAuthenticationFilter - Set authentication for user: nics1928
2026-05-04 15:18:26.141 [http-nio-8080-exec-4] DEBUG o.e.c.controller.ChatRoomController - Retrieving chat room with ID: 2
2026-05-04 15:18:26.141 [http-nio-8080-exec-7] INFO  o.e.c.c.MessageHistoryController - Message history request for room ID: 2 by user: nics1928
2026-05-04 15:18:26.145 [http-nio-8080-exec-4] DEBUG org.hibernate.SQL - 
    /* <criteria> */ select
        u1_0.id,
        u1_0.created_at,
        u1_0.display_name,
        u1_0.email,
        u1_0.last_seen,
        u1_0.online,
        u1_0.password_hash,
        u1_0.username 
    from
        users u1_0 
    where
        u1_0.username=?
2026-05-04 15:18:26.237 [http-nio-8080-exec-7] DEBUG org.hibernate.SQL - 
    /* <criteria> */ select
        u1_0.id,
        u1_0.created_at,
        u1_0.display_name,
        u1_0.email,
        u1_0.last_seen,
        u1_0.online,
        u1_0.password_hash,
        u1_0.username 
    from
        users u1_0 
    where
        u1_0.username=?
2026-05-04 15:18:26.239 [http-nio-8080-exec-4] DEBUG o.e.chat.service.ChatRoomService - Retrieving chat room by ID: 2
2026-05-04 15:18:26.239 [http-nio-8080-exec-4] DEBUG org.hibernate.SQL - 
    select
        cr1_0.id,
        cr1_0.created_at,
        cb1_0.id,
        cb1_0.created_at,
        cb1_0.display_name,
        cb1_0.email,
        cb1_0.last_seen,
        cb1_0.online,
        cb1_0.password_hash,
        cb1_0.username,
        cr1_0.description,
        cr1_0.name 
    from
        chat_rooms cr1_0 
    left join
        users cb1_0 
            on cb1_0.id=cr1_0.created_by_id 
    where
        cr1_0.id=?
2026-05-04 15:18:26.242 [http-nio-8080-exec-10] DEBUG o.e.c.s.JwtAuthenticationFilter - Set authentication for user: nics1928
2026-05-04 15:18:26.242 [http-nio-8080-exec-7] DEBUG org.hibernate.SQL - 
    select
        cr1_0.id,
        cr1_0.created_at,
        cb1_0.id,
        cb1_0.created_at,
        cb1_0.display_name,
        cb1_0.email,
        cb1_0.last_seen,
        cb1_0.online,
        cb1_0.password_hash,
        cb1_0.username,
        cr1_0.description,
        cr1_0.name 
    from
        chat_rooms cr1_0 
    left join
        users cb1_0 
            on cb1_0.id=cr1_0.created_by_id 
    where
        cr1_0.id=?
2026-05-04 15:18:26.243 [http-nio-8080-exec-10] DEBUG o.e.c.controller.ChatRoomController - Retrieving members for chat room ID: 2
2026-05-04 15:18:26.243 [http-nio-8080-exec-10] DEBUG o.e.chat.service.ChatRoomService - Retrieving members for chat room ID: 2
2026-05-04 15:18:26.244 [http-nio-8080-exec-10] DEBUG o.e.chat.service.ChatRoomService - Retrieving chat room by ID: 2
2026-05-04 15:18:26.245 [http-nio-8080-exec-10] DEBUG org.hibernate.SQL - 
    select
        cr1_0.id,
        cr1_0.created_at,
        cb1_0.id,
        cb1_0.created_at,
        cb1_0.display_name,
        cb1_0.email,
        cb1_0.last_seen,
        cb1_0.online,
        cb1_0.password_hash,
        cb1_0.username,
        cr1_0.description,
        cr1_0.name 
    from
        chat_rooms cr1_0 
    left join
        users cb1_0 
            on cb1_0.id=cr1_0.created_by_id 
    where
        cr1_0.id=?
2026-05-04 15:18:26.247 [http-nio-8080-exec-4] DEBUG org.hibernate.SQL - 
    /* <criteria> */ select
        rm1_0.id,
        rm1_0.chat_room_id,
        rm1_0.joined_at,
        rm1_0.role,
        rm1_0.user_id 
    from
        room_memberships rm1_0 
    where
        rm1_0.user_id=? 
        and rm1_0.chat_room_id=?
2026-05-04 15:18:26.250 [http-nio-8080-exec-4] DEBUG org.hibernate.SQL - 
    select
        cr1_0.id,
        cr1_0.created_at,
        cb1_0.id,
        cb1_0.created_at,
        cb1_0.display_name,
        cb1_0.email,
        cb1_0.last_seen,
        cb1_0.online,
        cb1_0.password_hash,
        cb1_0.username,
        cr1_0.description,
        cr1_0.name 
    from
        chat_rooms cr1_0 
    left join
        users cb1_0 
            on cb1_0.id=cr1_0.created_by_id 
    where
        cr1_0.id=?
2026-05-04 15:18:26.250 [http-nio-8080-exec-7] DEBUG org.hibernate.SQL - 
    /* <criteria> */ select
        rm1_0.id,
        rm1_0.chat_room_id,
        rm1_0.joined_at,
        rm1_0.role,
        rm1_0.user_id 
    from
        room_memberships rm1_0 
    where
        rm1_0.user_id=? 
        and rm1_0.chat_room_id=?
2026-05-04 15:18:26.257 [http-nio-8080-exec-4] DEBUG org.hibernate.SQL - 
    select
        u1_0.id,
        u1_0.created_at,
        u1_0.display_name,
        u1_0.email,
        u1_0.last_seen,
        u1_0.online,
        u1_0.password_hash,
        u1_0.username 
    from
        users u1_0 
    where
        u1_0.id=?
2026-05-04 15:18:26.257 [http-nio-8080-exec-10] DEBUG org.hibernate.SQL - 
    /* <criteria> */ select
        rm1_0.id,
        rm1_0.chat_room_id,
        rm1_0.joined_at,
        rm1_0.role,
        rm1_0.user_id 
    from
        room_memberships rm1_0 
    where
        rm1_0.chat_room_id=?
2026-05-04 15:18:26.259 [http-nio-8080-exec-4] DEBUG o.e.c.controller.ChatRoomController - Retrieved chat room: room for the dummy
2026-05-04 15:18:26.259 [http-nio-8080-exec-7] DEBUG org.hibernate.SQL - 
    select
        cr1_0.id,
        cr1_0.created_at,
        cb1_0.id,
        cb1_0.created_at,
        cb1_0.display_name,
        cb1_0.email,
        cb1_0.last_seen,
        cb1_0.online,
        cb1_0.password_hash,
        cb1_0.username,
        cr1_0.description,
        cr1_0.name 
    from
        chat_rooms cr1_0 
    left join
        users cb1_0 
            on cb1_0.id=cr1_0.created_by_id 
    where
        cr1_0.id=?
2026-05-04 15:18:26.261 [http-nio-8080-exec-7] DEBUG org.hibernate.SQL - 
    select
        u1_0.id,
        u1_0.created_at,
        u1_0.display_name,
        u1_0.email,
        u1_0.last_seen,
        u1_0.online,
        u1_0.password_hash,
        u1_0.username 
    from
        users u1_0 
    where
        u1_0.id=?
2026-05-04 15:18:26.264 [http-nio-8080-exec-10] DEBUG org.hibernate.SQL - 
    select
        cr1_0.id,
        cr1_0.created_at,
        cb1_0.id,
        cb1_0.created_at,
        cb1_0.display_name,
        cb1_0.email,
        cb1_0.last_seen,
        cb1_0.online,
        cb1_0.password_hash,
        cb1_0.username,
        cr1_0.description,
        cr1_0.name 
    from
        chat_rooms cr1_0 
    left join
        users cb1_0 
            on cb1_0.id=cr1_0.created_by_id 
    where
        cr1_0.id=?
2026-05-04 15:18:26.265 [http-nio-8080-exec-8] DEBUG o.e.c.s.WebSocketAuthenticationInterceptor - Processing STOMP CONNECT frame
2026-05-04 15:18:26.267 [http-nio-8080-exec-7] DEBUG o.e.c.c.MessageHistoryController - Membership validated for user ID: 3 in room ID: 2
2026-05-04 15:18:26.267 [http-nio-8080-exec-7] DEBUG o.e.chat.service.ChatMessageService - Retrieving message history for room ID: 2 with pagination: Page request [number: 0, size 50, sort: UNSORTED]
2026-05-04 15:18:26.269 [http-nio-8080-exec-7] DEBUG org.hibernate.SQL - 
    select
        cr1_0.id,
        cr1_0.created_at,
        cb1_0.id,
        cb1_0.created_at,
        cb1_0.display_name,
        cb1_0.email,
        cb1_0.last_seen,
        cb1_0.online,
        cb1_0.password_hash,
        cb1_0.username,
        cr1_0.description,
        cr1_0.name 
    from
        chat_rooms cr1_0 
    left join
        users cb1_0 
            on cb1_0.id=cr1_0.created_by_id 
    where
        cr1_0.id=?
2026-05-04 15:18:26.269 [http-nio-8080-exec-8] DEBUG org.example.chat.security.JwtUtil - JWT token validated successfully
2026-05-04 15:18:26.269 [http-nio-8080-exec-10] DEBUG org.hibernate.SQL - 
    select
        u1_0.id,
        u1_0.created_at,
        u1_0.display_name,
        u1_0.email,
        u1_0.last_seen,
        u1_0.online,
        u1_0.password_hash,
        u1_0.username 
    from
        users u1_0 
    where
        u1_0.id=?
2026-05-04 15:18:26.272 [http-nio-8080-exec-8] DEBUG org.example.chat.security.JwtUtil - Extracted username from JWT token: nics1928
2026-05-04 15:18:26.273 [http-nio-8080-exec-8] DEBUG o.e.c.s.WebSocketAuthenticationInterceptor - Extracted username from JWT: nics1928
2026-05-04 15:18:26.274 [http-nio-8080-exec-10] DEBUG o.e.chat.service.ChatRoomService - Found 2 members for chat room ID: 2
2026-05-04 15:18:26.274 [http-nio-8080-exec-10] DEBUG o.e.c.controller.ChatRoomController - Retrieved 2 members for chat room ID: 2
2026-05-04 15:18:26.274 [http-nio-8080-exec-8] DEBUG org.hibernate.SQL - 
    /* <criteria> */ select
        u1_0.id,
        u1_0.created_at,
        u1_0.display_name,
        u1_0.email,
        u1_0.last_seen,
        u1_0.online,
        u1_0.password_hash,
        u1_0.username 
    from
        users u1_0 
    where
        u1_0.username=?
2026-05-04 15:18:26.278 [http-nio-8080-exec-3] DEBUG org.example.chat.security.JwtUtil - JWT token validated successfully
2026-05-04 15:18:26.279 [http-nio-8080-exec-8] INFO  o.e.c.s.WebSocketAuthenticationInterceptor - WebSocket connection authenticated for user: nics1928
2026-05-04 15:18:26.280 [http-nio-8080-exec-7] DEBUG org.hibernate.SQL - 
    /* <criteria> */ select
        m1_0.id,
        m1_0.chat_room_id,
        m1_0.content,
        m1_0.message_type,
        m1_0.sender_id,
        m1_0.timestamp 
    from
        messages m1_0 
    where
        m1_0.chat_room_id=? 
    order by
        m1_0.timestamp 
    fetch
        first ? rows only
2026-05-04 15:18:26.281 [http-nio-8080-exec-8] INFO  o.e.c.l.WebSocketEventListener - User connected: nics1928
2026-05-04 15:18:26.283 [http-nio-8080-exec-3] DEBUG org.example.chat.security.JwtUtil - Extracted username from JWT token: nics1928
2026-05-04 15:18:26.283 [http-nio-8080-exec-8] DEBUG org.hibernate.SQL - 
    /* <criteria> */ select
        u1_0.id,
        u1_0.created_at,
        u1_0.display_name,
        u1_0.email,
        u1_0.last_seen,
        u1_0.online,
        u1_0.password_hash,
        u1_0.username 
    from
        users u1_0 
    where
        u1_0.username=?
2026-05-04 15:18:26.284 [http-nio-8080-exec-3] DEBUG org.hibernate.SQL - 
    /* <criteria> */ select
        u1_0.id,
        u1_0.created_at,
        u1_0.display_name,
        u1_0.email,
        u1_0.last_seen,
        u1_0.online,
        u1_0.password_hash,
        u1_0.username 
    from
        users u1_0 
    where
        u1_0.username=?
2026-05-04 15:18:26.285 [http-nio-8080-exec-8] INFO  o.e.chat.service.UserPresenceService - Marking user ID: 3 as online
2026-05-04 15:18:26.285 [http-nio-8080-exec-7] DEBUG org.hibernate.SQL - 
    select
        cr1_0.id,
        cr1_0.created_at,
        cb1_0.id,
        cb1_0.created_at,
        cb1_0.display_name,
        cb1_0.email,
        cb1_0.last_seen,
        cb1_0.online,
        cb1_0.password_hash,
        cb1_0.username,
        cr1_0.description,
        cr1_0.name 
    from
        chat_rooms cr1_0 
    left join
        users cb1_0 
            on cb1_0.id=cr1_0.created_by_id 
    where
        cr1_0.id=?
2026-05-04 15:18:26.286 [http-nio-8080-exec-8] DEBUG org.hibernate.SQL - 
    select
        u1_0.id,
        u1_0.created_at,
        u1_0.display_name,
        u1_0.email,
        u1_0.last_seen,
        u1_0.online,
        u1_0.password_hash,
        u1_0.username 
    from
        users u1_0 
    where
        u1_0.id=?
2026-05-04 15:18:26.288 [http-nio-8080-exec-7] DEBUG o.e.chat.service.ChatMessageService - Retrieved 1 messages for room ID: 2
2026-05-04 15:18:26.288 [http-nio-8080-exec-3] DEBUG o.e.c.s.JwtAuthenticationFilter - Set authentication for user: nics1928
2026-05-04 15:18:26.288 [http-nio-8080-exec-7] INFO  o.e.c.c.MessageHistoryController - Retrieved 1 messages for room ID: 2
2026-05-04 15:18:26.288 [http-nio-8080-exec-8] INFO  o.e.chat.service.UserPresenceService - User ID: 3 marked as online at 2026-05-04T15:18:26.288052200
2026-05-04 15:18:26.288 [http-nio-8080-exec-8] DEBUG o.e.chat.service.UserPresenceService - Publishing presence update for user ID: 3
2026-05-04 15:18:26.293 [http-nio-8080-exec-8] DEBUG org.hibernate.SQL - 
    /* <criteria> */ select
        rm1_0.id,
        rm1_0.chat_room_id,
        rm1_0.joined_at,
        rm1_0.role,
        rm1_0.user_id 
    from
        room_memberships rm1_0 
    where
        rm1_0.user_id=?
2026-05-04 15:18:26.294 [http-nio-8080-exec-3] DEBUG o.e.c.controller.ChatRoomController - Retrieving chat room with ID: 2
2026-05-04 15:18:26.296 [http-nio-8080-exec-8] DEBUG org.hibernate.SQL - 
    select
        cr1_0.id,
        cr1_0.created_at,
        cb1_0.id,
        cb1_0.created_at,
        cb1_0.display_name,
        cb1_0.email,
        cb1_0.last_seen,
        cb1_0.online,
        cb1_0.password_hash,
        cb1_0.username,
        cr1_0.description,
        cr1_0.name 
    from
        chat_rooms cr1_0 
    left join
        users cb1_0 
            on cb1_0.id=cr1_0.created_by_id 
    where
        cr1_0.id=?
2026-05-04 15:18:26.297 [http-nio-8080-exec-8] DEBUG o.e.chat.service.UserPresenceService - Sending presence update to topic: /topic/presence/2 for user: nics1928
2026-05-04 15:18:26.298 [http-nio-8080-exec-8] INFO  o.e.chat.service.UserPresenceService - Presence updates published for user ID: 3 to 1 rooms
2026-05-04 15:18:26.298 [http-nio-8080-exec-3] DEBUG org.hibernate.SQL - 
    /* <criteria> */ select
        u1_0.id,
        u1_0.created_at,
        u1_0.display_name,
        u1_0.email,
        u1_0.last_seen,
        u1_0.online,
        u1_0.password_hash,
        u1_0.username 
    from
        users u1_0 
    where
        u1_0.username=?
2026-05-04 15:18:26.300 [http-nio-8080-exec-8] DEBUG org.hibernate.SQL - 
    /* update
        for org.example.chat.entity.User */update users 
    set
        created_at=?,
        display_name=?,
        email=?,
        last_seen=?,
        online=?,
        password_hash=?,
        username=? 
    where
        id=?
2026-05-04 15:18:26.301 [http-nio-8080-exec-3] DEBUG o.e.chat.service.ChatRoomService - Retrieving chat room by ID: 2
2026-05-04 15:18:26.301 [http-nio-8080-exec-1] DEBUG org.example.chat.security.JwtUtil - JWT token validated successfully
2026-05-04 15:18:26.308 [http-nio-8080-exec-3] DEBUG org.hibernate.SQL - 
    select
        cr1_0.id,
        cr1_0.created_at,
        cb1_0.id,
        cb1_0.created_at,
        cb1_0.display_name,
        cb1_0.email,
        cb1_0.last_seen,
        cb1_0.online,
        cb1_0.password_hash,
        cb1_0.username,
        cr1_0.description,
        cr1_0.name 
    from
        chat_rooms cr1_0 
    left join
        users cb1_0 
            on cb1_0.id=cr1_0.created_by_id 
    where
        cr1_0.id=?
2026-05-04 15:18:26.309 [http-nio-8080-exec-1] DEBUG org.example.chat.security.JwtUtil - Extracted username from JWT token: nics1928
2026-05-04 15:18:26.314 [http-nio-8080-exec-1] DEBUG org.hibernate.SQL - 
    /* <criteria> */ select
        u1_0.id,
        u1_0.created_at,
        u1_0.display_name,
        u1_0.email,
        u1_0.last_seen,
        u1_0.online,
        u1_0.password_hash,
        u1_0.username 
    from
        users u1_0 
    where
        u1_0.username=?
2026-05-04 15:18:26.315 [http-nio-8080-exec-3] DEBUG org.hibernate.SQL - 
    /* <criteria> */ select
        rm1_0.id,
        rm1_0.chat_room_id,
        rm1_0.joined_at,
        rm1_0.role,
        rm1_0.user_id 
    from
        room_memberships rm1_0 
    where
        rm1_0.user_id=? 
        and rm1_0.chat_room_id=?
2026-05-04 15:18:26.317 [http-nio-8080-exec-3] DEBUG org.hibernate.SQL - 
    select
        cr1_0.id,
        cr1_0.created_at,
        cb1_0.id,
        cb1_0.created_at,
        cb1_0.display_name,
        cb1_0.email,
        cb1_0.last_seen,
        cb1_0.online,
        cb1_0.password_hash,
        cb1_0.username,
        cr1_0.description,
        cr1_0.name 
    from
        chat_rooms cr1_0 
    left join
        users cb1_0 
            on cb1_0.id=cr1_0.created_by_id 
    where
        cr1_0.id=?
2026-05-04 15:18:26.318 [http-nio-8080-exec-9] DEBUG org.example.chat.security.JwtUtil - JWT token validated successfully
2026-05-04 15:18:26.319 [http-nio-8080-exec-1] DEBUG o.e.c.s.JwtAuthenticationFilter - Set authentication for user: nics1928
2026-05-04 15:18:26.319 [http-nio-8080-exec-3] DEBUG org.hibernate.SQL - 
    select
        u1_0.id,
        u1_0.created_at,
        u1_0.display_name,
        u1_0.email,
        u1_0.last_seen,
        u1_0.online,
        u1_0.password_hash,
        u1_0.username 
    from
        users u1_0 
    where
        u1_0.id=?
2026-05-04 15:18:26.320 [http-nio-8080-exec-9] DEBUG org.example.chat.security.JwtUtil - Extracted username from JWT token: nics1928
2026-05-04 15:18:26.321 [http-nio-8080-exec-1] DEBUG o.e.c.controller.ChatRoomController - Retrieving members for chat room ID: 2
2026-05-04 15:18:26.321 [http-nio-8080-exec-3] DEBUG o.e.c.controller.ChatRoomController - Retrieved chat room: room for the dummy
2026-05-04 15:18:26.321 [http-nio-8080-exec-1] DEBUG o.e.chat.service.ChatRoomService - Retrieving members for chat room ID: 2
2026-05-04 15:18:26.321 [http-nio-8080-exec-1] DEBUG o.e.chat.service.ChatRoomService - Retrieving chat room by ID: 2
2026-05-04 15:18:26.322 [http-nio-8080-exec-9] DEBUG org.hibernate.SQL - 
    /* <criteria> */ select
        u1_0.id,
        u1_0.created_at,
        u1_0.display_name,
        u1_0.email,
        u1_0.last_seen,
        u1_0.online,
        u1_0.password_hash,
        u1_0.username 
    from
        users u1_0 
    where
        u1_0.username=?
2026-05-04 15:18:26.323 [http-nio-8080-exec-9] DEBUG o.e.c.s.JwtAuthenticationFilter - Set authentication for user: nics1928
2026-05-04 15:18:26.323 [http-nio-8080-exec-1] DEBUG org.hibernate.SQL - 
    select
        cr1_0.id,
        cr1_0.created_at,
        cb1_0.id,
        cb1_0.created_at,
        cb1_0.display_name,
        cb1_0.email,
        cb1_0.last_seen,
        cb1_0.online,
        cb1_0.password_hash,
        cb1_0.username,
        cr1_0.description,
        cr1_0.name 
    from
        chat_rooms cr1_0 
    left join
        users cb1_0 
            on cb1_0.id=cr1_0.created_by_id 
    where
        cr1_0.id=?
2026-05-04 15:18:26.327 [http-nio-8080-exec-9] INFO  o.e.c.c.MessageHistoryController - Message history request for room ID: 2 by user: nics1928
2026-05-04 15:18:26.331 [clientInboundChannel-20] INFO  o.e.c.c.ChatMessageController - User: nics1928 joining room: 2
2026-05-04 15:18:26.333 [http-nio-8080-exec-1] DEBUG org.hibernate.SQL - 
    /* <criteria> */ select
        rm1_0.id,
        rm1_0.chat_room_id,
        rm1_0.joined_at,
        rm1_0.role,
        rm1_0.user_id 
    from
        room_memberships rm1_0 
    where
        rm1_0.chat_room_id=?
2026-05-04 15:18:26.335 [http-nio-8080-exec-1] DEBUG org.hibernate.SQL - 
    select
        cr1_0.id,
        cr1_0.created_at,
        cb1_0.id,
        cb1_0.created_at,
        cb1_0.display_name,
        cb1_0.email,
        cb1_0.last_seen,
        cb1_0.online,
        cb1_0.password_hash,
        cb1_0.username,
        cr1_0.description,
        cr1_0.name 
    from
        chat_rooms cr1_0 
    left join
        users cb1_0 
            on cb1_0.id=cr1_0.created_by_id 
    where
        cr1_0.id=?
2026-05-04 15:18:26.335 [clientInboundChannel-20] DEBUG org.hibernate.SQL - 
    /* <criteria> */ select
        u1_0.id,
        u1_0.created_at,
        u1_0.display_name,
        u1_0.email,
        u1_0.last_seen,
        u1_0.online,
        u1_0.password_hash,
        u1_0.username 
    from
        users u1_0 
    where
        u1_0.username=?
2026-05-04 15:18:26.336 [http-nio-8080-exec-9] DEBUG org.hibernate.SQL - 
    /* <criteria> */ select
        u1_0.id,
        u1_0.created_at,
        u1_0.display_name,
        u1_0.email,
        u1_0.last_seen,
        u1_0.online,
        u1_0.password_hash,
        u1_0.username 
    from
        users u1_0 
    where
        u1_0.username=?
2026-05-04 15:18:26.336 [http-nio-8080-exec-1] DEBUG org.hibernate.SQL - 
    select
        u1_0.id,
        u1_0.created_at,
        u1_0.display_name,
        u1_0.email,
        u1_0.last_seen,
        u1_0.online,
        u1_0.password_hash,
        u1_0.username 
    from
        users u1_0 
    where
        u1_0.id=?
2026-05-04 15:18:26.338 [clientInboundChannel-20] INFO  o.e.chat.service.ChatRoomService - Adding user ID: 3 to chat room ID: 2 with role: null
2026-05-04 15:18:26.338 [clientInboundChannel-20] DEBUG o.e.chat.service.ChatRoomService - Retrieving chat room by ID: 2
2026-05-04 15:18:26.338 [http-nio-8080-exec-1] DEBUG o.e.chat.service.ChatRoomService - Found 2 members for chat room ID: 2
2026-05-04 15:18:26.338 [http-nio-8080-exec-9] DEBUG org.hibernate.SQL - 
    select
        cr1_0.id,
        cr1_0.created_at,
        cb1_0.id,
        cb1_0.created_at,
        cb1_0.display_name,
        cb1_0.email,
        cb1_0.last_seen,
        cb1_0.online,
        cb1_0.password_hash,
        cb1_0.username,
        cr1_0.description,
        cr1_0.name 
    from
        chat_rooms cr1_0 
    left join
        users cb1_0 
            on cb1_0.id=cr1_0.created_by_id 
    where
        cr1_0.id=?
2026-05-04 15:18:26.339 [http-nio-8080-exec-1] DEBUG o.e.c.controller.ChatRoomController - Retrieved 2 members for chat room ID: 2
2026-05-04 15:18:26.339 [clientInboundChannel-20] DEBUG org.hibernate.SQL - 
    select
        cr1_0.id,
        cr1_0.created_at,
        cb1_0.id,
        cb1_0.created_at,
        cb1_0.display_name,
        cb1_0.email,
        cb1_0.last_seen,
        cb1_0.online,
        cb1_0.password_hash,
        cb1_0.username,
        cr1_0.description,
        cr1_0.name 
    from
        chat_rooms cr1_0 
    left join
        users cb1_0 
            on cb1_0.id=cr1_0.created_by_id 
    where
        cr1_0.id=?
2026-05-04 15:18:26.342 [clientInboundChannel-20] DEBUG org.hibernate.SQL - 
    select
        u1_0.id,
        u1_0.created_at,
        u1_0.display_name,
        u1_0.email,
        u1_0.last_seen,
        u1_0.online,
        u1_0.password_hash,
        u1_0.username 
    from
        users u1_0 
    where
        u1_0.id=?
2026-05-04 15:18:26.349 [http-nio-8080-exec-9] DEBUG org.hibernate.SQL - 
    /* <criteria> */ select
        rm1_0.id,
        rm1_0.chat_room_id,
        rm1_0.joined_at,
        rm1_0.role,
        rm1_0.user_id 
    from
        room_memberships rm1_0 
    where
        rm1_0.user_id=? 
        and rm1_0.chat_room_id=?
2026-05-04 15:18:26.349 [clientInboundChannel-20] DEBUG org.hibernate.SQL - 
    /* <criteria> */ select
        rm1_0.id,
        rm1_0.chat_room_id,
        rm1_0.joined_at,
        rm1_0.role,
        rm1_0.user_id 
    from
        room_memberships rm1_0 
    where
        rm1_0.user_id=? 
        and rm1_0.chat_room_id=?
2026-05-04 15:18:26.351 [http-nio-8080-exec-9] DEBUG org.hibernate.SQL - 
    select
        cr1_0.id,
        cr1_0.created_at,
        cb1_0.id,
        cb1_0.created_at,
        cb1_0.display_name,
        cb1_0.email,
        cb1_0.last_seen,
        cb1_0.online,
        cb1_0.password_hash,
        cb1_0.username,
        cr1_0.description,
        cr1_0.name 
    from
        chat_rooms cr1_0 
    left join
        users cb1_0 
            on cb1_0.id=cr1_0.created_by_id 
    where
        cr1_0.id=?
2026-05-04 15:18:26.353 [clientInboundChannel-20] DEBUG o.e.chat.service.ChatRoomService - User 3 is already a member of room 2, returning existing membership
2026-05-04 15:18:26.353 [http-nio-8080-exec-9] DEBUG org.hibernate.SQL - 
    select
        u1_0.id,
        u1_0.created_at,
        u1_0.display_name,
        u1_0.email,
        u1_0.last_seen,
        u1_0.online,
        u1_0.password_hash,
        u1_0.username 
    from
        users u1_0 
    where
        u1_0.id=?
2026-05-04 15:18:26.354 [clientInboundChannel-20] DEBUG o.e.chat.service.ChatRoomService - Retrieving chat room by ID: 2
2026-05-04 15:18:26.354 [clientInboundChannel-20] DEBUG org.hibernate.SQL - 
    select
        cr1_0.id,
        cr1_0.created_at,
        cb1_0.id,
        cb1_0.created_at,
        cb1_0.display_name,
        cb1_0.email,
        cb1_0.last_seen,
        cb1_0.online,
        cb1_0.password_hash,
        cb1_0.username,
        cr1_0.description,
        cr1_0.name 
    from
        chat_rooms cr1_0 
    left join
        users cb1_0 
            on cb1_0.id=cr1_0.created_by_id 
    where
        cr1_0.id=?
2026-05-04 15:18:26.357 [http-nio-8080-exec-9] DEBUG o.e.c.c.MessageHistoryController - Membership validated for user ID: 3 in room ID: 2
2026-05-04 15:18:26.357 [http-nio-8080-exec-9] DEBUG o.e.chat.service.ChatMessageService - Retrieving message history for room ID: 2 with pagination: Page request [number: 0, size 50, sort: UNSORTED]
2026-05-04 15:18:26.359 [http-nio-8080-exec-9] DEBUG org.hibernate.SQL - 
    select
        cr1_0.id,
        cr1_0.created_at,
        cb1_0.id,
        cb1_0.created_at,
        cb1_0.display_name,
        cb1_0.email,
        cb1_0.last_seen,
        cb1_0.online,
        cb1_0.password_hash,
        cb1_0.username,
        cr1_0.description,
        cr1_0.name 
    from
        chat_rooms cr1_0 
    left join
        users cb1_0 
            on cb1_0.id=cr1_0.created_by_id 
    where
        cr1_0.id=?
2026-05-04 15:18:26.361 [clientInboundChannel-20] INFO  o.e.c.c.ChatMessageController - User: nics1928 successfully joined room: 2
2026-05-04 15:18:26.363 [http-nio-8080-exec-9] DEBUG org.hibernate.SQL - 
    /* <criteria> */ select
        m1_0.id,
        m1_0.chat_room_id,
        m1_0.content,
        m1_0.message_type,
        m1_0.sender_id,
        m1_0.timestamp 
    from
        messages m1_0 
    where
        m1_0.chat_room_id=? 
    order by
        m1_0.timestamp 
    fetch
        first ? rows only
2026-05-04 15:18:26.365 [http-nio-8080-exec-9] DEBUG org.hibernate.SQL - 
    select
        cr1_0.id,
        cr1_0.created_at,
        cb1_0.id,
        cb1_0.created_at,
        cb1_0.display_name,
        cb1_0.email,
        cb1_0.last_seen,
        cb1_0.online,
        cb1_0.password_hash,
        cb1_0.username,
        cr1_0.description,
        cr1_0.name 
    from
        chat_rooms cr1_0 
    left join
        users cb1_0 
            on cb1_0.id=cr1_0.created_by_id 
    where
        cr1_0.id=?
2026-05-04 15:18:26.366 [http-nio-8080-exec-9] DEBUG o.e.chat.service.ChatMessageService - Retrieved 1 messages for room ID: 2
2026-05-04 15:18:26.366 [http-nio-8080-exec-9] INFO  o.e.c.c.MessageHistoryController - Retrieved 1 messages for room ID: 2
2026-05-04 15:18:26.461 [http-nio-8080-exec-2] DEBUG org.example.chat.security.JwtUtil - JWT token validated successfully
2026-05-04 15:18:26.461 [http-nio-8080-exec-4] DEBUG org.example.chat.security.JwtUtil - JWT token validated successfully
2026-05-04 15:18:26.461 [http-nio-8080-exec-10] DEBUG org.example.chat.security.JwtUtil - JWT token validated successfully
2026-05-04 15:18:26.462 [http-nio-8080-exec-10] DEBUG org.example.chat.security.JwtUtil - Extracted username from JWT token: nics1928
2026-05-04 15:18:26.463 [http-nio-8080-exec-4] DEBUG org.example.chat.security.JwtUtil - Extracted username from JWT token: nics1928
2026-05-04 15:18:26.463 [http-nio-8080-exec-2] DEBUG org.example.chat.security.JwtUtil - Extracted username from JWT token: nics1928
2026-05-04 15:18:26.470 [http-nio-8080-exec-10] DEBUG org.hibernate.SQL - 
    /* <criteria> */ select
        u1_0.id,
        u1_0.created_at,
        u1_0.display_name,
        u1_0.email,
        u1_0.last_seen,
        u1_0.online,
        u1_0.password_hash,
        u1_0.username 
    from
        users u1_0 
    where
        u1_0.username=?
2026-05-04 15:18:26.473 [http-nio-8080-exec-2] DEBUG org.hibernate.SQL - 
    /* <criteria> */ select
        u1_0.id,
        u1_0.created_at,
        u1_0.display_name,
        u1_0.email,
        u1_0.last_seen,
        u1_0.online,
        u1_0.password_hash,
        u1_0.username 
    from
        users u1_0 
    where
        u1_0.username=?
2026-05-04 15:18:26.473 [http-nio-8080-exec-4] DEBUG org.hibernate.SQL - 
    /* <criteria> */ select
        u1_0.id,
        u1_0.created_at,
        u1_0.display_name,
        u1_0.email,
        u1_0.last_seen,
        u1_0.online,
        u1_0.password_hash,
        u1_0.username 
    from
        users u1_0 
    where
        u1_0.username=?
2026-05-04 15:18:26.476 [http-nio-8080-exec-4] DEBUG o.e.c.s.JwtAuthenticationFilter - Set authentication for user: nics1928
2026-05-04 15:18:26.476 [http-nio-8080-exec-10] DEBUG o.e.c.s.JwtAuthenticationFilter - Set authentication for user: nics1928
2026-05-04 15:18:26.479 [http-nio-8080-exec-2] DEBUG o.e.c.s.JwtAuthenticationFilter - Set authentication for user: nics1928
2026-05-04 15:18:26.482 [http-nio-8080-exec-10] DEBUG o.e.c.controller.ChatRoomController - Retrieving members for chat room ID: 2
2026-05-04 15:18:26.482 [http-nio-8080-exec-4] INFO  o.e.c.c.MessageHistoryController - Message history request for room ID: 2 by user: nics1928
2026-05-04 15:18:26.482 [http-nio-8080-exec-2] DEBUG o.e.c.controller.ChatRoomController - Retrieving chat room with ID: 2
2026-05-04 15:18:26.483 [http-nio-8080-exec-10] DEBUG o.e.chat.service.ChatRoomService - Retrieving members for chat room ID: 2
2026-05-04 15:18:26.483 [http-nio-8080-exec-10] DEBUG o.e.chat.service.ChatRoomService - Retrieving chat room by ID: 2
2026-05-04 15:18:26.485 [http-nio-8080-exec-10] DEBUG org.hibernate.SQL - 
    select
        cr1_0.id,
        cr1_0.created_at,
        cb1_0.id,
        cb1_0.created_at,
        cb1_0.display_name,
        cb1_0.email,
        cb1_0.last_seen,
        cb1_0.online,
        cb1_0.password_hash,
        cb1_0.username,
        cr1_0.description,
        cr1_0.name 
    from
        chat_rooms cr1_0 
    left join
        users cb1_0 
            on cb1_0.id=cr1_0.created_by_id 
    where
        cr1_0.id=?
2026-05-04 15:18:26.487 [http-nio-8080-exec-2] DEBUG org.hibernate.SQL - 
    /* <criteria> */ select
        u1_0.id,
        u1_0.created_at,
        u1_0.display_name,
        u1_0.email,
        u1_0.last_seen,
        u1_0.online,
        u1_0.password_hash,
        u1_0.username 
    from
        users u1_0 
    where
        u1_0.username=?
2026-05-04 15:18:26.487 [http-nio-8080-exec-4] DEBUG org.hibernate.SQL - 
    /* <criteria> */ select
        u1_0.id,
        u1_0.created_at,
        u1_0.display_name,
        u1_0.email,
        u1_0.last_seen,
        u1_0.online,
        u1_0.password_hash,
        u1_0.username 
    from
        users u1_0 
    where
        u1_0.username=?
2026-05-04 15:18:26.488 [http-nio-8080-exec-2] DEBUG o.e.chat.service.ChatRoomService - Retrieving chat room by ID: 2
2026-05-04 15:18:26.489 [http-nio-8080-exec-2] DEBUG org.hibernate.SQL - 
    select
        cr1_0.id,
        cr1_0.created_at,
        cb1_0.id,
        cb1_0.created_at,
        cb1_0.display_name,
        cb1_0.email,
        cb1_0.last_seen,
        cb1_0.online,
        cb1_0.password_hash,
        cb1_0.username,
        cr1_0.description,
        cr1_0.name 
    from
        chat_rooms cr1_0 
    left join
        users cb1_0 
            on cb1_0.id=cr1_0.created_by_id 
    where
        cr1_0.id=?
2026-05-04 15:18:26.492 [http-nio-8080-exec-4] DEBUG org.hibernate.SQL - 
    select
        cr1_0.id,
        cr1_0.created_at,
        cb1_0.id,
        cb1_0.created_at,
        cb1_0.display_name,
        cb1_0.email,
        cb1_0.last_seen,
        cb1_0.online,
        cb1_0.password_hash,
        cb1_0.username,
        cr1_0.description,
        cr1_0.name 
    from
        chat_rooms cr1_0 
    left join
        users cb1_0 
            on cb1_0.id=cr1_0.created_by_id 
    where
        cr1_0.id=?
2026-05-04 15:18:26.493 [http-nio-8080-exec-10] DEBUG org.hibernate.SQL - 
    /* <criteria> */ select
        rm1_0.id,
        rm1_0.chat_room_id,
        rm1_0.joined_at,
        rm1_0.role,
        rm1_0.user_id 
    from
        room_memberships rm1_0 
    where
        rm1_0.chat_room_id=?
2026-05-04 15:18:26.497 [http-nio-8080-exec-4] DEBUG org.hibernate.SQL - 
    /* <criteria> */ select
        rm1_0.id,
        rm1_0.chat_room_id,
        rm1_0.joined_at,
        rm1_0.role,
        rm1_0.user_id 
    from
        room_memberships rm1_0 
    where
        rm1_0.user_id=? 
        and rm1_0.chat_room_id=?
2026-05-04 15:18:26.500 [http-nio-8080-exec-4] DEBUG org.hibernate.SQL - 
    select
        cr1_0.id,
        cr1_0.created_at,
        cb1_0.id,
        cb1_0.created_at,
        cb1_0.display_name,
        cb1_0.email,
        cb1_0.last_seen,
        cb1_0.online,
        cb1_0.password_hash,
        cb1_0.username,
        cr1_0.description,
        cr1_0.name 
    from
        chat_rooms cr1_0 
    left join
        users cb1_0 
            on cb1_0.id=cr1_0.created_by_id 
    where
        cr1_0.id=?
2026-05-04 15:18:26.500 [http-nio-8080-exec-10] DEBUG org.hibernate.SQL - 
    select
        cr1_0.id,
        cr1_0.created_at,
        cb1_0.id,
        cb1_0.created_at,
        cb1_0.display_name,
        cb1_0.email,
        cb1_0.last_seen,
        cb1_0.online,
        cb1_0.password_hash,
        cb1_0.username,
        cr1_0.description,
        cr1_0.name 
    from
        chat_rooms cr1_0 
    left join
        users cb1_0 
            on cb1_0.id=cr1_0.created_by_id 
    where
        cr1_0.id=?
2026-05-04 15:18:26.504 [http-nio-8080-exec-10] DEBUG org.hibernate.SQL - 
    select
        u1_0.id,
        u1_0.created_at,
        u1_0.display_name,
        u1_0.email,
        u1_0.last_seen,
        u1_0.online,
        u1_0.password_hash,
        u1_0.username 
    from
        users u1_0 
    where
        u1_0.id=?
2026-05-04 15:18:26.505 [http-nio-8080-exec-4] DEBUG org.hibernate.SQL - 
    select
        u1_0.id,
        u1_0.created_at,
        u1_0.display_name,
        u1_0.email,
        u1_0.last_seen,
        u1_0.online,
        u1_0.password_hash,
        u1_0.username 
    from
        users u1_0 
    where
        u1_0.id=?
2026-05-04 15:18:26.508 [http-nio-8080-exec-2] DEBUG org.hibernate.SQL - 
    /* <criteria> */ select
        rm1_0.id,
        rm1_0.chat_room_id,
        rm1_0.joined_at,
        rm1_0.role,
        rm1_0.user_id 
    from
        room_memberships rm1_0 
    where
        rm1_0.user_id=? 
        and rm1_0.chat_room_id=?
2026-05-04 15:18:26.510 [http-nio-8080-exec-4] DEBUG o.e.c.c.MessageHistoryController - Membership validated for user ID: 3 in room ID: 2
2026-05-04 15:18:26.510 [http-nio-8080-exec-4] DEBUG o.e.chat.service.ChatMessageService - Retrieving message history for room ID: 2 with pagination: Page request [number: 0, size 50, sort: UNSORTED]
2026-05-04 15:18:26.511 [http-nio-8080-exec-10] DEBUG o.e.chat.service.ChatRoomService - Found 2 members for chat room ID: 2
2026-05-04 15:18:26.512 [http-nio-8080-exec-4] DEBUG org.hibernate.SQL - 
    select
        cr1_0.id,
        cr1_0.created_at,
        cb1_0.id,
        cb1_0.created_at,
        cb1_0.display_name,
        cb1_0.email,
        cb1_0.last_seen,
        cb1_0.online,
        cb1_0.password_hash,
        cb1_0.username,
        cr1_0.description,
        cr1_0.name 
    from
        chat_rooms cr1_0 
    left join
        users cb1_0 
            on cb1_0.id=cr1_0.created_by_id 
    where
        cr1_0.id=?
2026-05-04 15:18:26.514 [http-nio-8080-exec-10] DEBUG o.e.c.controller.ChatRoomController - Retrieved 2 members for chat room ID: 2
2026-05-04 15:18:26.515 [http-nio-8080-exec-2] DEBUG org.hibernate.SQL - 
    select
        cr1_0.id,
        cr1_0.created_at,
        cb1_0.id,
        cb1_0.created_at,
        cb1_0.display_name,
        cb1_0.email,
        cb1_0.last_seen,
        cb1_0.online,
        cb1_0.password_hash,
        cb1_0.username,
        cr1_0.description,
        cr1_0.name 
    from
        chat_rooms cr1_0 
    left join
        users cb1_0 
            on cb1_0.id=cr1_0.created_by_id 
    where
        cr1_0.id=?
2026-05-04 15:18:26.525 [http-nio-8080-exec-4] DEBUG org.hibernate.SQL - 
    /* <criteria> */ select
        m1_0.id,
        m1_0.chat_room_id,
        m1_0.content,
        m1_0.message_type,
        m1_0.sender_id,
        m1_0.timestamp 
    from
        messages m1_0 
    where
        m1_0.chat_room_id=? 
    order by
        m1_0.timestamp 
    fetch
        first ? rows only
2026-05-04 15:18:26.528 [http-nio-8080-exec-4] DEBUG org.hibernate.SQL - 
    select
        cr1_0.id,
        cr1_0.created_at,
        cb1_0.id,
        cb1_0.created_at,
        cb1_0.display_name,
        cb1_0.email,
        cb1_0.last_seen,
        cb1_0.online,
        cb1_0.password_hash,
        cb1_0.username,
        cr1_0.description,
        cr1_0.name 
    from
        chat_rooms cr1_0 
    left join
        users cb1_0 
            on cb1_0.id=cr1_0.created_by_id 
    where
        cr1_0.id=?
2026-05-04 15:18:26.531 [http-nio-8080-exec-2] DEBUG org.hibernate.SQL - 
    select
        u1_0.id,
        u1_0.created_at,
        u1_0.display_name,
        u1_0.email,
        u1_0.last_seen,
        u1_0.online,
        u1_0.password_hash,
        u1_0.username 
    from
        users u1_0 
    where
        u1_0.id=?
2026-05-04 15:18:26.534 [http-nio-8080-exec-4] DEBUG o.e.chat.service.ChatMessageService - Retrieved 1 messages for room ID: 2
2026-05-04 15:18:26.535 [http-nio-8080-exec-4] INFO  o.e.c.c.MessageHistoryController - Retrieved 1 messages for room ID: 2
2026-05-04 15:18:26.537 [http-nio-8080-exec-2] DEBUG o.e.c.controller.ChatRoomController - Retrieved chat room: room for the dummy
2026-05-04 15:18:41.024 [http-nio-8080-exec-1] INFO  o.e.c.l.WebSocketEventListener - User disconnected: nyxx
2026-05-04 15:18:41.029 [http-nio-8080-exec-1] DEBUG org.hibernate.SQL - 
    /* <criteria> */ select
        u1_0.id,
        u1_0.created_at,
        u1_0.display_name,
        u1_0.email,
        u1_0.last_seen,
        u1_0.online,
        u1_0.password_hash,
        u1_0.username 
    from
        users u1_0 
    where
        u1_0.username=?
2026-05-04 15:18:41.033 [http-nio-8080-exec-1] INFO  o.e.chat.service.UserPresenceService - Marking user ID: 2 as offline
2026-05-04 15:18:41.033 [http-nio-8080-exec-1] DEBUG org.hibernate.SQL - 
    select
        u1_0.id,
        u1_0.created_at,
        u1_0.display_name,
        u1_0.email,
        u1_0.last_seen,
        u1_0.online,
        u1_0.password_hash,
        u1_0.username 
    from
        users u1_0 
    where
        u1_0.id=?
2026-05-04 15:18:41.036 [http-nio-8080-exec-1] INFO  o.e.chat.service.UserPresenceService - User ID: 2 marked as offline at 2026-05-04T15:18:41.035751700
2026-05-04 15:18:41.037 [http-nio-8080-exec-1] DEBUG o.e.chat.service.UserPresenceService - Publishing presence update for user ID: 2
2026-05-04 15:18:41.039 [http-nio-8080-exec-1] DEBUG org.hibernate.SQL - 
    /* <criteria> */ select
        rm1_0.id,
        rm1_0.chat_room_id,
        rm1_0.joined_at,
        rm1_0.role,
        rm1_0.user_id 
    from
        room_memberships rm1_0 
    where
        rm1_0.user_id=?
2026-05-04 15:18:41.040 [http-nio-8080-exec-1] DEBUG org.hibernate.SQL - 
    select
        cr1_0.id,
        cr1_0.created_at,
        cb1_0.id,
        cb1_0.created_at,
        cb1_0.display_name,
        cb1_0.email,
        cb1_0.last_seen,
        cb1_0.online,
        cb1_0.password_hash,
        cb1_0.username,
        cr1_0.description,
        cr1_0.name 
    from
        chat_rooms cr1_0 
    left join
        users cb1_0 
            on cb1_0.id=cr1_0.created_by_id 
    where
        cr1_0.id=?
2026-05-04 15:18:41.042 [http-nio-8080-exec-1] DEBUG o.e.chat.service.UserPresenceService - Sending presence update to topic: /topic/presence/2 for user: nyxx
2026-05-04 15:18:41.044 [http-nio-8080-exec-1] INFO  o.e.chat.service.UserPresenceService - Presence updates published for user ID: 2 to 1 rooms
2026-05-04 15:18:41.045 [http-nio-8080-exec-1] DEBUG org.hibernate.SQL - 
    /* update
        for org.example.chat.entity.User */update users 
    set
        created_at=?,
        display_name=?,
        email=?,
        last_seen=?,
        online=?,
        password_hash=?,
        username=? 
    where
        id=?
2026-05-04 15:18:41.788 [http-nio-8080-exec-7] DEBUG org.example.chat.security.JwtUtil - JWT token validated successfully
2026-05-04 15:18:41.788 [http-nio-8080-exec-8] DEBUG org.example.chat.security.JwtUtil - JWT token validated successfully
2026-05-04 15:18:41.788 [http-nio-8080-exec-5] DEBUG org.example.chat.security.JwtUtil - JWT token validated successfully
2026-05-04 15:18:41.791 [http-nio-8080-exec-8] DEBUG org.example.chat.security.JwtUtil - Extracted username from JWT token: nyxx
2026-05-04 15:18:41.791 [http-nio-8080-exec-7] DEBUG org.example.chat.security.JwtUtil - Extracted username from JWT token: nyxx
2026-05-04 15:18:41.795 [http-nio-8080-exec-8] DEBUG org.hibernate.SQL - 
    /* <criteria> */ select
        u1_0.id,
        u1_0.created_at,
        u1_0.display_name,
        u1_0.email,
        u1_0.last_seen,
        u1_0.online,
        u1_0.password_hash,
        u1_0.username 
    from
        users u1_0 
    where
        u1_0.username=?
2026-05-04 15:18:41.797 [http-nio-8080-exec-7] DEBUG org.hibernate.SQL - 
    /* <criteria> */ select
        u1_0.id,
        u1_0.created_at,
        u1_0.display_name,
        u1_0.email,
        u1_0.last_seen,
        u1_0.online,
        u1_0.password_hash,
        u1_0.username 
    from
        users u1_0 
    where
        u1_0.username=?
2026-05-04 15:18:41.797 [http-nio-8080-exec-5] DEBUG org.example.chat.security.JwtUtil - Extracted username from JWT token: nyxx
2026-05-04 15:18:41.799 [http-nio-8080-exec-7] DEBUG o.e.c.s.JwtAuthenticationFilter - Set authentication for user: nyxx
2026-05-04 15:18:41.799 [http-nio-8080-exec-8] DEBUG o.e.c.s.JwtAuthenticationFilter - Set authentication for user: nyxx
2026-05-04 15:18:41.805 [http-nio-8080-exec-7] DEBUG o.e.c.controller.ChatRoomController - Retrieving chat room with ID: 2
2026-05-04 15:18:41.806 [http-nio-8080-exec-8] DEBUG o.e.c.controller.ChatRoomController - Retrieving members for chat room ID: 2
2026-05-04 15:18:41.806 [http-nio-8080-exec-8] DEBUG o.e.chat.service.ChatRoomService - Retrieving members for chat room ID: 2
2026-05-04 15:18:41.805 [http-nio-8080-exec-5] DEBUG org.hibernate.SQL - 
    /* <criteria> */ select
        u1_0.id,
        u1_0.created_at,
        u1_0.display_name,
        u1_0.email,
        u1_0.last_seen,
        u1_0.online,
        u1_0.password_hash,
        u1_0.username 
    from
        users u1_0 
    where
        u1_0.username=?
2026-05-04 15:18:41.806 [http-nio-8080-exec-8] DEBUG o.e.chat.service.ChatRoomService - Retrieving chat room by ID: 2
2026-05-04 15:18:41.809 [http-nio-8080-exec-7] DEBUG org.hibernate.SQL - 
    /* <criteria> */ select
        u1_0.id,
        u1_0.created_at,
        u1_0.display_name,
        u1_0.email,
        u1_0.last_seen,
        u1_0.online,
        u1_0.password_hash,
        u1_0.username 
    from
        users u1_0 
    where
        u1_0.username=?
2026-05-04 15:18:41.809 [http-nio-8080-exec-5] DEBUG o.e.c.s.JwtAuthenticationFilter - Set authentication for user: nyxx
2026-05-04 15:18:41.811 [http-nio-8080-exec-8] DEBUG org.hibernate.SQL - 
    select
        cr1_0.id,
        cr1_0.created_at,
        cb1_0.id,
        cb1_0.created_at,
        cb1_0.display_name,
        cb1_0.email,
        cb1_0.last_seen,
        cb1_0.online,
        cb1_0.password_hash,
        cb1_0.username,
        cr1_0.description,
        cr1_0.name 
    from
        chat_rooms cr1_0 
    left join
        users cb1_0 
            on cb1_0.id=cr1_0.created_by_id 
    where
        cr1_0.id=?
2026-05-04 15:18:41.811 [http-nio-8080-exec-7] DEBUG o.e.chat.service.ChatRoomService - Retrieving chat room by ID: 2
2026-05-04 15:18:41.814 [http-nio-8080-exec-5] INFO  o.e.c.c.MessageHistoryController - Message history request for room ID: 2 by user: nyxx
2026-05-04 15:18:41.817 [http-nio-8080-exec-7] DEBUG org.hibernate.SQL - 
    select
        cr1_0.id,
        cr1_0.created_at,
        cb1_0.id,
        cb1_0.created_at,
        cb1_0.display_name,
        cb1_0.email,
        cb1_0.last_seen,
        cb1_0.online,
        cb1_0.password_hash,
        cb1_0.username,
        cr1_0.description,
        cr1_0.name 
    from
        chat_rooms cr1_0 
    left join
        users cb1_0 
            on cb1_0.id=cr1_0.created_by_id 
    where
        cr1_0.id=?
2026-05-04 15:18:41.821 [http-nio-8080-exec-5] DEBUG org.hibernate.SQL - 
    /* <criteria> */ select
        u1_0.id,
        u1_0.created_at,
        u1_0.display_name,
        u1_0.email,
        u1_0.last_seen,
        u1_0.online,
        u1_0.password_hash,
        u1_0.username 
    from
        users u1_0 
    where
        u1_0.username=?
2026-05-04 15:18:41.821 [http-nio-8080-exec-8] DEBUG org.hibernate.SQL - 
    /* <criteria> */ select
        rm1_0.id,
        rm1_0.chat_room_id,
        rm1_0.joined_at,
        rm1_0.role,
        rm1_0.user_id 
    from
        room_memberships rm1_0 
    where
        rm1_0.chat_room_id=?
2026-05-04 15:18:41.826 [http-nio-8080-exec-7] DEBUG org.hibernate.SQL - 
    /* <criteria> */ select
        rm1_0.id,
        rm1_0.chat_room_id,
        rm1_0.joined_at,
        rm1_0.role,
        rm1_0.user_id 
    from
        room_memberships rm1_0 
    where
        rm1_0.user_id=? 
        and rm1_0.chat_room_id=?
2026-05-04 15:18:41.831 [http-nio-8080-exec-5] DEBUG org.hibernate.SQL - 
    select
        cr1_0.id,
        cr1_0.created_at,
        cb1_0.id,
        cb1_0.created_at,
        cb1_0.display_name,
        cb1_0.email,
        cb1_0.last_seen,
        cb1_0.online,
        cb1_0.password_hash,
        cb1_0.username,
        cr1_0.description,
        cr1_0.name 
    from
        chat_rooms cr1_0 
    left join
        users cb1_0 
            on cb1_0.id=cr1_0.created_by_id 
    where
        cr1_0.id=?
2026-05-04 15:18:41.833 [http-nio-8080-exec-7] DEBUG org.hibernate.SQL - 
    select
        cr1_0.id,
        cr1_0.created_at,
        cb1_0.id,
        cb1_0.created_at,
        cb1_0.display_name,
        cb1_0.email,
        cb1_0.last_seen,
        cb1_0.online,
        cb1_0.password_hash,
        cb1_0.username,
        cr1_0.description,
        cr1_0.name 
    from
        chat_rooms cr1_0 
    left join
        users cb1_0 
            on cb1_0.id=cr1_0.created_by_id 
    where
        cr1_0.id=?
2026-05-04 15:18:41.836 [http-nio-8080-exec-8] DEBUG org.hibernate.SQL - 
    select
        cr1_0.id,
        cr1_0.created_at,
        cb1_0.id,
        cb1_0.created_at,
        cb1_0.display_name,
        cb1_0.email,
        cb1_0.last_seen,
        cb1_0.online,
        cb1_0.password_hash,
        cb1_0.username,
        cr1_0.description,
        cr1_0.name 
    from
        chat_rooms cr1_0 
    left join
        users cb1_0 
            on cb1_0.id=cr1_0.created_by_id 
    where
        cr1_0.id=?
2026-05-04 15:18:41.837 [http-nio-8080-exec-7] DEBUG o.e.c.controller.ChatRoomController - Retrieved chat room: room for the dummy
2026-05-04 15:18:41.840 [http-nio-8080-exec-5] DEBUG org.hibernate.SQL - 
    /* <criteria> */ select
        rm1_0.id,
        rm1_0.chat_room_id,
        rm1_0.joined_at,
        rm1_0.role,
        rm1_0.user_id 
    from
        room_memberships rm1_0 
    where
        rm1_0.user_id=? 
        and rm1_0.chat_room_id=?
2026-05-04 15:18:41.843 [http-nio-8080-exec-3] DEBUG o.e.c.s.WebSocketAuthenticationInterceptor - Processing STOMP CONNECT frame
2026-05-04 15:18:41.844 [http-nio-8080-exec-8] DEBUG org.hibernate.SQL - 
    select
        u1_0.id,
        u1_0.created_at,
        u1_0.display_name,
        u1_0.email,
        u1_0.last_seen,
        u1_0.online,
        u1_0.password_hash,
        u1_0.username 
    from
        users u1_0 
    where
        u1_0.id=?
2026-05-04 15:18:41.845 [http-nio-8080-exec-5] DEBUG org.hibernate.SQL - 
    select
        cr1_0.id,
        cr1_0.created_at,
        cb1_0.id,
        cb1_0.created_at,
        cb1_0.display_name,
        cb1_0.email,
        cb1_0.last_seen,
        cb1_0.online,
        cb1_0.password_hash,
        cb1_0.username,
        cr1_0.description,
        cr1_0.name 
    from
        chat_rooms cr1_0 
    left join
        users cb1_0 
            on cb1_0.id=cr1_0.created_by_id 
    where
        cr1_0.id=?
2026-05-04 15:18:41.849 [http-nio-8080-exec-3] DEBUG org.example.chat.security.JwtUtil - JWT token validated successfully
2026-05-04 15:18:41.850 [http-nio-8080-exec-5] DEBUG o.e.c.c.MessageHistoryController - Membership validated for user ID: 2 in room ID: 2
2026-05-04 15:18:41.850 [http-nio-8080-exec-3] DEBUG org.example.chat.security.JwtUtil - Extracted username from JWT token: nyxx
2026-05-04 15:18:41.851 [http-nio-8080-exec-8] DEBUG o.e.chat.service.ChatRoomService - Found 2 members for chat room ID: 2
2026-05-04 15:18:41.851 [http-nio-8080-exec-7] DEBUG org.example.chat.security.JwtUtil - JWT token validated successfully
2026-05-04 15:18:41.851 [http-nio-8080-exec-3] DEBUG o.e.c.s.WebSocketAuthenticationInterceptor - Extracted username from JWT: nyxx
2026-05-04 15:18:41.851 [http-nio-8080-exec-5] DEBUG o.e.chat.service.ChatMessageService - Retrieving message history for room ID: 2 with pagination: Page request [number: 0, size 50, sort: UNSORTED]
2026-05-04 15:18:41.851 [http-nio-8080-exec-8] DEBUG o.e.c.controller.ChatRoomController - Retrieved 2 members for chat room ID: 2
2026-05-04 15:18:41.854 [http-nio-8080-exec-5] DEBUG org.hibernate.SQL - 
    select
        cr1_0.id,
        cr1_0.created_at,
        cb1_0.id,
        cb1_0.created_at,
        cb1_0.display_name,
        cb1_0.email,
        cb1_0.last_seen,
        cb1_0.online,
        cb1_0.password_hash,
        cb1_0.username,
        cr1_0.description,
        cr1_0.name 
    from
        chat_rooms cr1_0 
    left join
        users cb1_0 
            on cb1_0.id=cr1_0.created_by_id 
    where
        cr1_0.id=?
2026-05-04 15:18:41.855 [http-nio-8080-exec-7] DEBUG org.example.chat.security.JwtUtil - Extracted username from JWT token: nyxx
2026-05-04 15:18:41.861 [http-nio-8080-exec-3] DEBUG org.hibernate.SQL - 
    /* <criteria> */ select
        u1_0.id,
        u1_0.created_at,
        u1_0.display_name,
        u1_0.email,
        u1_0.last_seen,
        u1_0.online,
        u1_0.password_hash,
        u1_0.username 
    from
        users u1_0 
    where
        u1_0.username=?
2026-05-04 15:18:41.861 [http-nio-8080-exec-7] DEBUG org.hibernate.SQL - 
    /* <criteria> */ select
        u1_0.id,
        u1_0.created_at,
        u1_0.display_name,
        u1_0.email,
        u1_0.last_seen,
        u1_0.online,
        u1_0.password_hash,
        u1_0.username 
    from
        users u1_0 
    where
        u1_0.username=?
2026-05-04 15:18:41.866 [http-nio-8080-exec-3] INFO  o.e.c.s.WebSocketAuthenticationInterceptor - WebSocket connection authenticated for user: nyxx
2026-05-04 15:18:41.866 [http-nio-8080-exec-7] DEBUG o.e.c.s.JwtAuthenticationFilter - Set authentication for user: nyxx
2026-05-04 15:18:41.866 [http-nio-8080-exec-3] INFO  o.e.c.l.WebSocketEventListener - User connected: nyxx
2026-05-04 15:18:41.873 [http-nio-8080-exec-7] DEBUG o.e.c.controller.ChatRoomController - Retrieving chat room with ID: 2
2026-05-04 15:18:41.869 [http-nio-8080-exec-1] DEBUG org.example.chat.security.JwtUtil - JWT token validated successfully
2026-05-04 15:18:41.876 [http-nio-8080-exec-3] DEBUG org.hibernate.SQL - 
    /* <criteria> */ select
        u1_0.id,
        u1_0.created_at,
        u1_0.display_name,
        u1_0.email,
        u1_0.last_seen,
        u1_0.online,
        u1_0.password_hash,
        u1_0.username 
    from
        users u1_0 
    where
        u1_0.username=?
2026-05-04 15:18:41.877 [http-nio-8080-exec-5] DEBUG org.hibernate.SQL - 
    /* <criteria> */ select
        m1_0.id,
        m1_0.chat_room_id,
        m1_0.content,
        m1_0.message_type,
        m1_0.sender_id,
        m1_0.timestamp 
    from
        messages m1_0 
    where
        m1_0.chat_room_id=? 
    order by
        m1_0.timestamp 
    fetch
        first ? rows only
2026-05-04 15:18:41.882 [http-nio-8080-exec-1] DEBUG org.example.chat.security.JwtUtil - Extracted username from JWT token: nyxx
2026-05-04 15:18:41.885 [http-nio-8080-exec-3] INFO  o.e.chat.service.UserPresenceService - Marking user ID: 2 as online
2026-05-04 15:18:41.886 [http-nio-8080-exec-5] DEBUG org.hibernate.SQL - 
    select
        cr1_0.id,
        cr1_0.created_at,
        cb1_0.id,
        cb1_0.created_at,
        cb1_0.display_name,
        cb1_0.email,
        cb1_0.last_seen,
        cb1_0.online,
        cb1_0.password_hash,
        cb1_0.username,
        cr1_0.description,
        cr1_0.name 
    from
        chat_rooms cr1_0 
    left join
        users cb1_0 
            on cb1_0.id=cr1_0.created_by_id 
    where
        cr1_0.id=?
2026-05-04 15:18:41.888 [http-nio-8080-exec-7] DEBUG org.hibernate.SQL - 
    /* <criteria> */ select
        u1_0.id,
        u1_0.created_at,
        u1_0.display_name,
        u1_0.email,
        u1_0.last_seen,
        u1_0.online,
        u1_0.password_hash,
        u1_0.username 
    from
        users u1_0 
    where
        u1_0.username=?
2026-05-04 15:18:41.892 [http-nio-8080-exec-1] DEBUG org.hibernate.SQL - 
    /* <criteria> */ select
        u1_0.id,
        u1_0.created_at,
        u1_0.display_name,
        u1_0.email,
        u1_0.last_seen,
        u1_0.online,
        u1_0.password_hash,
        u1_0.username 
    from
        users u1_0 
    where
        u1_0.username=?
2026-05-04 15:18:41.893 [http-nio-8080-exec-5] DEBUG o.e.chat.service.ChatMessageService - Retrieved 1 messages for room ID: 2
2026-05-04 15:18:41.894 [http-nio-8080-exec-5] INFO  o.e.c.c.MessageHistoryController - Retrieved 1 messages for room ID: 2
2026-05-04 15:18:41.894 [http-nio-8080-exec-3] DEBUG org.hibernate.SQL - 
    select
        u1_0.id,
        u1_0.created_at,
        u1_0.display_name,
        u1_0.email,
        u1_0.last_seen,
        u1_0.online,
        u1_0.password_hash,
        u1_0.username 
    from
        users u1_0 
    where
        u1_0.id=?
2026-05-04 15:18:41.894 [http-nio-8080-exec-9] DEBUG org.example.chat.security.JwtUtil - JWT token validated successfully
2026-05-04 15:18:41.893 [http-nio-8080-exec-7] DEBUG o.e.chat.service.ChatRoomService - Retrieving chat room by ID: 2
2026-05-04 15:18:41.896 [http-nio-8080-exec-3] INFO  o.e.chat.service.UserPresenceService - User ID: 2 marked as online at 2026-05-04T15:18:41.895302200
2026-05-04 15:18:41.896 [http-nio-8080-exec-7] DEBUG org.hibernate.SQL - 
    select
        cr1_0.id,
        cr1_0.created_at,
        cb1_0.id,
        cb1_0.created_at,
        cb1_0.display_name,
        cb1_0.email,
        cb1_0.last_seen,
        cb1_0.online,
        cb1_0.password_hash,
        cb1_0.username,
        cr1_0.description,
        cr1_0.name 
    from
        chat_rooms cr1_0 
    left join
        users cb1_0 
            on cb1_0.id=cr1_0.created_by_id 
    where
        cr1_0.id=?
2026-05-04 15:18:41.900 [http-nio-8080-exec-3] DEBUG o.e.chat.service.UserPresenceService - Publishing presence update for user ID: 2
2026-05-04 15:18:41.901 [http-nio-8080-exec-9] DEBUG org.example.chat.security.JwtUtil - Extracted username from JWT token: nyxx
2026-05-04 15:18:41.905 [http-nio-8080-exec-3] DEBUG org.hibernate.SQL - 
    /* <criteria> */ select
        rm1_0.id,
        rm1_0.chat_room_id,
        rm1_0.joined_at,
        rm1_0.role,
        rm1_0.user_id 
    from
        room_memberships rm1_0 
    where
        rm1_0.user_id=?
2026-05-04 15:18:41.905 [http-nio-8080-exec-9] DEBUG org.hibernate.SQL - 
    /* <criteria> */ select
        u1_0.id,
        u1_0.created_at,
        u1_0.display_name,
        u1_0.email,
        u1_0.last_seen,
        u1_0.online,
        u1_0.password_hash,
        u1_0.username 
    from
        users u1_0 
    where
        u1_0.username=?
2026-05-04 15:18:41.908 [http-nio-8080-exec-3] DEBUG org.hibernate.SQL - 
    select
        cr1_0.id,
        cr1_0.created_at,
        cb1_0.id,
        cb1_0.created_at,
        cb1_0.display_name,
        cb1_0.email,
        cb1_0.last_seen,
        cb1_0.online,
        cb1_0.password_hash,
        cb1_0.username,
        cr1_0.description,
        cr1_0.name 
    from
        chat_rooms cr1_0 
    left join
        users cb1_0 
            on cb1_0.id=cr1_0.created_by_id 
    where
        cr1_0.id=?
2026-05-04 15:18:41.908 [http-nio-8080-exec-9] DEBUG o.e.c.s.JwtAuthenticationFilter - Set authentication for user: nyxx
2026-05-04 15:18:41.908 [http-nio-8080-exec-7] DEBUG org.hibernate.SQL - 
    /* <criteria> */ select
        rm1_0.id,
        rm1_0.chat_room_id,
        rm1_0.joined_at,
        rm1_0.role,
        rm1_0.user_id 
    from
        room_memberships rm1_0 
    where
        rm1_0.user_id=? 
        and rm1_0.chat_room_id=?
2026-05-04 15:18:41.912 [http-nio-8080-exec-9] DEBUG o.e.c.controller.ChatRoomController - Retrieving chat room with ID: 2
2026-05-04 15:18:41.909 [http-nio-8080-exec-3] DEBUG o.e.chat.service.UserPresenceService - Sending presence update to topic: /topic/presence/2 for user: nyxx
2026-05-04 15:18:41.912 [http-nio-8080-exec-3] INFO  o.e.chat.service.UserPresenceService - Presence updates published for user ID: 2 to 1 rooms
2026-05-04 15:18:41.913 [http-nio-8080-exec-3] DEBUG org.hibernate.SQL - 
    /* update
        for org.example.chat.entity.User */update users 
    set
        created_at=?,
        display_name=?,
        email=?,
        last_seen=?,
        online=?,
        password_hash=?,
        username=? 
    where
        id=?
2026-05-04 15:18:41.913 [http-nio-8080-exec-9] DEBUG org.hibernate.SQL - 
    /* <criteria> */ select
        u1_0.id,
        u1_0.created_at,
        u1_0.display_name,
        u1_0.email,
        u1_0.last_seen,
        u1_0.online,
        u1_0.password_hash,
        u1_0.username 
    from
        users u1_0 
    where
        u1_0.username=?
2026-05-04 15:18:41.913 [http-nio-8080-exec-7] DEBUG org.hibernate.SQL - 
    select
        cr1_0.id,
        cr1_0.created_at,
        cb1_0.id,
        cb1_0.created_at,
        cb1_0.display_name,
        cb1_0.email,
        cb1_0.last_seen,
        cb1_0.online,
        cb1_0.password_hash,
        cb1_0.username,
        cr1_0.description,
        cr1_0.name 
    from
        chat_rooms cr1_0 
    left join
        users cb1_0 
            on cb1_0.id=cr1_0.created_by_id 
    where
        cr1_0.id=?
2026-05-04 15:18:41.915 [http-nio-8080-exec-5] DEBUG org.example.chat.security.JwtUtil - JWT token validated successfully
2026-05-04 15:18:41.917 [http-nio-8080-exec-7] DEBUG o.e.c.controller.ChatRoomController - Retrieved chat room: room for the dummy
2026-05-04 15:18:41.917 [http-nio-8080-exec-9] DEBUG o.e.chat.service.ChatRoomService - Retrieving chat room by ID: 2
2026-05-04 15:18:41.919 [http-nio-8080-exec-2] DEBUG org.example.chat.security.JwtUtil - JWT token validated successfully
2026-05-04 15:18:41.922 [clientInboundChannel-19] INFO  o.e.c.c.ChatMessageController - User: nyxx joining room: 2
2026-05-04 15:18:41.927 [http-nio-8080-exec-5] DEBUG org.example.chat.security.JwtUtil - Extracted username from JWT token: nyxx
2026-05-04 15:18:41.929 [http-nio-8080-exec-9] DEBUG org.hibernate.SQL - 
    select
        cr1_0.id,
        cr1_0.created_at,
        cb1_0.id,
        cb1_0.created_at,
        cb1_0.display_name,
        cb1_0.email,
        cb1_0.last_seen,
        cb1_0.online,
        cb1_0.password_hash,
        cb1_0.username,
        cr1_0.description,
        cr1_0.name 
    from
        chat_rooms cr1_0 
    left join
        users cb1_0 
            on cb1_0.id=cr1_0.created_by_id 
    where
        cr1_0.id=?
2026-05-04 15:18:41.932 [http-nio-8080-exec-2] DEBUG org.example.chat.security.JwtUtil - Extracted username from JWT token: nyxx
2026-05-04 15:18:41.931 [http-nio-8080-exec-4] DEBUG org.example.chat.security.JwtUtil - JWT token validated successfully
2026-05-04 15:18:41.944 [clientInboundChannel-19] DEBUG org.hibernate.SQL - 
    /* <criteria> */ select
        u1_0.id,
        u1_0.created_at,
        u1_0.display_name,
        u1_0.email,
        u1_0.last_seen,
        u1_0.online,
        u1_0.password_hash,
        u1_0.username 
    from
        users u1_0 
    where
        u1_0.username=?
2026-05-04 15:18:41.953 [http-nio-8080-exec-9] DEBUG org.hibernate.SQL - 
    /* <criteria> */ select
        rm1_0.id,
        rm1_0.chat_room_id,
        rm1_0.joined_at,
        rm1_0.role,
        rm1_0.user_id 
    from
        room_memberships rm1_0 
    where
        rm1_0.user_id=? 
        and rm1_0.chat_room_id=?
2026-05-04 15:18:41.945 [http-nio-8080-exec-4] DEBUG org.example.chat.security.JwtUtil - Extracted username from JWT token: nyxx
2026-05-04 15:18:41.949 [http-nio-8080-exec-2] DEBUG org.hibernate.SQL - 
    /* <criteria> */ select
        u1_0.id,
        u1_0.created_at,
        u1_0.display_name,
        u1_0.email,
        u1_0.last_seen,
        u1_0.online,
        u1_0.password_hash,
        u1_0.username 
    from
        users u1_0 
    where
        u1_0.username=?
2026-05-04 15:18:41.956 [http-nio-8080-exec-9] DEBUG org.hibernate.SQL - 
    select
        cr1_0.id,
        cr1_0.created_at,
        cb1_0.id,
        cb1_0.created_at,
        cb1_0.display_name,
        cb1_0.email,
        cb1_0.last_seen,
        cb1_0.online,
        cb1_0.password_hash,
        cb1_0.username,
        cr1_0.description,
        cr1_0.name 
    from
        chat_rooms cr1_0 
    left join
        users cb1_0 
            on cb1_0.id=cr1_0.created_by_id 
    where
        cr1_0.id=?
2026-05-04 15:18:41.949 [http-nio-8080-exec-5] DEBUG org.hibernate.SQL - 
    /* <criteria> */ select
        u1_0.id,
        u1_0.created_at,
        u1_0.display_name,
        u1_0.email,
        u1_0.last_seen,
        u1_0.online,
        u1_0.password_hash,
        u1_0.username 
    from
        users u1_0 
    where
        u1_0.username=?
2026-05-04 15:18:41.957 [http-nio-8080-exec-2] DEBUG o.e.c.s.JwtAuthenticationFilter - Set authentication for user: nyxx
2026-05-04 15:18:41.954 [http-nio-8080-exec-1] DEBUG o.e.c.s.JwtAuthenticationFilter - Set authentication for user: nyxx
2026-05-04 15:18:41.956 [clientInboundChannel-19] INFO  o.e.chat.service.ChatRoomService - Adding user ID: 2 to chat room ID: 2 with role: null
2026-05-04 15:18:41.957 [http-nio-8080-exec-9] DEBUG o.e.c.controller.ChatRoomController - Retrieved chat room: room for the dummy
2026-05-04 15:18:41.958 [http-nio-8080-exec-5] DEBUG o.e.c.s.JwtAuthenticationFilter - Set authentication for user: nyxx
2026-05-04 15:18:41.958 [http-nio-8080-exec-4] DEBUG org.hibernate.SQL - 
    /* <criteria> */ select
        u1_0.id,
        u1_0.created_at,
        u1_0.display_name,
        u1_0.email,
        u1_0.last_seen,
        u1_0.online,
        u1_0.password_hash,
        u1_0.username 
    from
        users u1_0 
    where
        u1_0.username=?
2026-05-04 15:18:41.958 [clientInboundChannel-19] DEBUG o.e.chat.service.ChatRoomService - Retrieving chat room by ID: 2
2026-05-04 15:18:41.968 [clientInboundChannel-19] DEBUG org.hibernate.SQL - 
    select
        cr1_0.id,
        cr1_0.created_at,
        cb1_0.id,
        cb1_0.created_at,
        cb1_0.display_name,
        cb1_0.email,
        cb1_0.last_seen,
        cb1_0.online,
        cb1_0.password_hash,
        cb1_0.username,
        cr1_0.description,
        cr1_0.name 
    from
        chat_rooms cr1_0 
    left join
        users cb1_0 
            on cb1_0.id=cr1_0.created_by_id 
    where
        cr1_0.id=?
2026-05-04 15:18:41.959 [http-nio-8080-exec-1] DEBUG o.e.c.controller.ChatRoomController - Retrieving members for chat room ID: 2
2026-05-04 15:18:41.959 [http-nio-8080-exec-2] DEBUG o.e.c.controller.ChatRoomController - Retrieving members for chat room ID: 2
2026-05-04 15:18:41.960 [http-nio-8080-exec-5] INFO  o.e.c.c.MessageHistoryController - Message history request for room ID: 2 by user: nyxx
2026-05-04 15:18:41.969 [http-nio-8080-exec-1] DEBUG o.e.chat.service.ChatRoomService - Retrieving members for chat room ID: 2
2026-05-04 15:18:41.966 [http-nio-8080-exec-4] DEBUG o.e.c.s.JwtAuthenticationFilter - Set authentication for user: nyxx
2026-05-04 15:18:41.969 [http-nio-8080-exec-2] DEBUG o.e.chat.service.ChatRoomService - Retrieving members for chat room ID: 2
2026-05-04 15:18:41.972 [http-nio-8080-exec-2] DEBUG o.e.chat.service.ChatRoomService - Retrieving chat room by ID: 2
2026-05-04 15:18:41.971 [http-nio-8080-exec-1] DEBUG o.e.chat.service.ChatRoomService - Retrieving chat room by ID: 2
2026-05-04 15:18:41.973 [http-nio-8080-exec-2] DEBUG org.hibernate.SQL - 
    select
        cr1_0.id,
        cr1_0.created_at,
        cb1_0.id,
        cb1_0.created_at,
        cb1_0.display_name,
        cb1_0.email,
        cb1_0.last_seen,
        cb1_0.online,
        cb1_0.password_hash,
        cb1_0.username,
        cr1_0.description,
        cr1_0.name 
    from
        chat_rooms cr1_0 
    left join
        users cb1_0 
            on cb1_0.id=cr1_0.created_by_id 
    where
        cr1_0.id=?
2026-05-04 15:18:41.973 [http-nio-8080-exec-1] DEBUG org.hibernate.SQL - 
    select
        cr1_0.id,
        cr1_0.created_at,
        cb1_0.id,
        cb1_0.created_at,
        cb1_0.display_name,
        cb1_0.email,
        cb1_0.last_seen,
        cb1_0.online,
        cb1_0.password_hash,
        cb1_0.username,
        cr1_0.description,
        cr1_0.name 
    from
        chat_rooms cr1_0 
    left join
        users cb1_0 
            on cb1_0.id=cr1_0.created_by_id 
    where
        cr1_0.id=?
2026-05-04 15:18:41.975 [http-nio-8080-exec-4] INFO  o.e.c.c.MessageHistoryController - Message history request for room ID: 2 by user: nyxx
2026-05-04 15:18:41.974 [http-nio-8080-exec-5] DEBUG org.hibernate.SQL - 
    /* <criteria> */ select
        u1_0.id,
        u1_0.created_at,
        u1_0.display_name,
        u1_0.email,
        u1_0.last_seen,
        u1_0.online,
        u1_0.password_hash,
        u1_0.username 
    from
        users u1_0 
    where
        u1_0.username=?
2026-05-04 15:18:41.980 [http-nio-8080-exec-2] DEBUG org.hibernate.SQL - 
    /* <criteria> */ select
        rm1_0.id,
        rm1_0.chat_room_id,
        rm1_0.joined_at,
        rm1_0.role,
        rm1_0.user_id 
    from
        room_memberships rm1_0 
    where
        rm1_0.chat_room_id=?
2026-05-04 15:18:41.981 [clientInboundChannel-19] DEBUG org.hibernate.SQL - 
    /* <criteria> */ select
        rm1_0.id,
        rm1_0.chat_room_id,
        rm1_0.joined_at,
        rm1_0.role,
        rm1_0.user_id 
    from
        room_memberships rm1_0 
    where
        rm1_0.user_id=? 
        and rm1_0.chat_room_id=?
2026-05-04 15:18:41.982 [http-nio-8080-exec-2] DEBUG org.hibernate.SQL - 
    select
        cr1_0.id,
        cr1_0.created_at,
        cb1_0.id,
        cb1_0.created_at,
        cb1_0.display_name,
        cb1_0.email,
        cb1_0.last_seen,
        cb1_0.online,
        cb1_0.password_hash,
        cb1_0.username,
        cr1_0.description,
        cr1_0.name 
    from
        chat_rooms cr1_0 
    left join
        users cb1_0 
            on cb1_0.id=cr1_0.created_by_id 
    where
        cr1_0.id=?
2026-05-04 15:18:41.983 [clientInboundChannel-19] DEBUG o.e.chat.service.ChatRoomService - User 2 is already a member of room 2, returning existing membership
2026-05-04 15:18:41.985 [http-nio-8080-exec-2] DEBUG org.hibernate.SQL - 
    select
        u1_0.id,
        u1_0.created_at,
        u1_0.display_name,
        u1_0.email,
        u1_0.last_seen,
        u1_0.online,
        u1_0.password_hash,
        u1_0.username 
    from
        users u1_0 
    where
        u1_0.id=?
2026-05-04 15:18:41.985 [http-nio-8080-exec-5] DEBUG org.hibernate.SQL - 
    select
        cr1_0.id,
        cr1_0.created_at,
        cb1_0.id,
        cb1_0.created_at,
        cb1_0.display_name,
        cb1_0.email,
        cb1_0.last_seen,
        cb1_0.online,
        cb1_0.password_hash,
        cb1_0.username,
        cr1_0.description,
        cr1_0.name 
    from
        chat_rooms cr1_0 
    left join
        users cb1_0 
            on cb1_0.id=cr1_0.created_by_id 
    where
        cr1_0.id=?
2026-05-04 15:18:41.988 [http-nio-8080-exec-2] DEBUG o.e.chat.service.ChatRoomService - Found 2 members for chat room ID: 2
2026-05-04 15:18:41.989 [http-nio-8080-exec-2] DEBUG o.e.c.controller.ChatRoomController - Retrieved 2 members for chat room ID: 2
2026-05-04 15:18:41.986 [http-nio-8080-exec-1] DEBUG org.hibernate.SQL - 
    /* <criteria> */ select
        rm1_0.id,
        rm1_0.chat_room_id,
        rm1_0.joined_at,
        rm1_0.role,
        rm1_0.user_id 
    from
        room_memberships rm1_0 
    where
        rm1_0.chat_room_id=?
2026-05-04 15:18:41.994 [http-nio-8080-exec-4] DEBUG org.hibernate.SQL - 
    /* <criteria> */ select
        u1_0.id,
        u1_0.created_at,
        u1_0.display_name,
        u1_0.email,
        u1_0.last_seen,
        u1_0.online,
        u1_0.password_hash,
        u1_0.username 
    from
        users u1_0 
    where
        u1_0.username=?
2026-05-04 15:18:41.996 [http-nio-8080-exec-1] DEBUG org.hibernate.SQL - 
    select
        cr1_0.id,
        cr1_0.created_at,
        cb1_0.id,
        cb1_0.created_at,
        cb1_0.display_name,
        cb1_0.email,
        cb1_0.last_seen,
        cb1_0.online,
        cb1_0.password_hash,
        cb1_0.username,
        cr1_0.description,
        cr1_0.name 
    from
        chat_rooms cr1_0 
    left join
        users cb1_0 
            on cb1_0.id=cr1_0.created_by_id 
    where
        cr1_0.id=?
2026-05-04 15:18:41.996 [http-nio-8080-exec-4] DEBUG org.hibernate.SQL - 
    select
        cr1_0.id,
        cr1_0.created_at,
        cb1_0.id,
        cb1_0.created_at,
        cb1_0.display_name,
        cb1_0.email,
        cb1_0.last_seen,
        cb1_0.online,
        cb1_0.password_hash,
        cb1_0.username,
        cr1_0.description,
        cr1_0.name 
    from
        chat_rooms cr1_0 
    left join
        users cb1_0 
            on cb1_0.id=cr1_0.created_by_id 
    where
        cr1_0.id=?
2026-05-04 15:18:41.999 [http-nio-8080-exec-1] DEBUG org.hibernate.SQL - 
    select
        u1_0.id,
        u1_0.created_at,
        u1_0.display_name,
        u1_0.email,
        u1_0.last_seen,
        u1_0.online,
        u1_0.password_hash,
        u1_0.username 
    from
        users u1_0 
    where
        u1_0.id=?
2026-05-04 15:18:42.002 [http-nio-8080-exec-1] DEBUG o.e.chat.service.ChatRoomService - Found 2 members for chat room ID: 2
2026-05-04 15:18:42.003 [clientInboundChannel-19] DEBUG o.e.chat.service.ChatRoomService - Retrieving chat room by ID: 2
2026-05-04 15:18:42.005 [http-nio-8080-exec-1] DEBUG o.e.c.controller.ChatRoomController - Retrieved 2 members for chat room ID: 2
2026-05-04 15:18:42.005 [clientInboundChannel-19] DEBUG org.hibernate.SQL - 
    select
        cr1_0.id,
        cr1_0.created_at,
        cb1_0.id,
        cb1_0.created_at,
        cb1_0.display_name,
        cb1_0.email,
        cb1_0.last_seen,
        cb1_0.online,
        cb1_0.password_hash,
        cb1_0.username,
        cr1_0.description,
        cr1_0.name 
    from
        chat_rooms cr1_0 
    left join
        users cb1_0 
            on cb1_0.id=cr1_0.created_by_id 
    where
        cr1_0.id=?
2026-05-04 15:18:42.011 [clientInboundChannel-19] INFO  o.e.c.c.ChatMessageController - User: nyxx successfully joined room: 2
2026-05-04 15:18:42.011 [http-nio-8080-exec-5] DEBUG org.hibernate.SQL - 
    /* <criteria> */ select
        rm1_0.id,
        rm1_0.chat_room_id,
        rm1_0.joined_at,
        rm1_0.role,
        rm1_0.user_id 
    from
        room_memberships rm1_0 
    where
        rm1_0.user_id=? 
        and rm1_0.chat_room_id=?
2026-05-04 15:18:42.015 [http-nio-8080-exec-5] DEBUG org.hibernate.SQL - 
    select
        cr1_0.id,
        cr1_0.created_at,
        cb1_0.id,
        cb1_0.created_at,
        cb1_0.display_name,
        cb1_0.email,
        cb1_0.last_seen,
        cb1_0.online,
        cb1_0.password_hash,
        cb1_0.username,
        cr1_0.description,
        cr1_0.name 
    from
        chat_rooms cr1_0 
    left join
        users cb1_0 
            on cb1_0.id=cr1_0.created_by_id 
    where
        cr1_0.id=?
2026-05-04 15:18:42.012 [http-nio-8080-exec-4] DEBUG org.hibernate.SQL - 
    /* <criteria> */ select
        rm1_0.id,
        rm1_0.chat_room_id,
        rm1_0.joined_at,
        rm1_0.role,
        rm1_0.user_id 
    from
        room_memberships rm1_0 
    where
        rm1_0.user_id=? 
        and rm1_0.chat_room_id=?
2026-05-04 15:18:42.022 [http-nio-8080-exec-5] DEBUG o.e.c.c.MessageHistoryController - Membership validated for user ID: 2 in room ID: 2
2026-05-04 15:18:42.022 [http-nio-8080-exec-5] DEBUG o.e.chat.service.ChatMessageService - Retrieving message history for room ID: 2 with pagination: Page request [number: 0, size 50, sort: UNSORTED]
2026-05-04 15:18:42.023 [http-nio-8080-exec-4] DEBUG org.hibernate.SQL - 
    select
        cr1_0.id,
        cr1_0.created_at,
        cb1_0.id,
        cb1_0.created_at,
        cb1_0.display_name,
        cb1_0.email,
        cb1_0.last_seen,
        cb1_0.online,
        cb1_0.password_hash,
        cb1_0.username,
        cr1_0.description,
        cr1_0.name 
    from
        chat_rooms cr1_0 
    left join
        users cb1_0 
            on cb1_0.id=cr1_0.created_by_id 
    where
        cr1_0.id=?
2026-05-04 15:18:42.025 [http-nio-8080-exec-4] DEBUG o.e.c.c.MessageHistoryController - Membership validated for user ID: 2 in room ID: 2
2026-05-04 15:18:42.025 [http-nio-8080-exec-5] DEBUG org.hibernate.SQL - 
    select
        cr1_0.id,
        cr1_0.created_at,
        cb1_0.id,
        cb1_0.created_at,
        cb1_0.display_name,
        cb1_0.email,
        cb1_0.last_seen,
        cb1_0.online,
        cb1_0.password_hash,
        cb1_0.username,
        cr1_0.description,
        cr1_0.name 
    from
        chat_rooms cr1_0 
    left join
        users cb1_0 
            on cb1_0.id=cr1_0.created_by_id 
    where
        cr1_0.id=?
2026-05-04 15:18:42.026 [http-nio-8080-exec-4] DEBUG o.e.chat.service.ChatMessageService - Retrieving message history for room ID: 2 with pagination: Page request [number: 0, size 50, sort: UNSORTED]
2026-05-04 15:18:42.027 [http-nio-8080-exec-4] DEBUG org.hibernate.SQL - 
    select
        cr1_0.id,
        cr1_0.created_at,
        cb1_0.id,
        cb1_0.created_at,
        cb1_0.display_name,
        cb1_0.email,
        cb1_0.last_seen,
        cb1_0.online,
        cb1_0.password_hash,
        cb1_0.username,
        cr1_0.description,
        cr1_0.name 
    from
        chat_rooms cr1_0 
    left join
        users cb1_0 
            on cb1_0.id=cr1_0.created_by_id 
    where
        cr1_0.id=?
2026-05-04 15:18:42.033 [http-nio-8080-exec-4] DEBUG org.hibernate.SQL - 
    /* <criteria> */ select
        m1_0.id,
        m1_0.chat_room_id,
        m1_0.content,
        m1_0.message_type,
        m1_0.sender_id,
        m1_0.timestamp 
    from
        messages m1_0 
    where
        m1_0.chat_room_id=? 
    order by
        m1_0.timestamp 
    fetch
        first ? rows only
2026-05-04 15:18:42.034 [http-nio-8080-exec-5] DEBUG org.hibernate.SQL - 
    /* <criteria> */ select
        m1_0.id,
        m1_0.chat_room_id,
        m1_0.content,
        m1_0.message_type,
        m1_0.sender_id,
        m1_0.timestamp 
    from
        messages m1_0 
    where
        m1_0.chat_room_id=? 
    order by
        m1_0.timestamp 
    fetch
        first ? rows only
2026-05-04 15:18:42.035 [http-nio-8080-exec-4] DEBUG org.hibernate.SQL - 
    select
        cr1_0.id,
        cr1_0.created_at,
        cb1_0.id,
        cb1_0.created_at,
        cb1_0.display_name,
        cb1_0.email,
        cb1_0.last_seen,
        cb1_0.online,
        cb1_0.password_hash,
        cb1_0.username,
        cr1_0.description,
        cr1_0.name 
    from
        chat_rooms cr1_0 
    left join
        users cb1_0 
            on cb1_0.id=cr1_0.created_by_id 
    where
        cr1_0.id=?
2026-05-04 15:18:42.035 [http-nio-8080-exec-5] DEBUG org.hibernate.SQL - 
    select
        cr1_0.id,
        cr1_0.created_at,
        cb1_0.id,
        cb1_0.created_at,
        cb1_0.display_name,
        cb1_0.email,
        cb1_0.last_seen,
        cb1_0.online,
        cb1_0.password_hash,
        cb1_0.username,
        cr1_0.description,
        cr1_0.name 
    from
        chat_rooms cr1_0 
    left join
        users cb1_0 
            on cb1_0.id=cr1_0.created_by_id 
    where
        cr1_0.id=?
2026-05-04 15:18:42.037 [http-nio-8080-exec-4] DEBUG o.e.chat.service.ChatMessageService - Retrieved 1 messages for room ID: 2
2026-05-04 15:18:42.037 [http-nio-8080-exec-5] DEBUG o.e.chat.service.ChatMessageService - Retrieved 1 messages for room ID: 2
2026-05-04 15:18:42.037 [http-nio-8080-exec-4] INFO  o.e.c.c.MessageHistoryController - Retrieved 1 messages for room ID: 2
2026-05-04 15:18:42.037 [http-nio-8080-exec-5] INFO  o.e.c.c.MessageHistoryController - Retrieved 1 messages for room ID: 2
2026-05-04 15:18:46.617 [clientInboundChannel-26] INFO  o.e.c.c.ChatMessageController - Received message from user: nyxx for room: 2
2026-05-04 15:18:46.620 [clientInboundChannel-26] DEBUG org.hibernate.SQL - 
    /* <criteria> */ select
        u1_0.id,
        u1_0.created_at,
        u1_0.display_name,
        u1_0.email,
        u1_0.last_seen,
        u1_0.online,
        u1_0.password_hash,
        u1_0.username 
    from
        users u1_0 
    where
        u1_0.username=?
2026-05-04 15:18:46.623 [clientInboundChannel-26] INFO  o.e.chat.service.ChatMessageService - User ID: 2 attempting to send message to room ID: 2
2026-05-04 15:18:46.624 [clientInboundChannel-26] DEBUG org.hibernate.SQL - 
    select
        u1_0.id,
        u1_0.created_at,
        u1_0.display_name,
        u1_0.email,
        u1_0.last_seen,
        u1_0.online,
        u1_0.password_hash,
        u1_0.username 
    from
        users u1_0 
    where
        u1_0.id=?
2026-05-04 15:18:46.626 [clientInboundChannel-26] DEBUG org.hibernate.SQL - 
    select
        cr1_0.id,
        cr1_0.created_at,
        cb1_0.id,
        cb1_0.created_at,
        cb1_0.display_name,
        cb1_0.email,
        cb1_0.last_seen,
        cb1_0.online,
        cb1_0.password_hash,
        cb1_0.username,
        cr1_0.description,
        cr1_0.name 
    from
        chat_rooms cr1_0 
    left join
        users cb1_0 
            on cb1_0.id=cr1_0.created_by_id 
    where
        cr1_0.id=?
2026-05-04 15:18:46.628 [clientInboundChannel-26] DEBUG org.hibernate.SQL - 
    /* <criteria> */ select
        rm1_0.id,
        rm1_0.chat_room_id,
        rm1_0.joined_at,
        rm1_0.role,
        rm1_0.user_id 
    from
        room_memberships rm1_0 
    where
        rm1_0.user_id=? 
        and rm1_0.chat_room_id=?
2026-05-04 15:18:46.630 [clientInboundChannel-26] DEBUG o.e.chat.service.ChatMessageService - Membership validated for user ID: 2 in room ID: 2
2026-05-04 15:18:46.633 [clientInboundChannel-26] DEBUG org.hibernate.SQL - 
    /* insert for
        org.example.chat.entity.Message */insert 
    into
        messages (chat_room_id, content, message_type, sender_id, timestamp) 
    values
        (?, ?, ?, ?, ?)
2026-05-04 15:18:46.652 [clientInboundChannel-26] INFO  o.e.chat.service.ChatMessageService - Message persisted with ID: 7 in room ID: 2
2026-05-04 15:18:46.652 [clientInboundChannel-26] DEBUG o.e.chat.service.ChatMessageService - Broadcasting message ID: 7 to topic: /topic/room/2
2026-05-04 15:18:46.665 [clientInboundChannel-26] INFO  o.e.chat.service.ChatMessageService - Message ID: 7 successfully broadcast to topic: /topic/room/2
2026-05-04 15:18:46.666 [clientInboundChannel-26] INFO  o.e.c.c.ChatMessageController - Message sent successfully by user: nyxx to room: 2
2026-05-04 15:18:52.767 [clientInboundChannel-23] INFO  o.e.c.c.ChatMessageController - Received message from user: nics1928 for room: 2
2026-05-04 15:18:53.018 [clientInboundChannel-23] DEBUG org.hibernate.SQL - 
    /* <criteria> */ select
        u1_0.id,
        u1_0.created_at,
        u1_0.display_name,
        u1_0.email,
        u1_0.last_seen,
        u1_0.online,
        u1_0.password_hash,
        u1_0.username 
    from
        users u1_0 
    where
        u1_0.username=?
2026-05-04 15:18:53.022 [clientInboundChannel-23] INFO  o.e.chat.service.ChatMessageService - User ID: 3 attempting to send message to room ID: 2
2026-05-04 15:18:53.023 [clientInboundChannel-23] DEBUG org.hibernate.SQL - 
    select
        u1_0.id,
        u1_0.created_at,
        u1_0.display_name,
        u1_0.email,
        u1_0.last_seen,
        u1_0.online,
        u1_0.password_hash,
        u1_0.username 
    from
        users u1_0 
    where
        u1_0.id=?
2026-05-04 15:18:53.024 [clientInboundChannel-23] DEBUG org.hibernate.SQL - 
    select
        cr1_0.id,
        cr1_0.created_at,
        cb1_0.id,
        cb1_0.created_at,
        cb1_0.display_name,
        cb1_0.email,
        cb1_0.last_seen,
        cb1_0.online,
        cb1_0.password_hash,
        cb1_0.username,
        cr1_0.description,
        cr1_0.name 
    from
        chat_rooms cr1_0 
    left join
        users cb1_0 
            on cb1_0.id=cr1_0.created_by_id 
    where
        cr1_0.id=?
2026-05-04 15:18:53.028 [clientInboundChannel-23] DEBUG org.hibernate.SQL - 
    /* <criteria> */ select
        rm1_0.id,
        rm1_0.chat_room_id,
        rm1_0.joined_at,
        rm1_0.role,
        rm1_0.user_id 
    from
        room_memberships rm1_0 
    where
        rm1_0.user_id=? 
        and rm1_0.chat_room_id=?
2026-05-04 15:18:53.029 [clientInboundChannel-23] DEBUG o.e.chat.service.ChatMessageService - Membership validated for user ID: 3 in room ID: 2
2026-05-04 15:18:53.030 [clientInboundChannel-23] DEBUG org.hibernate.SQL - 
    /* insert for
        org.example.chat.entity.Message */insert 
    into
        messages (chat_room_id, content, message_type, sender_id, timestamp) 
    values
        (?, ?, ?, ?, ?)
2026-05-04 15:18:53.033 [clientInboundChannel-23] INFO  o.e.chat.service.ChatMessageService - Message persisted with ID: 8 in room ID: 2
2026-05-04 15:18:53.033 [clientInboundChannel-23] DEBUG o.e.chat.service.ChatMessageService - Broadcasting message ID: 8 to topic: /topic/room/2
2026-05-04 15:18:53.044 [clientInboundChannel-23] INFO  o.e.chat.service.ChatMessageService - Message ID: 8 successfully broadcast to topic: /topic/room/2
2026-05-04 15:18:53.048 [clientInboundChannel-23] INFO  o.e.c.c.ChatMessageController - Message sent successfully by user: nics1928 to room: 2
2026-05-04 15:26:38.162 [clientInboundChannel-29] INFO  o.e.c.c.ChatMessageController - Received message from user: nyxx for room: 2
2026-05-04 15:26:38.476 [clientInboundChannel-29] DEBUG org.hibernate.SQL - 
    /* <criteria> */ select
        u1_0.id,
        u1_0.created_at,
        u1_0.display_name,
        u1_0.email,
        u1_0.last_seen,
        u1_0.online,
        u1_0.password_hash,
        u1_0.username 
    from
        users u1_0 
    where
        u1_0.username=?
2026-05-04 15:26:38.637 [clientInboundChannel-29] INFO  o.e.chat.service.ChatMessageService - User ID: 2 attempting to send message to room ID: 2
2026-05-04 15:26:38.660 [clientInboundChannel-29] DEBUG org.hibernate.SQL - 
    select
        u1_0.id,
        u1_0.created_at,
        u1_0.display_name,
        u1_0.email,
        u1_0.last_seen,
        u1_0.online,
        u1_0.password_hash,
        u1_0.username 
    from
        users u1_0 
    where
        u1_0.id=?
2026-05-04 15:26:38.673 [clientInboundChannel-29] DEBUG org.hibernate.SQL - 
    select
        cr1_0.id,
        cr1_0.created_at,
        cb1_0.id,
        cb1_0.created_at,
        cb1_0.display_name,
        cb1_0.email,
        cb1_0.last_seen,
        cb1_0.online,
        cb1_0.password_hash,
        cb1_0.username,
        cr1_0.description,
        cr1_0.name 
    from
        chat_rooms cr1_0 
    left join
        users cb1_0 
            on cb1_0.id=cr1_0.created_by_id 
    where
        cr1_0.id=?
2026-05-04 15:26:38.722 [clientInboundChannel-29] DEBUG org.hibernate.SQL - 
    /* <criteria> */ select
        rm1_0.id,
        rm1_0.chat_room_id,
        rm1_0.joined_at,
        rm1_0.role,
        rm1_0.user_id 
    from
        room_memberships rm1_0 
    where
        rm1_0.user_id=? 
        and rm1_0.chat_room_id=?
2026-05-04 15:26:38.729 [clientInboundChannel-29] DEBUG o.e.chat.service.ChatMessageService - Membership validated for user ID: 2 in room ID: 2
2026-05-04 15:26:38.773 [clientInboundChannel-29] DEBUG org.hibernate.SQL - 
    /* insert for
        org.example.chat.entity.Message */insert 
    into
        messages (chat_room_id, content, message_type, sender_id, timestamp) 
    values
        (?, ?, ?, ?, ?)
2026-05-04 15:26:38.847 [clientInboundChannel-29] INFO  o.e.chat.service.ChatMessageService - Message persisted with ID: 9 in room ID: 2
2026-05-04 15:26:38.848 [clientInboundChannel-29] DEBUG o.e.chat.service.ChatMessageService - Broadcasting message ID: 9 to topic: /topic/room/2
2026-05-04 15:26:38.892 [clientInboundChannel-29] INFO  o.e.chat.service.ChatMessageService - Message ID: 9 successfully broadcast to topic: /topic/room/2
2026-05-04 15:26:38.906 [clientInboundChannel-29] INFO  o.e.c.c.ChatMessageController - Message sent successfully by user: nyxx to room: 2
2026-05-04 15:26:49.696 [clientInboundChannel-32] INFO  o.e.c.c.ChatMessageController - Received message from user: nics1928 for room: 2
2026-05-04 15:26:49.698 [clientInboundChannel-32] DEBUG org.hibernate.SQL - 
    /* <criteria> */ select
        u1_0.id,
        u1_0.created_at,
        u1_0.display_name,
        u1_0.email,
        u1_0.last_seen,
        u1_0.online,
        u1_0.password_hash,
        u1_0.username 
    from
        users u1_0 
    where
        u1_0.username=?
2026-05-04 15:26:49.702 [clientInboundChannel-32] INFO  o.e.chat.service.ChatMessageService - User ID: 3 attempting to send message to room ID: 2
2026-05-04 15:26:49.703 [clientInboundChannel-32] DEBUG org.hibernate.SQL - 
    select
        u1_0.id,
        u1_0.created_at,
        u1_0.display_name,
        u1_0.email,
        u1_0.last_seen,
        u1_0.online,
        u1_0.password_hash,
        u1_0.username 
    from
        users u1_0 
    where
        u1_0.id=?
2026-05-04 15:26:49.705 [clientInboundChannel-32] DEBUG org.hibernate.SQL - 
    select
        cr1_0.id,
        cr1_0.created_at,
        cb1_0.id,
        cb1_0.created_at,
        cb1_0.display_name,
        cb1_0.email,
        cb1_0.last_seen,
        cb1_0.online,
        cb1_0.password_hash,
        cb1_0.username,
        cr1_0.description,
        cr1_0.name 
    from
        chat_rooms cr1_0 
    left join
        users cb1_0 
            on cb1_0.id=cr1_0.created_by_id 
    where
        cr1_0.id=?
2026-05-04 15:26:49.709 [clientInboundChannel-32] DEBUG org.hibernate.SQL - 
    /* <criteria> */ select
        rm1_0.id,
        rm1_0.chat_room_id,
        rm1_0.joined_at,
        rm1_0.role,
        rm1_0.user_id 
    from
        room_memberships rm1_0 
    where
        rm1_0.user_id=? 
        and rm1_0.chat_room_id=?
2026-05-04 15:26:49.710 [clientInboundChannel-32] DEBUG o.e.chat.service.ChatMessageService - Membership validated for user ID: 3 in room ID: 2
2026-05-04 15:26:49.711 [clientInboundChannel-32] DEBUG org.hibernate.SQL - 
    /* insert for
        org.example.chat.entity.Message */insert 
    into
        messages (chat_room_id, content, message_type, sender_id, timestamp) 
    values
        (?, ?, ?, ?, ?)
2026-05-04 15:26:49.717 [clientInboundChannel-32] INFO  o.e.chat.service.ChatMessageService - Message persisted with ID: 10 in room ID: 2
2026-05-04 15:26:49.717 [clientInboundChannel-32] DEBUG o.e.chat.service.ChatMessageService - Broadcasting message ID: 10 to topic: /topic/room/2
2026-05-04 15:26:49.720 [clientInboundChannel-32] INFO  o.e.chat.service.ChatMessageService - Message ID: 10 successfully broadcast to topic: /topic/room/2
2026-05-04 15:26:49.723 [clientInboundChannel-32] INFO  o.e.c.c.ChatMessageController - Message sent successfully by user: nics1928 to room: 2
2026-05-04 15:27:44.029 [clientInboundChannel-35] INFO  o.e.c.c.ChatMessageController - Received message from user: nyxx for room: 2
2026-05-04 15:27:44.495 [clientInboundChannel-35] DEBUG org.hibernate.SQL - 
    /* <criteria> */ select
        u1_0.id,
        u1_0.created_at,
        u1_0.display_name,
        u1_0.email,
        u1_0.last_seen,
        u1_0.online,
        u1_0.password_hash,
        u1_0.username 
    from
        users u1_0 
    where
        u1_0.username=?
2026-05-04 15:27:44.842 [clientInboundChannel-35] INFO  o.e.chat.service.ChatMessageService - User ID: 2 attempting to send message to room ID: 2
2026-05-04 15:27:44.881 [clientInboundChannel-35] DEBUG org.hibernate.SQL - 
    select
        u1_0.id,
        u1_0.created_at,
        u1_0.display_name,
        u1_0.email,
        u1_0.last_seen,
        u1_0.online,
        u1_0.password_hash,
        u1_0.username 
    from
        users u1_0 
    where
        u1_0.id=?
2026-05-04 15:27:44.927 [clientInboundChannel-35] DEBUG org.hibernate.SQL - 
    select
        cr1_0.id,
        cr1_0.created_at,
        cb1_0.id,
        cb1_0.created_at,
        cb1_0.display_name,
        cb1_0.email,
        cb1_0.last_seen,
        cb1_0.online,
        cb1_0.password_hash,
        cb1_0.username,
        cr1_0.description,
        cr1_0.name 
    from
        chat_rooms cr1_0 
    left join
        users cb1_0 
            on cb1_0.id=cr1_0.created_by_id 
    where
        cr1_0.id=?
2026-05-04 15:27:45.026 [clientInboundChannel-35] DEBUG org.hibernate.SQL - 
    /* <criteria> */ select
        rm1_0.id,
        rm1_0.chat_room_id,
        rm1_0.joined_at,
        rm1_0.role,
        rm1_0.user_id 
    from
        room_memberships rm1_0 
    where
        rm1_0.user_id=? 
        and rm1_0.chat_room_id=?
2026-05-04 15:27:45.037 [clientInboundChannel-35] DEBUG o.e.chat.service.ChatMessageService - Membership validated for user ID: 2 in room ID: 2
2026-05-04 15:27:45.145 [clientInboundChannel-35] DEBUG org.hibernate.SQL - 
    /* insert for
        org.example.chat.entity.Message */insert 
    into
        messages (chat_room_id, content, message_type, sender_id, timestamp) 
    values
        (?, ?, ?, ?, ?)
2026-05-04 15:27:45.268 [clientInboundChannel-35] INFO  o.e.chat.service.ChatMessageService - Message persisted with ID: 11 in room ID: 2
2026-05-04 15:27:45.268 [clientInboundChannel-35] DEBUG o.e.chat.service.ChatMessageService - Broadcasting message ID: 11 to topic: /topic/room/2
2026-05-04 15:27:45.309 [clientInboundChannel-35] INFO  o.e.chat.service.ChatMessageService - Message ID: 11 successfully broadcast to topic: /topic/room/2
2026-05-04 15:27:45.333 [clientInboundChannel-35] INFO  o.e.c.c.ChatMessageController - Message sent successfully by user: nyxx to room: 2
2026-05-04 15:27:51.480 [clientInboundChannel-38] INFO  o.e.c.c.ChatMessageController - User: nyxx leaving room: 2
2026-05-04 15:27:51.484 [clientInboundChannel-38] DEBUG org.hibernate.SQL - 
    /* <criteria> */ select
        u1_0.id,
        u1_0.created_at,
        u1_0.display_name,
        u1_0.email,
        u1_0.last_seen,
        u1_0.online,
        u1_0.password_hash,
        u1_0.username 
    from
        users u1_0 
    where
        u1_0.username=?
2026-05-04 15:27:51.491 [clientInboundChannel-38] INFO  o.e.chat.service.ChatRoomService - Removing user ID: 2 from chat room ID: 2
2026-05-04 15:27:51.493 [clientInboundChannel-38] DEBUG o.e.chat.service.ChatRoomService - Retrieving chat room by ID: 2
2026-05-04 15:27:51.495 [clientInboundChannel-38] DEBUG org.hibernate.SQL - 
    select
        cr1_0.id,
        cr1_0.created_at,
        cb1_0.id,
        cb1_0.created_at,
        cb1_0.display_name,
        cb1_0.email,
        cb1_0.last_seen,
        cb1_0.online,
        cb1_0.password_hash,
        cb1_0.username,
        cr1_0.description,
        cr1_0.name 
    from
        chat_rooms cr1_0 
    left join
        users cb1_0 
            on cb1_0.id=cr1_0.created_by_id 
    where
        cr1_0.id=?
2026-05-04 15:27:51.501 [clientInboundChannel-38] DEBUG org.hibernate.SQL - 
    /* <criteria> */ select
        rm1_0.id,
        rm1_0.chat_room_id,
        rm1_0.joined_at,
        rm1_0.role,
        rm1_0.user_id 
    from
        room_memberships rm1_0 
    where
        rm1_0.user_id=? 
        and rm1_0.chat_room_id=?
2026-05-04 15:27:51.507 [clientInboundChannel-38] DEBUG org.hibernate.SQL - 
    /* <criteria> */ select
        rm1_0.id,
        rm1_0.chat_room_id,
        rm1_0.joined_at,
        rm1_0.role,
        rm1_0.user_id 
    from
        room_memberships rm1_0 
    where
        rm1_0.user_id=? 
        and rm1_0.chat_room_id=?
2026-05-04 15:27:51.542 [clientInboundChannel-38] INFO  o.e.chat.service.ChatRoomService - Successfully removed user ID: 2 from chat room ID: 2
2026-05-04 15:27:51.555 [clientInboundChannel-38] DEBUG org.hibernate.SQL - 
    /* delete for org.example.chat.entity.RoomMembership */delete 
    from
        room_memberships 
    where
        id=?
2026-05-04 15:27:51.629 [clientInboundChannel-38] DEBUG o.e.chat.service.ChatRoomService - Retrieving chat room by ID: 2
2026-05-04 15:27:51.637 [clientInboundChannel-38] DEBUG org.hibernate.SQL - 
    select
        cr1_0.id,
        cr1_0.created_at,
        cb1_0.id,
        cb1_0.created_at,
        cb1_0.display_name,
        cb1_0.email,
        cb1_0.last_seen,
        cb1_0.online,
        cb1_0.password_hash,
        cb1_0.username,
        cr1_0.description,
        cr1_0.name 
    from
        chat_rooms cr1_0 
    left join
        users cb1_0 
            on cb1_0.id=cr1_0.created_by_id 
    where
        cr1_0.id=?
2026-05-04 15:27:51.646 [clientInboundChannel-38] INFO  o.e.c.c.ChatMessageController - User: nyxx successfully left room: 2
2026-05-04 15:27:51.669 [http-nio-8080-exec-7] INFO  o.e.c.l.WebSocketEventListener - User disconnected: nyxx
2026-05-04 15:27:51.674 [http-nio-8080-exec-7] DEBUG org.hibernate.SQL - 
    /* <criteria> */ select
        u1_0.id,
        u1_0.created_at,
        u1_0.display_name,
        u1_0.email,
        u1_0.last_seen,
        u1_0.online,
        u1_0.password_hash,
        u1_0.username 
    from
        users u1_0 
    where
        u1_0.username=?
2026-05-04 15:27:51.746 [http-nio-8080-exec-7] INFO  o.e.chat.service.UserPresenceService - Marking user ID: 2 as offline
2026-05-04 15:27:51.749 [http-nio-8080-exec-7] DEBUG org.hibernate.SQL - 
    select
        u1_0.id,
        u1_0.created_at,
        u1_0.display_name,
        u1_0.email,
        u1_0.last_seen,
        u1_0.online,
        u1_0.password_hash,
        u1_0.username 
    from
        users u1_0 
    where
        u1_0.id=?
2026-05-04 15:27:51.766 [http-nio-8080-exec-7] INFO  o.e.chat.service.UserPresenceService - User ID: 2 marked as offline at 2026-05-04T15:27:51.754034200
2026-05-04 15:27:51.767 [http-nio-8080-exec-7] DEBUG o.e.chat.service.UserPresenceService - Publishing presence update for user ID: 2
2026-05-04 15:27:51.778 [http-nio-8080-exec-7] DEBUG org.hibernate.SQL - 
    /* <criteria> */ select
        rm1_0.id,
        rm1_0.chat_room_id,
        rm1_0.joined_at,
        rm1_0.role,
        rm1_0.user_id 
    from
        room_memberships rm1_0 
    where
        rm1_0.user_id=?
2026-05-04 15:27:51.800 [http-nio-8080-exec-7] INFO  o.e.chat.service.UserPresenceService - Presence updates published for user ID: 2 to 0 rooms
2026-05-04 15:27:51.827 [http-nio-8080-exec-7] DEBUG org.hibernate.SQL - 
    /* update
        for org.example.chat.entity.User */update users 
    set
        created_at=?,
        display_name=?,
        email=?,
        last_seen=?,
        online=?,
        password_hash=?,
        username=? 
    where
        id=?
2026-05-04 15:28:12.041 [http-nio-8080-exec-6] INFO  o.e.c.l.WebSocketEventListener - User disconnected: nics1928
2026-05-04 15:28:12.327 [http-nio-8080-exec-6] DEBUG org.hibernate.SQL - 
    /* <criteria> */ select
        u1_0.id,
        u1_0.created_at,
        u1_0.display_name,
        u1_0.email,
        u1_0.last_seen,
        u1_0.online,
        u1_0.password_hash,
        u1_0.username 
    from
        users u1_0 
    where
        u1_0.username=?
2026-05-04 15:28:12.515 [http-nio-8080-exec-6] INFO  o.e.chat.service.UserPresenceService - Marking user ID: 3 as offline
2026-05-04 15:28:12.555 [http-nio-8080-exec-6] DEBUG org.hibernate.SQL - 
    select
        u1_0.id,
        u1_0.created_at,
        u1_0.display_name,
        u1_0.email,
        u1_0.last_seen,
        u1_0.online,
        u1_0.password_hash,
        u1_0.username 
    from
        users u1_0 
    where
        u1_0.id=?
2026-05-04 15:28:12.596 [http-nio-8080-exec-6] INFO  o.e.chat.service.UserPresenceService - User ID: 3 marked as offline at 2026-05-04T15:28:12.575432700
2026-05-04 15:28:12.601 [http-nio-8080-exec-6] DEBUG o.e.chat.service.UserPresenceService - Publishing presence update for user ID: 3
2026-05-04 15:28:12.644 [http-nio-8080-exec-6] DEBUG org.hibernate.SQL - 
    /* <criteria> */ select
        rm1_0.id,
        rm1_0.chat_room_id,
        rm1_0.joined_at,
        rm1_0.role,
        rm1_0.user_id 
    from
        room_memberships rm1_0 
    where
        rm1_0.user_id=?
2026-05-04 15:28:12.706 [http-nio-8080-exec-6] DEBUG org.hibernate.SQL - 
    select
        cr1_0.id,
        cr1_0.created_at,
        cb1_0.id,
        cb1_0.created_at,
        cb1_0.display_name,
        cb1_0.email,
        cb1_0.last_seen,
        cb1_0.online,
        cb1_0.password_hash,
        cb1_0.username,
        cr1_0.description,
        cr1_0.name 
    from
        chat_rooms cr1_0 
    left join
        users cb1_0 
            on cb1_0.id=cr1_0.created_by_id 
    where
        cr1_0.id=?
2026-05-04 15:28:12.729 [http-nio-8080-exec-6] DEBUG o.e.chat.service.UserPresenceService - Sending presence update to topic: /topic/presence/2 for user: nics1928
2026-05-04 15:28:12.984 [http-nio-8080-exec-6] INFO  o.e.chat.service.UserPresenceService - Presence updates published for user ID: 3 to 1 rooms
2026-05-04 15:28:13.118 [http-nio-8080-exec-6] DEBUG org.hibernate.SQL - 
    /* update
        for org.example.chat.entity.User */update users 
    set
        created_at=?,
        display_name=?,
        email=?,
        last_seen=?,
        online=?,
        password_hash=?,
        username=? 
    where
        id=?
2026-05-04 15:28:15.813 [http-nio-8080-exec-9] DEBUG org.example.chat.security.JwtUtil - JWT token validated successfully
2026-05-04 15:28:15.813 [http-nio-8080-exec-8] DEBUG org.example.chat.security.JwtUtil - JWT token validated successfully
2026-05-04 15:28:15.813 [http-nio-8080-exec-3] DEBUG org.example.chat.security.JwtUtil - JWT token validated successfully
2026-05-04 15:28:15.815 [http-nio-8080-exec-3] DEBUG org.example.chat.security.JwtUtil - Extracted username from JWT token: nics1928
2026-05-04 15:28:15.815 [http-nio-8080-exec-9] DEBUG org.example.chat.security.JwtUtil - Extracted username from JWT token: nics1928
2026-05-04 15:28:15.815 [http-nio-8080-exec-8] DEBUG org.example.chat.security.JwtUtil - Extracted username from JWT token: nics1928
2026-05-04 15:28:15.837 [http-nio-8080-exec-8] DEBUG org.hibernate.SQL - 
    /* <criteria> */ select
        u1_0.id,
        u1_0.created_at,
        u1_0.display_name,
        u1_0.email,
        u1_0.last_seen,
        u1_0.online,
        u1_0.password_hash,
        u1_0.username 
    from
        users u1_0 
    where
        u1_0.username=?
2026-05-04 15:28:15.838 [http-nio-8080-exec-9] DEBUG org.hibernate.SQL - 
    /* <criteria> */ select
        u1_0.id,
        u1_0.created_at,
        u1_0.display_name,
        u1_0.email,
        u1_0.last_seen,
        u1_0.online,
        u1_0.password_hash,
        u1_0.username 
    from
        users u1_0 
    where
        u1_0.username=?
2026-05-04 15:28:15.838 [http-nio-8080-exec-3] DEBUG org.hibernate.SQL - 
    /* <criteria> */ select
        u1_0.id,
        u1_0.created_at,
        u1_0.display_name,
        u1_0.email,
        u1_0.last_seen,
        u1_0.online,
        u1_0.password_hash,
        u1_0.username 
    from
        users u1_0 
    where
        u1_0.username=?
2026-05-04 15:28:15.844 [http-nio-8080-exec-3] DEBUG o.e.c.s.JwtAuthenticationFilter - Set authentication for user: nics1928
2026-05-04 15:28:15.849 [http-nio-8080-exec-8] DEBUG o.e.c.s.JwtAuthenticationFilter - Set authentication for user: nics1928
2026-05-04 15:28:15.885 [http-nio-8080-exec-9] DEBUG o.e.c.s.JwtAuthenticationFilter - Set authentication for user: nics1928
2026-05-04 15:28:15.890 [http-nio-8080-exec-2] DEBUG o.e.c.s.WebSocketAuthenticationInterceptor - Processing STOMP CONNECT frame
2026-05-04 15:28:15.895 [http-nio-8080-exec-2] DEBUG org.example.chat.security.JwtUtil - JWT token validated successfully
2026-05-04 15:28:15.896 [http-nio-8080-exec-2] DEBUG org.example.chat.security.JwtUtil - Extracted username from JWT token: nics1928
2026-05-04 15:28:15.897 [http-nio-8080-exec-2] DEBUG o.e.c.s.WebSocketAuthenticationInterceptor - Extracted username from JWT: nics1928
2026-05-04 15:28:15.902 [http-nio-8080-exec-2] DEBUG org.hibernate.SQL - 
    /* <criteria> */ select
        u1_0.id,
        u1_0.created_at,
        u1_0.display_name,
        u1_0.email,
        u1_0.last_seen,
        u1_0.online,
        u1_0.password_hash,
        u1_0.username 
    from
        users u1_0 
    where
        u1_0.username=?
2026-05-04 15:28:15.904 [http-nio-8080-exec-2] INFO  o.e.c.s.WebSocketAuthenticationInterceptor - WebSocket connection authenticated for user: nics1928
2026-05-04 15:28:15.906 [http-nio-8080-exec-2] INFO  o.e.c.l.WebSocketEventListener - User connected: nics1928
2026-05-04 15:28:15.910 [http-nio-8080-exec-2] DEBUG org.hibernate.SQL - 
    /* <criteria> */ select
        u1_0.id,
        u1_0.created_at,
        u1_0.display_name,
        u1_0.email,
        u1_0.last_seen,
        u1_0.online,
        u1_0.password_hash,
        u1_0.username 
    from
        users u1_0 
    where
        u1_0.username=?
2026-05-04 15:28:15.914 [http-nio-8080-exec-2] INFO  o.e.chat.service.UserPresenceService - Marking user ID: 3 as online
2026-05-04 15:28:15.915 [http-nio-8080-exec-3] DEBUG o.e.c.controller.ChatRoomController - Retrieving members for chat room ID: 2
2026-05-04 15:28:15.917 [http-nio-8080-exec-2] DEBUG org.hibernate.SQL - 
    select
        u1_0.id,
        u1_0.created_at,
        u1_0.display_name,
        u1_0.email,
        u1_0.last_seen,
        u1_0.online,
        u1_0.password_hash,
        u1_0.username 
    from
        users u1_0 
    where
        u1_0.id=?
2026-05-04 15:28:15.918 [http-nio-8080-exec-9] DEBUG o.e.c.controller.ChatRoomController - Retrieving chat room with ID: 2
2026-05-04 15:28:15.919 [http-nio-8080-exec-3] DEBUG o.e.chat.service.ChatRoomService - Retrieving members for chat room ID: 2
2026-05-04 15:28:15.919 [http-nio-8080-exec-3] DEBUG o.e.chat.service.ChatRoomService - Retrieving chat room by ID: 2
2026-05-04 15:28:15.921 [http-nio-8080-exec-9] DEBUG org.hibernate.SQL - 
    /* <criteria> */ select
        u1_0.id,
        u1_0.created_at,
        u1_0.display_name,
        u1_0.email,
        u1_0.last_seen,
        u1_0.online,
        u1_0.password_hash,
        u1_0.username 
    from
        users u1_0 
    where
        u1_0.username=?
2026-05-04 15:28:15.922 [http-nio-8080-exec-2] INFO  o.e.chat.service.UserPresenceService - User ID: 3 marked as online at 2026-05-04T15:28:15.921700900
2026-05-04 15:28:15.922 [http-nio-8080-exec-2] DEBUG o.e.chat.service.UserPresenceService - Publishing presence update for user ID: 3
2026-05-04 15:28:15.923 [http-nio-8080-exec-9] DEBUG o.e.chat.service.ChatRoomService - Retrieving chat room by ID: 2
2026-05-04 15:28:15.926 [http-nio-8080-exec-2] DEBUG org.hibernate.SQL - 
    /* <criteria> */ select
        rm1_0.id,
        rm1_0.chat_room_id,
        rm1_0.joined_at,
        rm1_0.role,
        rm1_0.user_id 
    from
        room_memberships rm1_0 
    where
        rm1_0.user_id=?
2026-05-04 15:28:15.937 [http-nio-8080-exec-2] DEBUG org.hibernate.SQL - 
    select
        cr1_0.id,
        cr1_0.created_at,
        cb1_0.id,
        cb1_0.created_at,
        cb1_0.display_name,
        cb1_0.email,
        cb1_0.last_seen,
        cb1_0.online,
        cb1_0.password_hash,
        cb1_0.username,
        cr1_0.description,
        cr1_0.name 
    from
        chat_rooms cr1_0 
    left join
        users cb1_0 
            on cb1_0.id=cr1_0.created_by_id 
    where
        cr1_0.id=?
2026-05-04 15:28:15.937 [http-nio-8080-exec-3] DEBUG org.hibernate.SQL - 
    select
        cr1_0.id,
        cr1_0.created_at,
        cb1_0.id,
        cb1_0.created_at,
        cb1_0.display_name,
        cb1_0.email,
        cb1_0.last_seen,
        cb1_0.online,
        cb1_0.password_hash,
        cb1_0.username,
        cr1_0.description,
        cr1_0.name 
    from
        chat_rooms cr1_0 
    left join
        users cb1_0 
            on cb1_0.id=cr1_0.created_by_id 
    where
        cr1_0.id=?
2026-05-04 15:28:15.937 [http-nio-8080-exec-9] DEBUG org.hibernate.SQL - 
    select
        cr1_0.id,
        cr1_0.created_at,
        cb1_0.id,
        cb1_0.created_at,
        cb1_0.display_name,
        cb1_0.email,
        cb1_0.last_seen,
        cb1_0.online,
        cb1_0.password_hash,
        cb1_0.username,
        cr1_0.description,
        cr1_0.name 
    from
        chat_rooms cr1_0 
    left join
        users cb1_0 
            on cb1_0.id=cr1_0.created_by_id 
    where
        cr1_0.id=?
2026-05-04 15:28:15.940 [http-nio-8080-exec-2] DEBUG o.e.chat.service.UserPresenceService - Sending presence update to topic: /topic/presence/2 for user: nics1928
2026-05-04 15:28:15.946 [http-nio-8080-exec-2] INFO  o.e.chat.service.UserPresenceService - Presence updates published for user ID: 3 to 1 rooms
2026-05-04 15:28:15.949 [http-nio-8080-exec-2] DEBUG org.hibernate.SQL - 
    /* update
        for org.example.chat.entity.User */update users 
    set
        created_at=?,
        display_name=?,
        email=?,
        last_seen=?,
        online=?,
        password_hash=?,
        username=? 
    where
        id=?
2026-05-04 15:28:15.954 [http-nio-8080-exec-8] INFO  o.e.c.c.MessageHistoryController - Message history request for room ID: 2 by user: nics1928
2026-05-04 15:28:15.961 [http-nio-8080-exec-3] DEBUG org.hibernate.SQL - 
    /* <criteria> */ select
        rm1_0.id,
        rm1_0.chat_room_id,
        rm1_0.joined_at,
        rm1_0.role,
        rm1_0.user_id 
    from
        room_memberships rm1_0 
    where
        rm1_0.chat_room_id=?
2026-05-04 15:28:15.965 [http-nio-8080-exec-8] DEBUG org.hibernate.SQL - 
    /* <criteria> */ select
        u1_0.id,
        u1_0.created_at,
        u1_0.display_name,
        u1_0.email,
        u1_0.last_seen,
        u1_0.online,
        u1_0.password_hash,
        u1_0.username 
    from
        users u1_0 
    where
        u1_0.username=?
2026-05-04 15:28:15.965 [http-nio-8080-exec-9] DEBUG org.hibernate.SQL - 
    /* <criteria> */ select
        rm1_0.id,
        rm1_0.chat_room_id,
        rm1_0.joined_at,
        rm1_0.role,
        rm1_0.user_id 
    from
        room_memberships rm1_0 
    where
        rm1_0.user_id=? 
        and rm1_0.chat_room_id=?
2026-05-04 15:28:15.966 [http-nio-8080-exec-9] DEBUG org.hibernate.SQL - 
    select
        cr1_0.id,
        cr1_0.created_at,
        cb1_0.id,
        cb1_0.created_at,
        cb1_0.display_name,
        cb1_0.email,
        cb1_0.last_seen,
        cb1_0.online,
        cb1_0.password_hash,
        cb1_0.username,
        cr1_0.description,
        cr1_0.name 
    from
        chat_rooms cr1_0 
    left join
        users cb1_0 
            on cb1_0.id=cr1_0.created_by_id 
    where
        cr1_0.id=?
2026-05-04 15:28:15.966 [http-nio-8080-exec-9] DEBUG org.hibernate.SQL - 
    select
        u1_0.id,
        u1_0.created_at,
        u1_0.display_name,
        u1_0.email,
        u1_0.last_seen,
        u1_0.online,
        u1_0.password_hash,
        u1_0.username 
    from
        users u1_0 
    where
        u1_0.id=?
2026-05-04 15:28:15.968 [http-nio-8080-exec-8] DEBUG org.hibernate.SQL - 
    select
        cr1_0.id,
        cr1_0.created_at,
        cb1_0.id,
        cb1_0.created_at,
        cb1_0.display_name,
        cb1_0.email,
        cb1_0.last_seen,
        cb1_0.online,
        cb1_0.password_hash,
        cb1_0.username,
        cr1_0.description,
        cr1_0.name 
    from
        chat_rooms cr1_0 
    left join
        users cb1_0 
            on cb1_0.id=cr1_0.created_by_id 
    where
        cr1_0.id=?
2026-05-04 15:28:15.968 [http-nio-8080-exec-3] DEBUG org.hibernate.SQL - 
    select
        cr1_0.id,
        cr1_0.created_at,
        cb1_0.id,
        cb1_0.created_at,
        cb1_0.display_name,
        cb1_0.email,
        cb1_0.last_seen,
        cb1_0.online,
        cb1_0.password_hash,
        cb1_0.username,
        cr1_0.description,
        cr1_0.name 
    from
        chat_rooms cr1_0 
    left join
        users cb1_0 
            on cb1_0.id=cr1_0.created_by_id 
    where
        cr1_0.id=?
2026-05-04 15:28:15.970 [http-nio-8080-exec-3] DEBUG org.hibernate.SQL - 
    select
        u1_0.id,
        u1_0.created_at,
        u1_0.display_name,
        u1_0.email,
        u1_0.last_seen,
        u1_0.online,
        u1_0.password_hash,
        u1_0.username 
    from
        users u1_0 
    where
        u1_0.id=?
2026-05-04 15:28:15.970 [http-nio-8080-exec-9] DEBUG o.e.c.controller.ChatRoomController - Retrieved chat room: room for the dummy
2026-05-04 15:28:15.972 [http-nio-8080-exec-8] DEBUG org.hibernate.SQL - 
    /* <criteria> */ select
        rm1_0.id,
        rm1_0.chat_room_id,
        rm1_0.joined_at,
        rm1_0.role,
        rm1_0.user_id 
    from
        room_memberships rm1_0 
    where
        rm1_0.user_id=? 
        and rm1_0.chat_room_id=?
2026-05-04 15:28:15.975 [http-nio-8080-exec-3] DEBUG o.e.chat.service.ChatRoomService - Found 1 members for chat room ID: 2
2026-05-04 15:28:15.975 [http-nio-8080-exec-3] DEBUG o.e.c.controller.ChatRoomController - Retrieved 1 members for chat room ID: 2
2026-05-04 15:28:15.974 [http-nio-8080-exec-8] DEBUG org.hibernate.SQL - 
    select
        cr1_0.id,
        cr1_0.created_at,
        cb1_0.id,
        cb1_0.created_at,
        cb1_0.display_name,
        cb1_0.email,
        cb1_0.last_seen,
        cb1_0.online,
        cb1_0.password_hash,
        cb1_0.username,
        cr1_0.description,
        cr1_0.name 
    from
        chat_rooms cr1_0 
    left join
        users cb1_0 
            on cb1_0.id=cr1_0.created_by_id 
    where
        cr1_0.id=?
2026-05-04 15:28:15.977 [http-nio-8080-exec-8] DEBUG org.hibernate.SQL - 
    select
        u1_0.id,
        u1_0.created_at,
        u1_0.display_name,
        u1_0.email,
        u1_0.last_seen,
        u1_0.online,
        u1_0.password_hash,
        u1_0.username 
    from
        users u1_0 
    where
        u1_0.id=?
2026-05-04 15:28:15.980 [http-nio-8080-exec-8] DEBUG o.e.c.c.MessageHistoryController - Membership validated for user ID: 3 in room ID: 2
2026-05-04 15:28:15.991 [clientInboundChannel-47] INFO  o.e.c.c.ChatMessageController - User: nics1928 joining room: 2
2026-05-04 15:28:15.997 [clientInboundChannel-47] DEBUG org.hibernate.SQL - 
    /* <criteria> */ select
        u1_0.id,
        u1_0.created_at,
        u1_0.display_name,
        u1_0.email,
        u1_0.last_seen,
        u1_0.online,
        u1_0.password_hash,
        u1_0.username 
    from
        users u1_0 
    where
        u1_0.username=?
2026-05-04 15:28:16.010 [clientInboundChannel-47] INFO  o.e.chat.service.ChatRoomService - Adding user ID: 3 to chat room ID: 2 with role: null
2026-05-04 15:28:15.982 [http-nio-8080-exec-8] DEBUG o.e.chat.service.ChatMessageService - Retrieving message history for room ID: 2 with pagination: Page request [number: 0, size 50, sort: UNSORTED]
2026-05-04 15:28:16.012 [clientInboundChannel-47] DEBUG o.e.chat.service.ChatRoomService - Retrieving chat room by ID: 2
2026-05-04 15:28:16.013 [clientInboundChannel-47] DEBUG org.hibernate.SQL - 
    select
        cr1_0.id,
        cr1_0.created_at,
        cb1_0.id,
        cb1_0.created_at,
        cb1_0.display_name,
        cb1_0.email,
        cb1_0.last_seen,
        cb1_0.online,
        cb1_0.password_hash,
        cb1_0.username,
        cr1_0.description,
        cr1_0.name 
    from
        chat_rooms cr1_0 
    left join
        users cb1_0 
            on cb1_0.id=cr1_0.created_by_id 
    where
        cr1_0.id=?
2026-05-04 15:28:16.014 [http-nio-8080-exec-8] DEBUG org.hibernate.SQL - 
    select
        cr1_0.id,
        cr1_0.created_at,
        cb1_0.id,
        cb1_0.created_at,
        cb1_0.display_name,
        cb1_0.email,
        cb1_0.last_seen,
        cb1_0.online,
        cb1_0.password_hash,
        cb1_0.username,
        cr1_0.description,
        cr1_0.name 
    from
        chat_rooms cr1_0 
    left join
        users cb1_0 
            on cb1_0.id=cr1_0.created_by_id 
    where
        cr1_0.id=?
2026-05-04 15:28:16.017 [clientInboundChannel-47] DEBUG org.hibernate.SQL - 
    select
        u1_0.id,
        u1_0.created_at,
        u1_0.display_name,
        u1_0.email,
        u1_0.last_seen,
        u1_0.online,
        u1_0.password_hash,
        u1_0.username 
    from
        users u1_0 
    where
        u1_0.id=?
2026-05-04 15:28:16.029 [clientInboundChannel-47] DEBUG org.hibernate.SQL - 
    /* <criteria> */ select
        rm1_0.id,
        rm1_0.chat_room_id,
        rm1_0.joined_at,
        rm1_0.role,
        rm1_0.user_id 
    from
        room_memberships rm1_0 
    where
        rm1_0.user_id=? 
        and rm1_0.chat_room_id=?
2026-05-04 15:28:16.031 [clientInboundChannel-47] DEBUG o.e.chat.service.ChatRoomService - User 3 is already a member of room 2, returning existing membership
2026-05-04 15:28:16.036 [clientInboundChannel-47] DEBUG o.e.chat.service.ChatRoomService - Retrieving chat room by ID: 2
2026-05-04 15:28:16.037 [clientInboundChannel-47] DEBUG org.hibernate.SQL - 
    select
        cr1_0.id,
        cr1_0.created_at,
        cb1_0.id,
        cb1_0.created_at,
        cb1_0.display_name,
        cb1_0.email,
        cb1_0.last_seen,
        cb1_0.online,
        cb1_0.password_hash,
        cb1_0.username,
        cr1_0.description,
        cr1_0.name 
    from
        chat_rooms cr1_0 
    left join
        users cb1_0 
            on cb1_0.id=cr1_0.created_by_id 
    where
        cr1_0.id=?
2026-05-04 15:28:16.051 [clientInboundChannel-47] INFO  o.e.c.c.ChatMessageController - User: nics1928 successfully joined room: 2
2026-05-04 15:28:16.078 [http-nio-8080-exec-6] DEBUG org.example.chat.security.JwtUtil - JWT token validated successfully
2026-05-04 15:28:16.080 [http-nio-8080-exec-6] DEBUG org.example.chat.security.JwtUtil - Extracted username from JWT token: nics1928
2026-05-04 15:28:16.082 [http-nio-8080-exec-10] DEBUG org.example.chat.security.JwtUtil - JWT token validated successfully
2026-05-04 15:28:16.084 [http-nio-8080-exec-5] DEBUG org.example.chat.security.JwtUtil - JWT token validated successfully
2026-05-04 15:28:16.084 [http-nio-8080-exec-4] DEBUG org.example.chat.security.JwtUtil - JWT token validated successfully
2026-05-04 15:28:16.083 [http-nio-8080-exec-6] DEBUG org.hibernate.SQL - 
    /* <criteria> */ select
        u1_0.id,
        u1_0.created_at,
        u1_0.display_name,
        u1_0.email,
        u1_0.last_seen,
        u1_0.online,
        u1_0.password_hash,
        u1_0.username 
    from
        users u1_0 
    where
        u1_0.username=?
2026-05-04 15:28:16.085 [http-nio-8080-exec-10] DEBUG org.example.chat.security.JwtUtil - Extracted username from JWT token: nics1928
2026-05-04 15:28:16.086 [http-nio-8080-exec-6] DEBUG o.e.c.s.JwtAuthenticationFilter - Set authentication for user: nics1928
2026-05-04 15:28:16.089 [http-nio-8080-exec-6] DEBUG o.e.c.controller.ChatRoomController - Retrieving members for chat room ID: 2
2026-05-04 15:28:16.090 [http-nio-8080-exec-5] DEBUG org.example.chat.security.JwtUtil - Extracted username from JWT token: nics1928
2026-05-04 15:28:16.090 [http-nio-8080-exec-4] DEBUG org.example.chat.security.JwtUtil - Extracted username from JWT token: nics1928
2026-05-04 15:28:16.089 [http-nio-8080-exec-6] DEBUG o.e.chat.service.ChatRoomService - Retrieving members for chat room ID: 2
2026-05-04 15:28:16.093 [http-nio-8080-exec-10] DEBUG org.hibernate.SQL - 
    /* <criteria> */ select
        u1_0.id,
        u1_0.created_at,
        u1_0.display_name,
        u1_0.email,
        u1_0.last_seen,
        u1_0.online,
        u1_0.password_hash,
        u1_0.username 
    from
        users u1_0 
    where
        u1_0.username=?
2026-05-04 15:28:16.093 [http-nio-8080-exec-5] DEBUG org.hibernate.SQL - 
    /* <criteria> */ select
        u1_0.id,
        u1_0.created_at,
        u1_0.display_name,
        u1_0.email,
        u1_0.last_seen,
        u1_0.online,
        u1_0.password_hash,
        u1_0.username 
    from
        users u1_0 
    where
        u1_0.username=?
2026-05-04 15:28:16.093 [http-nio-8080-exec-6] DEBUG o.e.chat.service.ChatRoomService - Retrieving chat room by ID: 2
2026-05-04 15:28:16.094 [http-nio-8080-exec-5] DEBUG o.e.c.s.JwtAuthenticationFilter - Set authentication for user: nics1928
2026-05-04 15:28:16.094 [http-nio-8080-exec-6] DEBUG org.hibernate.SQL - 
    select
        cr1_0.id,
        cr1_0.created_at,
        cb1_0.id,
        cb1_0.created_at,
        cb1_0.display_name,
        cb1_0.email,
        cb1_0.last_seen,
        cb1_0.online,
        cb1_0.password_hash,
        cb1_0.username,
        cr1_0.description,
        cr1_0.name 
    from
        chat_rooms cr1_0 
    left join
        users cb1_0 
            on cb1_0.id=cr1_0.created_by_id 
    where
        cr1_0.id=?
2026-05-04 15:28:16.095 [http-nio-8080-exec-4] DEBUG org.hibernate.SQL - 
    /* <criteria> */ select
        u1_0.id,
        u1_0.created_at,
        u1_0.display_name,
        u1_0.email,
        u1_0.last_seen,
        u1_0.online,
        u1_0.password_hash,
        u1_0.username 
    from
        users u1_0 
    where
        u1_0.username=?
2026-05-04 15:28:16.096 [http-nio-8080-exec-5] DEBUG o.e.c.controller.ChatRoomController - Retrieving chat room with ID: 2
2026-05-04 15:28:16.097 [http-nio-8080-exec-4] DEBUG o.e.c.s.JwtAuthenticationFilter - Set authentication for user: nics1928
2026-05-04 15:28:16.100 [http-nio-8080-exec-5] DEBUG org.hibernate.SQL - 
    /* <criteria> */ select
        u1_0.id,
        u1_0.created_at,
        u1_0.display_name,
        u1_0.email,
        u1_0.last_seen,
        u1_0.online,
        u1_0.password_hash,
        u1_0.username 
    from
        users u1_0 
    where
        u1_0.username=?
2026-05-04 15:28:16.099 [http-nio-8080-exec-6] DEBUG org.hibernate.SQL - 
    /* <criteria> */ select
        rm1_0.id,
        rm1_0.chat_room_id,
        rm1_0.joined_at,
        rm1_0.role,
        rm1_0.user_id 
    from
        room_memberships rm1_0 
    where
        rm1_0.chat_room_id=?
2026-05-04 15:28:16.101 [http-nio-8080-exec-5] DEBUG o.e.chat.service.ChatRoomService - Retrieving chat room by ID: 2
2026-05-04 15:28:16.101 [http-nio-8080-exec-4] DEBUG o.e.c.controller.ChatRoomController - Retrieving chat room with ID: 2
2026-05-04 15:28:16.103 [http-nio-8080-exec-8] DEBUG org.hibernate.SQL - 
    /* <criteria> */ select
        m1_0.id,
        m1_0.chat_room_id,
        m1_0.content,
        m1_0.message_type,
        m1_0.sender_id,
        m1_0.timestamp 
    from
        messages m1_0 
    where
        m1_0.chat_room_id=? 
    order by
        m1_0.timestamp 
    fetch
        first ? rows only
2026-05-04 15:28:16.103 [http-nio-8080-exec-5] DEBUG org.hibernate.SQL - 
    select
        cr1_0.id,
        cr1_0.created_at,
        cb1_0.id,
        cb1_0.created_at,
        cb1_0.display_name,
        cb1_0.email,
        cb1_0.last_seen,
        cb1_0.online,
        cb1_0.password_hash,
        cb1_0.username,
        cr1_0.description,
        cr1_0.name 
    from
        chat_rooms cr1_0 
    left join
        users cb1_0 
            on cb1_0.id=cr1_0.created_by_id 
    where
        cr1_0.id=?
2026-05-04 15:28:16.106 [http-nio-8080-exec-4] DEBUG org.hibernate.SQL - 
    /* <criteria> */ select
        u1_0.id,
        u1_0.created_at,
        u1_0.display_name,
        u1_0.email,
        u1_0.last_seen,
        u1_0.online,
        u1_0.password_hash,
        u1_0.username 
    from
        users u1_0 
    where
        u1_0.username=?
2026-05-04 15:28:16.107 [http-nio-8080-exec-6] DEBUG org.hibernate.SQL - 
    select
        cr1_0.id,
        cr1_0.created_at,
        cb1_0.id,
        cb1_0.created_at,
        cb1_0.display_name,
        cb1_0.email,
        cb1_0.last_seen,
        cb1_0.online,
        cb1_0.password_hash,
        cb1_0.username,
        cr1_0.description,
        cr1_0.name 
    from
        chat_rooms cr1_0 
    left join
        users cb1_0 
            on cb1_0.id=cr1_0.created_by_id 
    where
        cr1_0.id=?
2026-05-04 15:28:16.107 [http-nio-8080-exec-6] DEBUG org.hibernate.SQL - 
    select
        u1_0.id,
        u1_0.created_at,
        u1_0.display_name,
        u1_0.email,
        u1_0.last_seen,
        u1_0.online,
        u1_0.password_hash,
        u1_0.username 
    from
        users u1_0 
    where
        u1_0.id=?
2026-05-04 15:28:16.109 [http-nio-8080-exec-6] DEBUG o.e.chat.service.ChatRoomService - Found 1 members for chat room ID: 2
2026-05-04 15:28:16.109 [http-nio-8080-exec-6] DEBUG o.e.c.controller.ChatRoomController - Retrieved 1 members for chat room ID: 2
2026-05-04 15:28:16.111 [http-nio-8080-exec-5] DEBUG org.hibernate.SQL - 
    /* <criteria> */ select
        rm1_0.id,
        rm1_0.chat_room_id,
        rm1_0.joined_at,
        rm1_0.role,
        rm1_0.user_id 
    from
        room_memberships rm1_0 
    where
        rm1_0.user_id=? 
        and rm1_0.chat_room_id=?
2026-05-04 15:28:16.111 [http-nio-8080-exec-5] DEBUG org.hibernate.SQL - 
    select
        cr1_0.id,
        cr1_0.created_at,
        cb1_0.id,
        cb1_0.created_at,
        cb1_0.display_name,
        cb1_0.email,
        cb1_0.last_seen,
        cb1_0.online,
        cb1_0.password_hash,
        cb1_0.username,
        cr1_0.description,
        cr1_0.name 
    from
        chat_rooms cr1_0 
    left join
        users cb1_0 
            on cb1_0.id=cr1_0.created_by_id 
    where
        cr1_0.id=?
2026-05-04 15:28:16.113 [http-nio-8080-exec-5] DEBUG org.hibernate.SQL - 
    select
        u1_0.id,
        u1_0.created_at,
        u1_0.display_name,
        u1_0.email,
        u1_0.last_seen,
        u1_0.online,
        u1_0.password_hash,
        u1_0.username 
    from
        users u1_0 
    where
        u1_0.id=?
2026-05-04 15:28:16.116 [http-nio-8080-exec-5] DEBUG o.e.c.controller.ChatRoomController - Retrieved chat room: room for the dummy
2026-05-04 15:28:16.168 [http-nio-8080-exec-10] DEBUG o.e.c.s.JwtAuthenticationFilter - Set authentication for user: nics1928
2026-05-04 15:28:16.172 [http-nio-8080-exec-10] DEBUG o.e.c.controller.ChatRoomController - Retrieving members for chat room ID: 2
2026-05-04 15:28:16.173 [http-nio-8080-exec-10] DEBUG o.e.chat.service.ChatRoomService - Retrieving members for chat room ID: 2
2026-05-04 15:28:16.174 [http-nio-8080-exec-10] DEBUG o.e.chat.service.ChatRoomService - Retrieving chat room by ID: 2
2026-05-04 15:28:16.177 [http-nio-8080-exec-10] DEBUG org.hibernate.SQL - 
    select
        cr1_0.id,
        cr1_0.created_at,
        cb1_0.id,
        cb1_0.created_at,
        cb1_0.display_name,
        cb1_0.email,
        cb1_0.last_seen,
        cb1_0.online,
        cb1_0.password_hash,
        cb1_0.username,
        cr1_0.description,
        cr1_0.name 
    from
        chat_rooms cr1_0 
    left join
        users cb1_0 
            on cb1_0.id=cr1_0.created_by_id 
    where
        cr1_0.id=?
2026-05-04 15:28:16.195 [http-nio-8080-exec-10] DEBUG org.hibernate.SQL - 
    /* <criteria> */ select
        rm1_0.id,
        rm1_0.chat_room_id,
        rm1_0.joined_at,
        rm1_0.role,
        rm1_0.user_id 
    from
        room_memberships rm1_0 
    where
        rm1_0.chat_room_id=?
2026-05-04 15:28:16.200 [http-nio-8080-exec-10] DEBUG org.hibernate.SQL - 
    select
        cr1_0.id,
        cr1_0.created_at,
        cb1_0.id,
        cb1_0.created_at,
        cb1_0.display_name,
        cb1_0.email,
        cb1_0.last_seen,
        cb1_0.online,
        cb1_0.password_hash,
        cb1_0.username,
        cr1_0.description,
        cr1_0.name 
    from
        chat_rooms cr1_0 
    left join
        users cb1_0 
            on cb1_0.id=cr1_0.created_by_id 
    where
        cr1_0.id=?
2026-05-04 15:28:16.206 [http-nio-8080-exec-10] DEBUG org.hibernate.SQL - 
    select
        u1_0.id,
        u1_0.created_at,
        u1_0.display_name,
        u1_0.email,
        u1_0.last_seen,
        u1_0.online,
        u1_0.password_hash,
        u1_0.username 
    from
        users u1_0 
    where
        u1_0.id=?
2026-05-04 15:28:16.209 [http-nio-8080-exec-10] DEBUG o.e.chat.service.ChatRoomService - Found 1 members for chat room ID: 2
2026-05-04 15:28:16.210 [http-nio-8080-exec-10] DEBUG o.e.c.controller.ChatRoomController - Retrieved 1 members for chat room ID: 2
2026-05-04 15:28:16.235 [http-nio-8080-exec-8] DEBUG org.hibernate.SQL - 
    select
        cr1_0.id,
        cr1_0.created_at,
        cb1_0.id,
        cb1_0.created_at,
        cb1_0.display_name,
        cb1_0.email,
        cb1_0.last_seen,
        cb1_0.online,
        cb1_0.password_hash,
        cb1_0.username,
        cr1_0.description,
        cr1_0.name 
    from
        chat_rooms cr1_0 
    left join
        users cb1_0 
            on cb1_0.id=cr1_0.created_by_id 
    where
        cr1_0.id=?
2026-05-04 15:28:16.236 [http-nio-8080-exec-8] DEBUG org.hibernate.SQL - 
    select
        u1_0.id,
        u1_0.created_at,
        u1_0.display_name,
        u1_0.email,
        u1_0.last_seen,
        u1_0.online,
        u1_0.password_hash,
        u1_0.username 
    from
        users u1_0 
    where
        u1_0.id=?
2026-05-04 15:28:16.241 [http-nio-8080-exec-8] DEBUG o.e.chat.service.ChatMessageService - Retrieved 6 messages for room ID: 2
2026-05-04 15:28:16.241 [http-nio-8080-exec-8] INFO  o.e.c.c.MessageHistoryController - Retrieved 6 messages for room ID: 2
2026-05-04 15:28:16.262 [http-nio-8080-exec-4] DEBUG o.e.chat.service.ChatRoomService - Retrieving chat room by ID: 2
2026-05-04 15:28:16.262 [http-nio-8080-exec-4] DEBUG org.hibernate.SQL - 
    select
        cr1_0.id,
        cr1_0.created_at,
        cb1_0.id,
        cb1_0.created_at,
        cb1_0.display_name,
        cb1_0.email,
        cb1_0.last_seen,
        cb1_0.online,
        cb1_0.password_hash,
        cb1_0.username,
        cr1_0.description,
        cr1_0.name 
    from
        chat_rooms cr1_0 
    left join
        users cb1_0 
            on cb1_0.id=cr1_0.created_by_id 
    where
        cr1_0.id=?
2026-05-04 15:28:16.270 [http-nio-8080-exec-2] DEBUG org.example.chat.security.JwtUtil - JWT token validated successfully
2026-05-04 15:28:16.270 [http-nio-8080-exec-1] DEBUG org.example.chat.security.JwtUtil - JWT token validated successfully
2026-05-04 15:28:16.271 [http-nio-8080-exec-1] DEBUG org.example.chat.security.JwtUtil - Extracted username from JWT token: nics1928
2026-05-04 15:28:16.271 [http-nio-8080-exec-2] DEBUG org.example.chat.security.JwtUtil - Extracted username from JWT token: nics1928
2026-05-04 15:28:16.274 [http-nio-8080-exec-2] DEBUG org.hibernate.SQL - 
    /* <criteria> */ select
        u1_0.id,
        u1_0.created_at,
        u1_0.display_name,
        u1_0.email,
        u1_0.last_seen,
        u1_0.online,
        u1_0.password_hash,
        u1_0.username 
    from
        users u1_0 
    where
        u1_0.username=?
2026-05-04 15:28:16.276 [http-nio-8080-exec-1] DEBUG org.hibernate.SQL - 
    /* <criteria> */ select
        u1_0.id,
        u1_0.created_at,
        u1_0.display_name,
        u1_0.email,
        u1_0.last_seen,
        u1_0.online,
        u1_0.password_hash,
        u1_0.username 
    from
        users u1_0 
    where
        u1_0.username=?
2026-05-04 15:28:16.277 [http-nio-8080-exec-2] DEBUG o.e.c.s.JwtAuthenticationFilter - Set authentication for user: nics1928
2026-05-04 15:28:16.280 [http-nio-8080-exec-1] DEBUG o.e.c.s.JwtAuthenticationFilter - Set authentication for user: nics1928
2026-05-04 15:28:16.284 [http-nio-8080-exec-1] INFO  o.e.c.c.MessageHistoryController - Message history request for room ID: 2 by user: nics1928
2026-05-04 15:28:16.284 [http-nio-8080-exec-2] INFO  o.e.c.c.MessageHistoryController - Message history request for room ID: 2 by user: nics1928
2026-05-04 15:28:16.285 [http-nio-8080-exec-1] DEBUG org.hibernate.SQL - 
    /* <criteria> */ select
        u1_0.id,
        u1_0.created_at,
        u1_0.display_name,
        u1_0.email,
        u1_0.last_seen,
        u1_0.online,
        u1_0.password_hash,
        u1_0.username 
    from
        users u1_0 
    where
        u1_0.username=?
2026-05-04 15:28:16.286 [http-nio-8080-exec-2] DEBUG org.hibernate.SQL - 
    /* <criteria> */ select
        u1_0.id,
        u1_0.created_at,
        u1_0.display_name,
        u1_0.email,
        u1_0.last_seen,
        u1_0.online,
        u1_0.password_hash,
        u1_0.username 
    from
        users u1_0 
    where
        u1_0.username=?
2026-05-04 15:28:16.287 [http-nio-8080-exec-1] DEBUG org.hibernate.SQL - 
    select
        cr1_0.id,
        cr1_0.created_at,
        cb1_0.id,
        cb1_0.created_at,
        cb1_0.display_name,
        cb1_0.email,
        cb1_0.last_seen,
        cb1_0.online,
        cb1_0.password_hash,
        cb1_0.username,
        cr1_0.description,
        cr1_0.name 
    from
        chat_rooms cr1_0 
    left join
        users cb1_0 
            on cb1_0.id=cr1_0.created_by_id 
    where
        cr1_0.id=?
2026-05-04 15:28:16.287 [http-nio-8080-exec-2] DEBUG org.hibernate.SQL - 
    select
        cr1_0.id,
        cr1_0.created_at,
        cb1_0.id,
        cb1_0.created_at,
        cb1_0.display_name,
        cb1_0.email,
        cb1_0.last_seen,
        cb1_0.online,
        cb1_0.password_hash,
        cb1_0.username,
        cr1_0.description,
        cr1_0.name 
    from
        chat_rooms cr1_0 
    left join
        users cb1_0 
            on cb1_0.id=cr1_0.created_by_id 
    where
        cr1_0.id=?
2026-05-04 15:28:16.292 [http-nio-8080-exec-1] DEBUG org.hibernate.SQL - 
    /* <criteria> */ select
        rm1_0.id,
        rm1_0.chat_room_id,
        rm1_0.joined_at,
        rm1_0.role,
        rm1_0.user_id 
    from
        room_memberships rm1_0 
    where
        rm1_0.user_id=? 
        and rm1_0.chat_room_id=?
2026-05-04 15:28:16.292 [http-nio-8080-exec-2] DEBUG org.hibernate.SQL - 
    /* <criteria> */ select
        rm1_0.id,
        rm1_0.chat_room_id,
        rm1_0.joined_at,
        rm1_0.role,
        rm1_0.user_id 
    from
        room_memberships rm1_0 
    where
        rm1_0.user_id=? 
        and rm1_0.chat_room_id=?
2026-05-04 15:28:16.296 [http-nio-8080-exec-1] DEBUG org.hibernate.SQL - 
    select
        cr1_0.id,
        cr1_0.created_at,
        cb1_0.id,
        cb1_0.created_at,
        cb1_0.display_name,
        cb1_0.email,
        cb1_0.last_seen,
        cb1_0.online,
        cb1_0.password_hash,
        cb1_0.username,
        cr1_0.description,
        cr1_0.name 
    from
        chat_rooms cr1_0 
    left join
        users cb1_0 
            on cb1_0.id=cr1_0.created_by_id 
    where
        cr1_0.id=?
2026-05-04 15:28:16.296 [http-nio-8080-exec-2] DEBUG org.hibernate.SQL - 
    select
        cr1_0.id,
        cr1_0.created_at,
        cb1_0.id,
        cb1_0.created_at,
        cb1_0.display_name,
        cb1_0.email,
        cb1_0.last_seen,
        cb1_0.online,
        cb1_0.password_hash,
        cb1_0.username,
        cr1_0.description,
        cr1_0.name 
    from
        chat_rooms cr1_0 
    left join
        users cb1_0 
            on cb1_0.id=cr1_0.created_by_id 
    where
        cr1_0.id=?
2026-05-04 15:28:16.297 [http-nio-8080-exec-1] DEBUG org.hibernate.SQL - 
    select
        u1_0.id,
        u1_0.created_at,
        u1_0.display_name,
        u1_0.email,
        u1_0.last_seen,
        u1_0.online,
        u1_0.password_hash,
        u1_0.username 
    from
        users u1_0 
    where
        u1_0.id=?
2026-05-04 15:28:16.297 [http-nio-8080-exec-4] DEBUG org.hibernate.SQL - 
    /* <criteria> */ select
        rm1_0.id,
        rm1_0.chat_room_id,
        rm1_0.joined_at,
        rm1_0.role,
        rm1_0.user_id 
    from
        room_memberships rm1_0 
    where
        rm1_0.user_id=? 
        and rm1_0.chat_room_id=?
2026-05-04 15:28:16.297 [http-nio-8080-exec-2] DEBUG org.hibernate.SQL - 
    select
        u1_0.id,
        u1_0.created_at,
        u1_0.display_name,
        u1_0.email,
        u1_0.last_seen,
        u1_0.online,
        u1_0.password_hash,
        u1_0.username 
    from
        users u1_0 
    where
        u1_0.id=?
2026-05-04 15:28:16.299 [http-nio-8080-exec-2] DEBUG o.e.c.c.MessageHistoryController - Membership validated for user ID: 3 in room ID: 2
2026-05-04 15:28:16.299 [http-nio-8080-exec-1] DEBUG o.e.c.c.MessageHistoryController - Membership validated for user ID: 3 in room ID: 2
2026-05-04 15:28:16.300 [http-nio-8080-exec-2] DEBUG o.e.chat.service.ChatMessageService - Retrieving message history for room ID: 2 with pagination: Page request [number: 0, size 50, sort: UNSORTED]
2026-05-04 15:28:16.301 [http-nio-8080-exec-1] DEBUG o.e.chat.service.ChatMessageService - Retrieving message history for room ID: 2 with pagination: Page request [number: 0, size 50, sort: UNSORTED]
2026-05-04 15:28:16.301 [http-nio-8080-exec-2] DEBUG org.hibernate.SQL - 
    select
        cr1_0.id,
        cr1_0.created_at,
        cb1_0.id,
        cb1_0.created_at,
        cb1_0.display_name,
        cb1_0.email,
        cb1_0.last_seen,
        cb1_0.online,
        cb1_0.password_hash,
        cb1_0.username,
        cr1_0.description,
        cr1_0.name 
    from
        chat_rooms cr1_0 
    left join
        users cb1_0 
            on cb1_0.id=cr1_0.created_by_id 
    where
        cr1_0.id=?
2026-05-04 15:28:16.302 [http-nio-8080-exec-1] DEBUG org.hibernate.SQL - 
    select
        cr1_0.id,
        cr1_0.created_at,
        cb1_0.id,
        cb1_0.created_at,
        cb1_0.display_name,
        cb1_0.email,
        cb1_0.last_seen,
        cb1_0.online,
        cb1_0.password_hash,
        cb1_0.username,
        cr1_0.description,
        cr1_0.name 
    from
        chat_rooms cr1_0 
    left join
        users cb1_0 
            on cb1_0.id=cr1_0.created_by_id 
    where
        cr1_0.id=?
2026-05-04 15:28:16.307 [http-nio-8080-exec-2] DEBUG org.hibernate.SQL - 
    /* <criteria> */ select
        m1_0.id,
        m1_0.chat_room_id,
        m1_0.content,
        m1_0.message_type,
        m1_0.sender_id,
        m1_0.timestamp 
    from
        messages m1_0 
    where
        m1_0.chat_room_id=? 
    order by
        m1_0.timestamp 
    fetch
        first ? rows only
2026-05-04 15:28:16.307 [http-nio-8080-exec-1] DEBUG org.hibernate.SQL - 
    /* <criteria> */ select
        m1_0.id,
        m1_0.chat_room_id,
        m1_0.content,
        m1_0.message_type,
        m1_0.sender_id,
        m1_0.timestamp 
    from
        messages m1_0 
    where
        m1_0.chat_room_id=? 
    order by
        m1_0.timestamp 
    fetch
        first ? rows only
2026-05-04 15:28:16.309 [http-nio-8080-exec-4] DEBUG org.hibernate.SQL - 
    select
        cr1_0.id,
        cr1_0.created_at,
        cb1_0.id,
        cb1_0.created_at,
        cb1_0.display_name,
        cb1_0.email,
        cb1_0.last_seen,
        cb1_0.online,
        cb1_0.password_hash,
        cb1_0.username,
        cr1_0.description,
        cr1_0.name 
    from
        chat_rooms cr1_0 
    left join
        users cb1_0 
            on cb1_0.id=cr1_0.created_by_id 
    where
        cr1_0.id=?
2026-05-04 15:28:16.309 [http-nio-8080-exec-2] DEBUG org.hibernate.SQL - 
    select
        cr1_0.id,
        cr1_0.created_at,
        cb1_0.id,
        cb1_0.created_at,
        cb1_0.display_name,
        cb1_0.email,
        cb1_0.last_seen,
        cb1_0.online,
        cb1_0.password_hash,
        cb1_0.username,
        cr1_0.description,
        cr1_0.name 
    from
        chat_rooms cr1_0 
    left join
        users cb1_0 
            on cb1_0.id=cr1_0.created_by_id 
    where
        cr1_0.id=?
2026-05-04 15:28:16.311 [http-nio-8080-exec-4] DEBUG org.hibernate.SQL - 
    select
        u1_0.id,
        u1_0.created_at,
        u1_0.display_name,
        u1_0.email,
        u1_0.last_seen,
        u1_0.online,
        u1_0.password_hash,
        u1_0.username 
    from
        users u1_0 
    where
        u1_0.id=?
2026-05-04 15:28:16.311 [http-nio-8080-exec-2] DEBUG org.hibernate.SQL - 
    select
        u1_0.id,
        u1_0.created_at,
        u1_0.display_name,
        u1_0.email,
        u1_0.last_seen,
        u1_0.online,
        u1_0.password_hash,
        u1_0.username 
    from
        users u1_0 
    where
        u1_0.id=?
2026-05-04 15:28:16.311 [http-nio-8080-exec-4] DEBUG o.e.c.controller.ChatRoomController - Retrieved chat room: room for the dummy
2026-05-04 15:28:16.312 [http-nio-8080-exec-2] DEBUG o.e.chat.service.ChatMessageService - Retrieved 6 messages for room ID: 2
2026-05-04 15:28:16.312 [http-nio-8080-exec-2] INFO  o.e.c.c.MessageHistoryController - Retrieved 6 messages for room ID: 2
2026-05-04 15:28:16.326 [http-nio-8080-exec-1] DEBUG org.hibernate.SQL - 
    select
        cr1_0.id,
        cr1_0.created_at,
        cb1_0.id,
        cb1_0.created_at,
        cb1_0.display_name,
        cb1_0.email,
        cb1_0.last_seen,
        cb1_0.online,
        cb1_0.password_hash,
        cb1_0.username,
        cr1_0.description,
        cr1_0.name 
    from
        chat_rooms cr1_0 
    left join
        users cb1_0 
            on cb1_0.id=cr1_0.created_by_id 
    where
        cr1_0.id=?
2026-05-04 15:28:16.330 [http-nio-8080-exec-1] DEBUG org.hibernate.SQL - 
    select
        u1_0.id,
        u1_0.created_at,
        u1_0.display_name,
        u1_0.email,
        u1_0.last_seen,
        u1_0.online,
        u1_0.password_hash,
        u1_0.username 
    from
        users u1_0 
    where
        u1_0.id=?
2026-05-04 15:28:16.332 [http-nio-8080-exec-1] DEBUG o.e.chat.service.ChatMessageService - Retrieved 6 messages for room ID: 2
2026-05-04 15:28:16.333 [http-nio-8080-exec-1] INFO  o.e.c.c.MessageHistoryController - Retrieved 6 messages for room ID: 2
2026-05-04 15:28:29.744 [http-nio-8080-exec-7] INFO  o.e.c.l.WebSocketEventListener - User disconnected: nics1928
2026-05-04 15:28:29.747 [http-nio-8080-exec-7] DEBUG org.hibernate.SQL - 
    /* <criteria> */ select
        u1_0.id,
        u1_0.created_at,
        u1_0.display_name,
        u1_0.email,
        u1_0.last_seen,
        u1_0.online,
        u1_0.password_hash,
        u1_0.username 
    from
        users u1_0 
    where
        u1_0.username=?
2026-05-04 15:28:29.750 [http-nio-8080-exec-7] INFO  o.e.chat.service.UserPresenceService - Marking user ID: 3 as offline
2026-05-04 15:28:29.750 [http-nio-8080-exec-7] DEBUG org.hibernate.SQL - 
    select
        u1_0.id,
        u1_0.created_at,
        u1_0.display_name,
        u1_0.email,
        u1_0.last_seen,
        u1_0.online,
        u1_0.password_hash,
        u1_0.username 
    from
        users u1_0 
    where
        u1_0.id=?
2026-05-04 15:28:29.753 [http-nio-8080-exec-7] INFO  o.e.chat.service.UserPresenceService - User ID: 3 marked as offline at 2026-05-04T15:28:29.752388800
2026-05-04 15:28:29.753 [http-nio-8080-exec-7] DEBUG o.e.chat.service.UserPresenceService - Publishing presence update for user ID: 3
2026-05-04 15:28:29.756 [http-nio-8080-exec-7] DEBUG org.hibernate.SQL - 
    /* <criteria> */ select
        rm1_0.id,
        rm1_0.chat_room_id,
        rm1_0.joined_at,
        rm1_0.role,
        rm1_0.user_id 
    from
        room_memberships rm1_0 
    where
        rm1_0.user_id=?
2026-05-04 15:28:29.757 [http-nio-8080-exec-7] DEBUG org.hibernate.SQL - 
    select
        cr1_0.id,
        cr1_0.created_at,
        cb1_0.id,
        cb1_0.created_at,
        cb1_0.display_name,
        cb1_0.email,
        cb1_0.last_seen,
        cb1_0.online,
        cb1_0.password_hash,
        cb1_0.username,
        cr1_0.description,
        cr1_0.name 
    from
        chat_rooms cr1_0 
    left join
        users cb1_0 
            on cb1_0.id=cr1_0.created_by_id 
    where
        cr1_0.id=?
2026-05-04 15:28:29.758 [http-nio-8080-exec-7] DEBUG o.e.chat.service.UserPresenceService - Sending presence update to topic: /topic/presence/2 for user: nics1928
2026-05-04 15:28:29.759 [http-nio-8080-exec-7] INFO  o.e.chat.service.UserPresenceService - Presence updates published for user ID: 3 to 1 rooms
2026-05-04 15:28:29.760 [http-nio-8080-exec-7] DEBUG org.hibernate.SQL - 
    /* update
        for org.example.chat.entity.User */update users 
    set
        created_at=?,
        display_name=?,
        email=?,
        last_seen=?,
        online=?,
        password_hash=?,
        username=? 
    where
        id=?
2026-05-04 15:28:31.462 [http-nio-8080-exec-6] DEBUG org.example.chat.security.JwtUtil - JWT token validated successfully
2026-05-04 15:28:31.475 [http-nio-8080-exec-6] DEBUG org.example.chat.security.JwtUtil - Extracted username from JWT token: nics1928
2026-05-04 15:28:31.479 [http-nio-8080-exec-6] DEBUG org.hibernate.SQL - 
    /* <criteria> */ select
        u1_0.id,
        u1_0.created_at,
        u1_0.display_name,
        u1_0.email,
        u1_0.last_seen,
        u1_0.online,
        u1_0.password_hash,
        u1_0.username 
    from
        users u1_0 
    where
        u1_0.username=?
2026-05-04 15:28:31.489 [http-nio-8080-exec-6] DEBUG o.e.c.s.JwtAuthenticationFilter - Set authentication for user: nics1928
2026-05-04 15:28:31.493 [http-nio-8080-exec-6] DEBUG o.e.c.controller.ChatRoomController - Retrieving all chat rooms
2026-05-04 15:28:31.493 [http-nio-8080-exec-6] DEBUG o.e.chat.service.ChatRoomService - Retrieving all chat rooms
2026-05-04 15:28:31.509 [http-nio-8080-exec-6] DEBUG org.hibernate.SQL - 
    /* <criteria> */ select
        cr1_0.id,
        cr1_0.created_at,
        cr1_0.created_by_id,
        cr1_0.description,
        cr1_0.name 
    from
        chat_rooms cr1_0
2026-05-04 15:28:31.519 [http-nio-8080-exec-6] DEBUG org.hibernate.SQL - 
    select
        u1_0.id,
        u1_0.created_at,
        u1_0.display_name,
        u1_0.email,
        u1_0.last_seen,
        u1_0.online,
        u1_0.password_hash,
        u1_0.username 
    from
        users u1_0 
    where
        u1_0.id=?
2026-05-04 15:28:31.522 [http-nio-8080-exec-6] DEBUG org.hibernate.SQL - 
    select
        u1_0.id,
        u1_0.created_at,
        u1_0.display_name,
        u1_0.email,
        u1_0.last_seen,
        u1_0.online,
        u1_0.password_hash,
        u1_0.username 
    from
        users u1_0 
    where
        u1_0.id=?
2026-05-04 15:28:31.530 [http-nio-8080-exec-6] DEBUG o.e.c.controller.ChatRoomController - Retrieved 2 chat rooms
2026-05-04 15:28:31.652 [http-nio-8080-exec-5] DEBUG org.example.chat.security.JwtUtil - JWT token validated successfully
2026-05-04 15:28:31.653 [http-nio-8080-exec-5] DEBUG org.example.chat.security.JwtUtil - Extracted username from JWT token: nics1928
2026-05-04 15:28:31.658 [http-nio-8080-exec-5] DEBUG org.hibernate.SQL - 
    /* <criteria> */ select
        u1_0.id,
        u1_0.created_at,
        u1_0.display_name,
        u1_0.email,
        u1_0.last_seen,
        u1_0.online,
        u1_0.password_hash,
        u1_0.username 
    from
        users u1_0 
    where
        u1_0.username=?
2026-05-04 15:28:31.662 [http-nio-8080-exec-5] DEBUG o.e.c.s.JwtAuthenticationFilter - Set authentication for user: nics1928
2026-05-04 15:28:31.665 [http-nio-8080-exec-5] DEBUG o.e.c.controller.ChatRoomController - Retrieving all chat rooms
2026-05-04 15:28:31.665 [http-nio-8080-exec-5] DEBUG o.e.chat.service.ChatRoomService - Retrieving all chat rooms
2026-05-04 15:28:31.668 [http-nio-8080-exec-5] DEBUG org.hibernate.SQL - 
    /* <criteria> */ select
        cr1_0.id,
        cr1_0.created_at,
        cr1_0.created_by_id,
        cr1_0.description,
        cr1_0.name 
    from
        chat_rooms cr1_0
2026-05-04 15:28:31.672 [http-nio-8080-exec-5] DEBUG org.hibernate.SQL - 
    select
        u1_0.id,
        u1_0.created_at,
        u1_0.display_name,
        u1_0.email,
        u1_0.last_seen,
        u1_0.online,
        u1_0.password_hash,
        u1_0.username 
    from
        users u1_0 
    where
        u1_0.id=?
2026-05-04 15:28:31.677 [http-nio-8080-exec-5] DEBUG org.hibernate.SQL - 
    select
        u1_0.id,
        u1_0.created_at,
        u1_0.display_name,
        u1_0.email,
        u1_0.last_seen,
        u1_0.online,
        u1_0.password_hash,
        u1_0.username 
    from
        users u1_0 
    where
        u1_0.id=?
2026-05-04 15:28:31.679 [http-nio-8080-exec-5] DEBUG o.e.c.controller.ChatRoomController - Retrieved 2 chat rooms
2026-05-04 15:28:31.807 [http-nio-8080-exec-8] DEBUG o.e.c.s.WebSocketAuthenticationInterceptor - Processing STOMP CONNECT frame
2026-05-04 15:28:31.811 [http-nio-8080-exec-8] DEBUG org.example.chat.security.JwtUtil - JWT token validated successfully
2026-05-04 15:28:31.820 [http-nio-8080-exec-8] DEBUG org.example.chat.security.JwtUtil - Extracted username from JWT token: nics1928
2026-05-04 15:28:31.821 [http-nio-8080-exec-8] DEBUG o.e.c.s.WebSocketAuthenticationInterceptor - Extracted username from JWT: nics1928
2026-05-04 15:28:31.824 [http-nio-8080-exec-8] DEBUG org.hibernate.SQL - 
    /* <criteria> */ select
        u1_0.id,
        u1_0.created_at,
        u1_0.display_name,
        u1_0.email,
        u1_0.last_seen,
        u1_0.online,
        u1_0.password_hash,
        u1_0.username 
    from
        users u1_0 
    where
        u1_0.username=?
2026-05-04 15:28:31.833 [http-nio-8080-exec-8] INFO  o.e.c.s.WebSocketAuthenticationInterceptor - WebSocket connection authenticated for user: nics1928
2026-05-04 15:28:31.835 [http-nio-8080-exec-8] INFO  o.e.c.l.WebSocketEventListener - User connected: nics1928
2026-05-04 15:28:31.839 [http-nio-8080-exec-8] DEBUG org.hibernate.SQL - 
    /* <criteria> */ select
        u1_0.id,
        u1_0.created_at,
        u1_0.display_name,
        u1_0.email,
        u1_0.last_seen,
        u1_0.online,
        u1_0.password_hash,
        u1_0.username 
    from
        users u1_0 
    where
        u1_0.username=?
2026-05-04 15:28:31.842 [http-nio-8080-exec-8] INFO  o.e.chat.service.UserPresenceService - Marking user ID: 3 as online
2026-05-04 15:28:31.844 [http-nio-8080-exec-8] DEBUG org.hibernate.SQL - 
    select
        u1_0.id,
        u1_0.created_at,
        u1_0.display_name,
        u1_0.email,
        u1_0.last_seen,
        u1_0.online,
        u1_0.password_hash,
        u1_0.username 
    from
        users u1_0 
    where
        u1_0.id=?
2026-05-04 15:28:31.845 [http-nio-8080-exec-8] INFO  o.e.chat.service.UserPresenceService - User ID: 3 marked as online at 2026-05-04T15:28:31.845870
2026-05-04 15:28:31.846 [http-nio-8080-exec-8] DEBUG o.e.chat.service.UserPresenceService - Publishing presence update for user ID: 3
2026-05-04 15:28:31.851 [http-nio-8080-exec-8] DEBUG org.hibernate.SQL - 
    /* <criteria> */ select
        rm1_0.id,
        rm1_0.chat_room_id,
        rm1_0.joined_at,
        rm1_0.role,
        rm1_0.user_id 
    from
        room_memberships rm1_0 
    where
        rm1_0.user_id=?
2026-05-04 15:28:31.852 [http-nio-8080-exec-8] DEBUG org.hibernate.SQL - 
    select
        cr1_0.id,
        cr1_0.created_at,
        cb1_0.id,
        cb1_0.created_at,
        cb1_0.display_name,
        cb1_0.email,
        cb1_0.last_seen,
        cb1_0.online,
        cb1_0.password_hash,
        cb1_0.username,
        cr1_0.description,
        cr1_0.name 
    from
        chat_rooms cr1_0 
    left join
        users cb1_0 
            on cb1_0.id=cr1_0.created_by_id 
    where
        cr1_0.id=?
2026-05-04 15:28:31.855 [http-nio-8080-exec-8] DEBUG o.e.chat.service.UserPresenceService - Sending presence update to topic: /topic/presence/2 for user: nics1928
2026-05-04 15:28:31.859 [http-nio-8080-exec-8] INFO  o.e.chat.service.UserPresenceService - Presence updates published for user ID: 3 to 1 rooms
2026-05-04 15:28:31.863 [http-nio-8080-exec-8] DEBUG org.hibernate.SQL - 
    /* update
        for org.example.chat.entity.User */update users 
    set
        created_at=?,
        display_name=?,
        email=?,
        last_seen=?,
        online=?,
        password_hash=?,
        username=? 
    where
        id=?
2026-05-04 15:28:32.061 [http-nio-8080-exec-7] DEBUG org.example.chat.security.JwtUtil - JWT token validated successfully
2026-05-04 15:28:32.065 [http-nio-8080-exec-3] DEBUG org.example.chat.security.JwtUtil - JWT token validated successfully
2026-05-04 15:28:32.068 [http-nio-8080-exec-3] DEBUG org.example.chat.security.JwtUtil - Extracted username from JWT token: nics1928
2026-05-04 15:28:32.071 [http-nio-8080-exec-7] DEBUG org.example.chat.security.JwtUtil - Extracted username from JWT token: nics1928
2026-05-04 15:28:32.073 [http-nio-8080-exec-3] DEBUG org.hibernate.SQL - 
    /* <criteria> */ select
        u1_0.id,
        u1_0.created_at,
        u1_0.display_name,
        u1_0.email,
        u1_0.last_seen,
        u1_0.online,
        u1_0.password_hash,
        u1_0.username 
    from
        users u1_0 
    where
        u1_0.username=?
2026-05-04 15:28:32.076 [http-nio-8080-exec-7] DEBUG org.hibernate.SQL - 
    /* <criteria> */ select
        u1_0.id,
        u1_0.created_at,
        u1_0.display_name,
        u1_0.email,
        u1_0.last_seen,
        u1_0.online,
        u1_0.password_hash,
        u1_0.username 
    from
        users u1_0 
    where
        u1_0.username=?
2026-05-04 15:28:32.079 [http-nio-8080-exec-3] DEBUG o.e.c.s.JwtAuthenticationFilter - Set authentication for user: nics1928
2026-05-04 15:28:32.080 [http-nio-8080-exec-7] DEBUG o.e.c.s.JwtAuthenticationFilter - Set authentication for user: nics1928
2026-05-04 15:28:32.083 [http-nio-8080-exec-3] DEBUG o.e.chat.controller.FriendController - Listing friends for nics1928
2026-05-04 15:28:32.090 [http-nio-8080-exec-3] DEBUG org.hibernate.SQL - 
    /* <criteria> */ select
        u1_0.id,
        u1_0.created_at,
        u1_0.display_name,
        u1_0.email,
        u1_0.last_seen,
        u1_0.online,
        u1_0.password_hash,
        u1_0.username 
    from
        users u1_0 
    where
        u1_0.username=?
2026-05-04 15:28:32.097 [http-nio-8080-exec-7] DEBUG o.e.chat.controller.FriendController - Listing friend requests for nics1928
2026-05-04 15:28:32.100 [http-nio-8080-exec-7] DEBUG org.hibernate.SQL - 
    /* <criteria> */ select
        u1_0.id,
        u1_0.created_at,
        u1_0.display_name,
        u1_0.email,
        u1_0.last_seen,
        u1_0.online,
        u1_0.password_hash,
        u1_0.username 
    from
        users u1_0 
    where
        u1_0.username=?
2026-05-04 15:28:32.109 [http-nio-8080-exec-3] DEBUG org.hibernate.SQL - 
    /* <criteria> */ select
        f1_0.id,
        f1_0.created_at,
        f1_0.user_a_id,
        f1_0.user_b_id 
    from
        friendships f1_0 
    where
        f1_0.user_a_id=? 
        or f1_0.user_b_id=?
2026-05-04 15:28:32.113 [http-nio-8080-exec-7] DEBUG org.hibernate.SQL - 
    /* <criteria> */ select
        fr1_0.id,
        fr1_0.created_at,
        fr1_0.recipient_id,
        fr1_0.requester_id,
        fr1_0.responded_at,
        fr1_0.status 
    from
        friend_requests fr1_0 
    where
        fr1_0.recipient_id=? 
        and fr1_0.status=?
2026-05-04 15:28:32.115 [http-nio-8080-exec-3] DEBUG org.hibernate.SQL - 
    select
        u1_0.id,
        u1_0.created_at,
        u1_0.display_name,
        u1_0.email,
        u1_0.last_seen,
        u1_0.online,
        u1_0.password_hash,
        u1_0.username 
    from
        users u1_0 
    where
        u1_0.id=?
2026-05-04 15:28:32.116 [http-nio-8080-exec-3] DEBUG org.hibernate.SQL - 
    select
        u1_0.id,
        u1_0.created_at,
        u1_0.display_name,
        u1_0.email,
        u1_0.last_seen,
        u1_0.online,
        u1_0.password_hash,
        u1_0.username 
    from
        users u1_0 
    where
        u1_0.id=?
2026-05-04 15:28:32.121 [http-nio-8080-exec-7] DEBUG org.hibernate.SQL - 
    /* <criteria> */ select
        fr1_0.id,
        fr1_0.created_at,
        fr1_0.recipient_id,
        fr1_0.requester_id,
        fr1_0.responded_at,
        fr1_0.status 
    from
        friend_requests fr1_0 
    where
        fr1_0.requester_id=? 
        and fr1_0.status=?
2026-05-04 15:28:32.150 [http-nio-8080-exec-9] DEBUG org.example.chat.security.JwtUtil - JWT token validated successfully
2026-05-04 15:28:32.150 [http-nio-8080-exec-6] DEBUG org.example.chat.security.JwtUtil - JWT token validated successfully
2026-05-04 15:28:32.152 [http-nio-8080-exec-9] DEBUG org.example.chat.security.JwtUtil - Extracted username from JWT token: nics1928
2026-05-04 15:28:32.151 [http-nio-8080-exec-6] DEBUG org.example.chat.security.JwtUtil - Extracted username from JWT token: nics1928
2026-05-04 15:28:32.153 [http-nio-8080-exec-9] DEBUG org.hibernate.SQL - 
    /* <criteria> */ select
        u1_0.id,
        u1_0.created_at,
        u1_0.display_name,
        u1_0.email,
        u1_0.last_seen,
        u1_0.online,
        u1_0.password_hash,
        u1_0.username 
    from
        users u1_0 
    where
        u1_0.username=?
2026-05-04 15:28:32.154 [http-nio-8080-exec-6] DEBUG org.hibernate.SQL - 
    /* <criteria> */ select
        u1_0.id,
        u1_0.created_at,
        u1_0.display_name,
        u1_0.email,
        u1_0.last_seen,
        u1_0.online,
        u1_0.password_hash,
        u1_0.username 
    from
        users u1_0 
    where
        u1_0.username=?
2026-05-04 15:28:32.155 [http-nio-8080-exec-9] DEBUG o.e.c.s.JwtAuthenticationFilter - Set authentication for user: nics1928
2026-05-04 15:28:32.155 [http-nio-8080-exec-6] DEBUG o.e.c.s.JwtAuthenticationFilter - Set authentication for user: nics1928
2026-05-04 15:28:32.156 [http-nio-8080-exec-6] DEBUG o.e.chat.controller.FriendController - Listing friend requests for nics1928
2026-05-04 15:28:32.156 [http-nio-8080-exec-9] DEBUG o.e.chat.controller.FriendController - Listing friends for nics1928
2026-05-04 15:28:32.158 [http-nio-8080-exec-9] DEBUG org.hibernate.SQL - 
    /* <criteria> */ select
        u1_0.id,
        u1_0.created_at,
        u1_0.display_name,
        u1_0.email,
        u1_0.last_seen,
        u1_0.online,
        u1_0.password_hash,
        u1_0.username 
    from
        users u1_0 
    where
        u1_0.username=?
2026-05-04 15:28:32.158 [http-nio-8080-exec-6] DEBUG org.hibernate.SQL - 
    /* <criteria> */ select
        u1_0.id,
        u1_0.created_at,
        u1_0.display_name,
        u1_0.email,
        u1_0.last_seen,
        u1_0.online,
        u1_0.password_hash,
        u1_0.username 
    from
        users u1_0 
    where
        u1_0.username=?
2026-05-04 15:28:32.161 [http-nio-8080-exec-9] DEBUG org.hibernate.SQL - 
    /* <criteria> */ select
        f1_0.id,
        f1_0.created_at,
        f1_0.user_a_id,
        f1_0.user_b_id 
    from
        friendships f1_0 
    where
        f1_0.user_a_id=? 
        or f1_0.user_b_id=?
2026-05-04 15:28:32.162 [http-nio-8080-exec-6] DEBUG org.hibernate.SQL - 
    /* <criteria> */ select
        fr1_0.id,
        fr1_0.created_at,
        fr1_0.recipient_id,
        fr1_0.requester_id,
        fr1_0.responded_at,
        fr1_0.status 
    from
        friend_requests fr1_0 
    where
        fr1_0.recipient_id=? 
        and fr1_0.status=?
2026-05-04 15:28:32.165 [http-nio-8080-exec-9] DEBUG org.hibernate.SQL - 
    select
        u1_0.id,
        u1_0.created_at,
        u1_0.display_name,
        u1_0.email,
        u1_0.last_seen,
        u1_0.online,
        u1_0.password_hash,
        u1_0.username 
    from
        users u1_0 
    where
        u1_0.id=?
2026-05-04 15:28:32.166 [http-nio-8080-exec-6] DEBUG org.hibernate.SQL - 
    /* <criteria> */ select
        fr1_0.id,
        fr1_0.created_at,
        fr1_0.recipient_id,
        fr1_0.requester_id,
        fr1_0.responded_at,
        fr1_0.status 
    from
        friend_requests fr1_0 
    where
        fr1_0.requester_id=? 
        and fr1_0.status=?
2026-05-04 15:28:32.166 [http-nio-8080-exec-9] DEBUG org.hibernate.SQL - 
    select
        u1_0.id,
        u1_0.created_at,
        u1_0.display_name,
        u1_0.email,
        u1_0.last_seen,
        u1_0.online,
        u1_0.password_hash,
        u1_0.username 
    from
        users u1_0 
    where
        u1_0.id=?
2026-05-04 15:33:53.975 [http-nio-8080-exec-10] INFO  o.e.c.l.WebSocketEventListener - User disconnected: nics1928
2026-05-04 15:33:54.422 [http-nio-8080-exec-10] DEBUG org.hibernate.SQL - 
    /* <criteria> */ select
        u1_0.id,
        u1_0.created_at,
        u1_0.display_name,
        u1_0.email,
        u1_0.last_seen,
        u1_0.online,
        u1_0.password_hash,
        u1_0.username 
    from
        users u1_0 
    where
        u1_0.username=?
2026-05-04 15:33:54.728 [http-nio-8080-exec-10] INFO  o.e.chat.service.UserPresenceService - Marking user ID: 3 as offline
2026-05-04 15:33:54.779 [http-nio-8080-exec-10] DEBUG org.hibernate.SQL - 
    select
        u1_0.id,
        u1_0.created_at,
        u1_0.display_name,
        u1_0.email,
        u1_0.last_seen,
        u1_0.online,
        u1_0.password_hash,
        u1_0.username 
    from
        users u1_0 
    where
        u1_0.id=?
2026-05-04 15:33:54.924 [http-nio-8080-exec-10] INFO  o.e.chat.service.UserPresenceService - User ID: 3 marked as offline at 2026-05-04T15:33:54.805868700
2026-05-04 15:33:54.931 [http-nio-8080-exec-10] DEBUG o.e.chat.service.UserPresenceService - Publishing presence update for user ID: 3
2026-05-04 15:33:55.003 [http-nio-8080-exec-10] DEBUG org.hibernate.SQL - 
    /* <criteria> */ select
        rm1_0.id,
        rm1_0.chat_room_id,
        rm1_0.joined_at,
        rm1_0.role,
        rm1_0.user_id 
    from
        room_memberships rm1_0 
    where
        rm1_0.user_id=?
2026-05-04 15:33:55.033 [http-nio-8080-exec-10] DEBUG org.hibernate.SQL - 
    select
        cr1_0.id,
        cr1_0.created_at,
        cb1_0.id,
        cb1_0.created_at,
        cb1_0.display_name,
        cb1_0.email,
        cb1_0.last_seen,
        cb1_0.online,
        cb1_0.password_hash,
        cb1_0.username,
        cr1_0.description,
        cr1_0.name 
    from
        chat_rooms cr1_0 
    left join
        users cb1_0 
            on cb1_0.id=cr1_0.created_by_id 
    where
        cr1_0.id=?
2026-05-04 15:33:55.058 [http-nio-8080-exec-10] DEBUG o.e.chat.service.UserPresenceService - Sending presence update to topic: /topic/presence/2 for user: nics1928
2026-05-04 15:33:55.117 [http-nio-8080-exec-10] INFO  o.e.chat.service.UserPresenceService - Presence updates published for user ID: 3 to 1 rooms
2026-05-04 15:33:55.200 [http-nio-8080-exec-10] DEBUG org.hibernate.SQL - 
    /* update
        for org.example.chat.entity.User */update users 
    set
        created_at=?,
        display_name=?,
        email=?,
        last_seen=?,
        online=?,
        password_hash=?,
        username=? 
    where
        id=?
2026-05-04 15:36:09.259 [MessageBroker-1] INFO  o.s.w.s.c.WebSocketMessageBrokerStats - WebSocketSession[0 current WS(0)-HttpStream(0)-HttpPoll(0), 8 total, 0 closed abnormally (0 connect failure, 0 send limit, 0 transport error)], stompSubProtocol[processed CONNECT(8)-CONNECTED(8)-DISCONNECT(1)], stompBrokerRelay[null], inboundChannel[pool size = 0, active threads = 0, queued tasks = 0, completed tasks = 183], outboundChannel[pool size = 0, active threads = 0, queued tasks = 0, completed tasks = 49], sockJsScheduler[pool size = 8, active threads = 1, queued tasks = 1, completed tasks = 380]
2026-05-04 16:06:09.429 [MessageBroker-6] INFO  o.s.w.s.c.WebSocketMessageBrokerStats - WebSocketSession[0 current WS(0)-HttpStream(0)-HttpPoll(0), 8 total, 0 closed abnormally (0 connect failure, 0 send limit, 0 transport error)], stompSubProtocol[processed CONNECT(8)-CONNECTED(8)-DISCONNECT(1)], stompBrokerRelay[null], inboundChannel[pool size = 0, active threads = 0, queued tasks = 0, completed tasks = 183], outboundChannel[pool size = 0, active threads = 0, queued tasks = 0, completed tasks = 49], sockJsScheduler[pool size = 8, active threads = 1, queued tasks = 1, completed tasks = 741]
2026-05-04 16:36:09.533 [MessageBroker-7] INFO  o.s.w.s.c.WebSocketMessageBrokerStats - WebSocketSession[0 current WS(0)-HttpStream(0)-HttpPoll(0), 8 total, 0 closed abnormally (0 connect failure, 0 send limit, 0 transport error)], stompSubProtocol[processed CONNECT(8)-CONNECTED(8)-DISCONNECT(1)], stompBrokerRelay[null], inboundChannel[pool size = 0, active threads = 0, queued tasks = 0, completed tasks = 183], outboundChannel[pool size = 0, active threads = 0, queued tasks = 0, completed tasks = 49], sockJsScheduler[pool size = 8, active threads = 1, queued tasks = 1, completed tasks = 1102]
2026-05-04 17:06:09.654 [MessageBroker-5] INFO  o.s.w.s.c.WebSocketMessageBrokerStats - WebSocketSession[0 current WS(0)-HttpStream(0)-HttpPoll(0), 8 total, 0 closed abnormally (0 connect failure, 0 send limit, 0 transport error)], stompSubProtocol[processed CONNECT(8)-CONNECTED(8)-DISCONNECT(1)], stompBrokerRelay[null], inboundChannel[pool size = 0, active threads = 0, queued tasks = 0, completed tasks = 183], outboundChannel[pool size = 0, active threads = 0, queued tasks = 0, completed tasks = 49], sockJsScheduler[pool size = 8, active threads = 1, queued tasks = 1, completed tasks = 1464]
2026-05-04 17:36:10.956 [MessageBroker-4] INFO  o.s.w.s.c.WebSocketMessageBrokerStats - WebSocketSession[0 current WS(0)-HttpStream(0)-HttpPoll(0), 8 total, 0 closed abnormally (0 connect failure, 0 send limit, 0 transport error)], stompSubProtocol[processed CONNECT(8)-CONNECTED(8)-DISCONNECT(1)], stompBrokerRelay[null], inboundChannel[pool size = 0, active threads = 0, queued tasks = 0, completed tasks = 183], outboundChannel[pool size = 0, active threads = 0, queued tasks = 0, completed tasks = 49], sockJsScheduler[pool size = 8, active threads = 1, queued tasks = 1, completed tasks = 1825]
2026-05-04 18:06:11.004 [MessageBroker-6] INFO  o.s.w.s.c.WebSocketMessageBrokerStats - WebSocketSession[0 current WS(0)-HttpStream(0)-HttpPoll(0), 8 total, 0 closed abnormally (0 connect failure, 0 send limit, 0 transport error)], stompSubProtocol[processed CONNECT(8)-CONNECTED(8)-DISCONNECT(1)], stompBrokerRelay[null], inboundChannel[pool size = 0, active threads = 0, queued tasks = 0, completed tasks = 183], outboundChannel[pool size = 0, active threads = 0, queued tasks = 0, completed tasks = 49], sockJsScheduler[pool size = 8, active threads = 1, queued tasks = 1, completed tasks = 2186]
